#pragma once
/*
    #version:1# (machine generated, don't edit!)

    Generated by sokol-shdc (https://github.com/floooh/sokol-tools)

    Cmdline:
        sokol-shdc --input shader.glsl --output shader.glsl.h --slang glsl430:hlsl5:metal_macos:glsl300es:wgsl

    Overview:
    =========
    Shader program: 'shader':
        Get shader desc: shader_shader_desc(sg_query_backend());
        Vertex Shader: vs
        Fragment Shader: fs
        Attributes:
            ATTR_shader_position => 0
    Bindings:
        Uniform block 'vs_params':
            C struct: vs_params_t
            Bind slot: UB_vs_params => 0
        Uniform block 'fs_params':
            C struct: fs_params_t
            Bind slot: UB_fs_params => 1
        Storage buffer 'original_sdf_buffer':
            C struct: sdf_shape_t
            Bind slot: VIEW_original_sdf_buffer => 0
            Readonly: true
        Storage buffer 'decomposed_sdf_buffer':
            C struct: sdf_shape_t
            Bind slot: VIEW_decomposed_sdf_buffer => 1
            Readonly: true
*/
#if !defined(SOKOL_GFX_INCLUDED)
#error "Please include sokol_gfx.h before shader.glsl.h"
#endif
#if !defined(SOKOL_SHDC_ALIGN)
#if defined(_MSC_VER)
#define SOKOL_SHDC_ALIGN(a) __declspec(align(a))
#else
#define SOKOL_SHDC_ALIGN(a) __attribute__((aligned(a)))
#endif
#endif
#define ATTR_shader_position (0)
#define UB_vs_params (0)
#define UB_fs_params (1)
#define VIEW_original_sdf_buffer (0)
#define VIEW_decomposed_sdf_buffer (1)
#pragma pack(push,1)
SOKOL_SHDC_ALIGN(16) typedef struct vs_params_t {
    float aspect;
    uint8_t _pad_4[12];
} vs_params_t;
#pragma pack(pop)
#pragma pack(push,1)
SOKOL_SHDC_ALIGN(16) typedef struct fs_params_t {
    int original_sdf_count;
    int decomposed_sdf_count;
    vec2_t camera_position;
    float camera_zoom;
    uint8_t _pad_20[12];
} fs_params_t;
#pragma pack(pop)
#pragma pack(push,1)
SOKOL_SHDC_ALIGN(8) typedef struct sdf_shape_t {
    vec2_t position;
    float angle;
    int32_t shape_type;
    vec2_t size;
    int32_t _pad0;
    int32_t _pad1;
} sdf_shape_t;
#pragma pack(pop)
/*
    #version 430

    uniform vec4 vs_params[1];
    layout(location = 0) in vec4 position;
    layout(location = 0) out vec2 pos;

    void main()
    {
        gl_Position = position;
        pos.x = position.x * vs_params[0].x;
        pos.y = position.y;
    }

*/
static const uint8_t vs_source_glsl430[227] = {
    0x23,0x76,0x65,0x72,0x73,0x69,0x6f,0x6e,0x20,0x34,0x33,0x30,0x0a,0x0a,0x75,0x6e,
    0x69,0x66,0x6f,0x72,0x6d,0x20,0x76,0x65,0x63,0x34,0x20,0x76,0x73,0x5f,0x70,0x61,
    0x72,0x61,0x6d,0x73,0x5b,0x31,0x5d,0x3b,0x0a,0x6c,0x61,0x79,0x6f,0x75,0x74,0x28,
    0x6c,0x6f,0x63,0x61,0x74,0x69,0x6f,0x6e,0x20,0x3d,0x20,0x30,0x29,0x20,0x69,0x6e,
    0x20,0x76,0x65,0x63,0x34,0x20,0x70,0x6f,0x73,0x69,0x74,0x69,0x6f,0x6e,0x3b,0x0a,
    0x6c,0x61,0x79,0x6f,0x75,0x74,0x28,0x6c,0x6f,0x63,0x61,0x74,0x69,0x6f,0x6e,0x20,
    0x3d,0x20,0x30,0x29,0x20,0x6f,0x75,0x74,0x20,0x76,0x65,0x63,0x32,0x20,0x70,0x6f,
    0x73,0x3b,0x0a,0x0a,0x76,0x6f,0x69,0x64,0x20,0x6d,0x61,0x69,0x6e,0x28,0x29,0x0a,
    0x7b,0x0a,0x20,0x20,0x20,0x20,0x67,0x6c,0x5f,0x50,0x6f,0x73,0x69,0x74,0x69,0x6f,
    0x6e,0x20,0x3d,0x20,0x70,0x6f,0x73,0x69,0x74,0x69,0x6f,0x6e,0x3b,0x0a,0x20,0x20,
    0x20,0x20,0x70,0x6f,0x73,0x2e,0x78,0x20,0x3d,0x20,0x70,0x6f,0x73,0x69,0x74,0x69,
    0x6f,0x6e,0x2e,0x78,0x20,0x2a,0x20,0x76,0x73,0x5f,0x70,0x61,0x72,0x61,0x6d,0x73,
    0x5b,0x30,0x5d,0x2e,0x78,0x3b,0x0a,0x20,0x20,0x20,0x20,0x70,0x6f,0x73,0x2e,0x79,
    0x20,0x3d,0x20,0x70,0x6f,0x73,0x69,0x74,0x69,0x6f,0x6e,0x2e,0x79,0x3b,0x0a,0x7d,
    0x0a,0x0a,0x00,
};
/*
    #version 430

    struct sdf_shape
    {
        vec2 position;
        float angle;
        int shape_type;
        vec2 size;
        int _pad0;
        int _pad1;
    };

    struct fs_params
    {
        int original_sdf_count;
        int decomposed_sdf_count;
        vec2 camera_position;
        float camera_zoom;
    };

    uniform fs_params _88;

    layout(binding = 0, std430) readonly buffer original_sdf_buffer
    {
        sdf_shape original_sdf_shapes[];
    } _415;

    layout(binding = 1, std430) readonly buffer decomposed_sdf_buffer
    {
        sdf_shape decomposed_sdf_shapes[];
    } _460;

    layout(location = 0) in vec2 pos;
    layout(location = 0) out vec4 frag_color;

    vec2 sdf_rotate(vec2 p, float angle)
    {
        float _66 = cos(angle);
        float _69 = sin(angle);
        return mat2(vec2(_66, -_69), vec2(_69, _66)) * p;
    }

    vec2 sdf_transform(vec2 p, vec2 position, float angle)
    {
        vec2 param = ((p * _88.camera_zoom) - position) - _88.camera_position;
        float param_1 = angle;
        return sdf_rotate(param, param_1);
    }

    float de_circle(vec2 p, float r)
    {
        return length(p) - r;
    }

    float de_box(vec2 p, vec2 b)
    {
        vec2 _117 = abs(p) - b;
        return length(max(_117, vec2(0.0))) + min(max(_117.x, _117.y), 0.0);
    }

    float de_eq_triangle(inout vec2 p, float r)
    {
        p.x = abs(p.x) - r;
        p.y += (r * 0.57735025882720947265625);
        if ((p.x + (1.73205077648162841796875 * p.y)) > 0.0)
        {
            p = vec2(p.x - (1.73205077648162841796875 * p.y), ((-1.73205077648162841796875) * p.x) - p.y) * vec2(0.5);
        }
        p.x -= clamp(p.x, (-2.0) * r, 0.0);
        return (-length(p)) * sign(p.y);
    }

    float de_pentagram(inout vec2 p, float r)
    {
        p.x = abs(p.x);
        p -= (vec2(0.809017002582550048828125, -0.587785243988037109375) * (2.0 * max(dot(vec2(0.809017002582550048828125, -0.587785243988037109375), p), 0.0)));
        p -= (vec2(-0.809017002582550048828125, -0.587785243988037109375) * (2.0 * max(dot(vec2(-0.809017002582550048828125, -0.587785243988037109375), p), 0.0)));
        p.x = abs(p.x);
        p.y -= r;
        return length(p - (vec2(0.309017002582550048828125, -0.951056540012359619140625) * clamp(dot(p, vec2(0.309017002582550048828125, -0.951056540012359619140625)), 0.0, 0.726542532444000244140625 * r))) * sign((p.y * 0.309017002582550048828125) - (p.x * (-0.951056540012359619140625)));
    }

    float de_horseshoe(inout vec2 p, vec2 c, float r, vec2 w)
    {
        p.x = abs(p.x);
        vec2 _254 = p;
        float _255 = length(_254);
        p = mat2(vec2(-c.x, c.y), vec2(c.y, c.x)) * p;
        bool _272 = p.y > 0.0;
        bool _279;
        if (!_272)
        {
            _279 = p.x > 0.0;
        }
        else
        {
            _279 = _272;
        }
        float _280;
        if (_279)
        {
            _280 = p.x;
        }
        else
        {
            _280 = _255 * sign(-c.x);
        }
        float _296;
        if (p.x > 0.0)
        {
            _296 = p.y;
        }
        else
        {
            _296 = _255;
        }
        p = vec2(_280, _296);
        p = vec2(p.x, abs(p.y - r)) - w;
        return length(max(p, vec2(0.0))) + min(0.0, max(p.x, p.y));
    }

    float sdf_get_shape_dist(inout vec2 p, sdf_shape shape)
    {
        vec2 param = p;
        vec2 param_1 = shape.position;
        float param_2 = shape.angle;
        p = sdf_transform(param, param_1, param_2);
        float d = 256.0;
        switch (shape.shape_type)
        {
            case 0:
            {
                break;
            }
            case 1:
            {
                vec2 param_3 = p;
                float param_4 = shape.size.x;
                d = de_circle(param_3, param_4);
                break;
            }
            case 2:
            {
                vec2 param_5 = p;
                vec2 param_6 = shape.size;
                d = de_box(param_5, param_6);
                break;
            }
            case 3:
            {
                vec2 param_7 = p;
                float param_8 = shape.size.x;
                float _371 = de_eq_triangle(param_7, param_8);
                d = _371;
                break;
            }
            case 4:
            {
                vec2 param_9 = p;
                float param_10 = shape.size.x;
                float _378 = de_pentagram(param_9, param_10);
                d = _378;
                break;
            }
            case 5:
            {
                vec2 param_11 = p;
                vec2 param_12 = vec2(0.19866932928562164306640625, 0.980066597461700439453125);
                float param_13 = 0.5;
                vec2 param_14 = vec2(0.300000011920928955078125, 0.100000001490116119384765625);
                float _392 = de_horseshoe(param_11, param_12, param_13, param_14);
                d = _392;
                break;
            }
        }
        return d;
    }

    float de_scene(vec2 p)
    {
        float d = 256.0;
        for (int i = 0; i < _88.original_sdf_count; i++)
        {
            vec2 param = p;
            sdf_shape param_1 = sdf_shape(_415.original_sdf_shapes[i].position, _415.original_sdf_shapes[i].angle, _415.original_sdf_shapes[i].shape_type, _415.original_sdf_shapes[i].size, _415.original_sdf_shapes[i]._pad0, _415.original_sdf_shapes[i]._pad1);
            float _439 = sdf_get_shape_dist(param, param_1);
            d = min(d, _439);
        }
        float d_decomposed = 256.0;
        for (int i_1 = 0; i_1 < _88.decomposed_sdf_count; i_1++)
        {
            vec2 param_2 = p;
            sdf_shape param_3 = sdf_shape(_460.decomposed_sdf_shapes[i_1].position, _460.decomposed_sdf_shapes[i_1].angle, _460.decomposed_sdf_shapes[i_1].shape_type, _460.decomposed_sdf_shapes[i_1].size, _460.decomposed_sdf_shapes[i_1]._pad0, _460.decomposed_sdf_shapes[i_1]._pad1);
            float _481 = sdf_get_shape_dist(param_2, param_3);
            d_decomposed = min(d_decomposed, _481);
        }
        return max(d, -d_decomposed);
    }

    float get_shadow(float d, float shadow_max, float shadow_opacity)
    {
        return ((clamp(abs(d), 0.0, shadow_max) * (1.0 / shadow_max)) * shadow_opacity) + (1.0 - shadow_opacity);
    }

    void main()
    {
        vec2 param = pos;
        float _514 = de_scene(param);
        vec3 color = vec3(1.0);
        bool _540 = _514 > 0.001000000047497451305389404296875;
        bool _548;
        if (!_540)
        {
            _548 = _514 < (-0.001000000047497451305389404296875);
        }
        else
        {
            _548 = _540;
        }
        if (_548)
        {
            float _559 = 1.0 - ((sin(_514 * 512.0) + 1.0) * 0.100000001490116119384765625);
            float param_1 = _514;
            float param_2 = 0.0500000007450580596923828125;
            float param_3 = 0.5;
            float _566 = get_shadow(param_1, param_2, param_3);
            if (_540)
            {
                float param_4 = _514;
                float param_5 = 0.25;
                float param_6 = 1.0;
                float _578 = get_shadow(param_4, param_5, param_6);
                color = (((vec3(0.97200000286102294921875, 0.976000010967254638671875, 0.987999975681304931640625) * _559) * (1.0 - _578)) + (vec3(0.97200000286102294921875, 0.976000010967254638671875, 0.987999975681304931640625) * _578)) * _566;
            }
            if (_514 < (-0.001000000047497451305389404296875))
            {
                color = (vec3(1.0, 0.4900000095367431640625, 0.589999973773956298828125) * _559) * _566;
            }
        }
        frag_color = vec4(color, 1.0);
    }

*/
static const uint8_t fs_source_glsl430[6864] = {
    0x23,0x76,0x65,0x72,0x73,0x69,0x6f,0x6e,0x20,0x34,0x33,0x30,0x0a,0x0a,0x73,0x74,
    0x72,0x75,0x63,0x74,0x20,0x73,0x64,0x66,0x5f,0x73,0x68,0x61,0x70,0x65,0x0a,0x7b,
    0x0a,0x20,0x20,0x20,0x20,0x76,0x65,0x63,0x32,0x20,0x70,0x6f,0x73,0x69,0x74,0x69,
    0x6f,0x6e,0x3b,0x0a,0x20,0x20,0x20,0x20,0x66,0x6c,0x6f,0x61,0x74,0x20,0x61,0x6e,
    0x67,0x6c,0x65,0x3b,0x0a,0x20,0x20,0x20,0x20,0x69,0x6e,0x74,0x20,0x73,0x68,0x61,
    0x70,0x65,0x5f,0x74,0x79,0x70,0x65,0x3b,0x0a,0x20,0x20,0x20,0x20,0x76,0x65,0x63,
    0x32,0x20,0x73,0x69,0x7a,0x65,0x3b,0x0a,0x20,0x20,0x20,0x20,0x69,0x6e,0x74,0x20,
    0x5f,0x70,0x61,0x64,0x30,0x3b,0x0a,0x20,0x20,0x20,0x20,0x69,0x6e,0x74,0x20,0x5f,
    0x70,0x61,0x64,0x31,0x3b,0x0a,0x7d,0x3b,0x0a,0x0a,0x73,0x74,0x72,0x75,0x63,0x74,
    0x20,0x66,0x73,0x5f,0x70,0x61,0x72,0x61,0x6d,0x73,0x0a,0x7b,0x0a,0x20,0x20,0x20,
    0x20,0x69,0x6e,0x74,0x20,0x6f,0x72,0x69,0x67,0x69,0x6e,0x61,0x6c,0x5f,0x73,0x64,
    0x66,0x5f,0x63,0x6f,0x75,0x6e,0x74,0x3b,0x0a,0x20,0x20,0x20,0x20,0x69,0x6e,0x74,
    0x20,0x64,0x65,0x63,0x6f,0x6d,0x70,0x6f,0x73,0x65,0x64,0x5f,0x73,0x64,0x66,0x5f,
    0x63,0x6f,0x75,0x6e,0x74,0x3b,0x0a,0x20,0x20,0x20,0x20,0x76,0x65,0x63,0x32,0x20,
    0x63,0x61,0x6d,0x65,0x72,0x61,0x5f,0x70,0x6f,0x73,0x69,0x74,0x69,0x6f,0x6e,0x3b,
    0x0a,0x20,0x20,0x20,0x20,0x66,0x6c,0x6f,0x61,0x74,0x20,0x63,0x61,0x6d,0x65,0x72,
    0x61,0x5f,0x7a,0x6f,0x6f,0x6d,0x3b,0x0a,0x7d,0x3b,0x0a,0x0a,0x75,0x6e,0x69,0x66,
    0x6f,0x72,0x6d,0x20,0x66,0x73,0x5f,0x70,0x61,0x72,0x61,0x6d,0x73,0x20,0x5f,0x38,
    0x38,0x3b,0x0a,0x0a,0x6c,0x61,0x79,0x6f,0x75,0x74,0x28,0x62,0x69,0x6e,0x64,0x69,
    0x6e,0x67,0x20,0x3d,0x20,0x30,0x2c,0x20,0x73,0x74,0x64,0x34,0x33,0x30,0x29,0x20,
    0x72,0x65,0x61,0x64,0x6f,0x6e,0x6c,0x79,0x20,0x62,0x75,0x66,0x66,0x65,0x72,0x20,
    0x6f,0x72,0x69,0x67,0x69,0x6e,0x61,0x6c,0x5f,0x73,0x64,0x66,0x5f,0x62,0x75,0x66,
    0x66,0x65,0x72,0x0a,0x7b,0x0a,0x20,0x20,0x20,0x20,0x73,0x64,0x66,0x5f,0x73,0x68,
    0x61,0x70,0x65,0x20,0x6f,0x72,0x69,0x67,0x69,0x6e,0x61,0x6c,0x5f,0x73,0x64,0x66,
    0x5f,0x73,0x68,0x61,0x70,0x65,0x73,0x5b,0x5d,0x3b,0x0a,0x7d,0x20,0x5f,0x34,0x31,
    0x35,0x3b,0x0a,0x0a,0x6c,0x61,0x79,0x6f,0x75,0x74,0x28,0x62,0x69,0x6e,0x64,0x69,
    0x6e,0x67,0x20,0x3d,0x20,0x31,0x2c,0x20,0x73,0x74,0x64,0x34,0x33,0x30,0x29,0x20,
    0x72,0x65,0x61,0x64,0x6f,0x6e,0x6c,0x79,0x20,0x62,0x75,0x66,0x66,0x65,0x72,0x20,
    0x64,0x65,0x63,0x6f,0x6d,0x70,0x6f,0x73,0x65,0x64,0x5f,0x73,0x64,0x66,0x5f,0x62,
    0x75,0x66,0x66,0x65,0x72,0x0a,0x7b,0x0a,0x20,0x20,0x20,0x20,0x73,0x64,0x66,0x5f,
    0x73,0x68,0x61,0x70,0x65,0x20,0x64,0x65,0x63,0x6f,0x6d,0x70,0x6f,0x73,0x65,0x64,
    0x5f,0x73,0x64,0x66,0x5f,0x73,0x68,0x61,0x70,0x65,0x73,0x5b,0x5d,0x3b,0x0a,0x7d,
    0x20,0x5f,0x34,0x36,0x30,0x3b,0x0a,0x0a,0x6c,0x61,0x79,0x6f,0x75,0x74,0x28,0x6c,
    0x6f,0x63,0x61,0x74,0x69,0x6f,0x6e,0x20,0x3d,0x20,0x30,0x29,0x20,0x69,0x6e,0x20,
    0x76,0x65,0x63,0x32,0x20,0x70,0x6f,0x73,0x3b,0x0a,0x6c,0x61,0x79,0x6f,0x75,0x74,
    0x28,0x6c,0x6f,0x63,0x61,0x74,0x69,0x6f,0x6e,0x20,0x3d,0x20,0x30,0x29,0x20,0x6f,
    0x75,0x74,0x20,0x76,0x65,0x63,0x34,0x20,0x66,0x72,0x61,0x67,0x5f,0x63,0x6f,0x6c,
    0x6f,0x72,0x3b,0x0a,0x0a,0x76,0x65,0x63,0x32,0x20,0x73,0x64,0x66,0x5f,0x72,0x6f,
    0x74,0x61,0x74,0x65,0x28,0x76,0x65,0x63,0x32,0x20,0x70,0x2c,0x20,0x66,0x6c,0x6f,
    0x61,0x74,0x20,0x61,0x6e,0x67,0x6c,0x65,0x29,0x0a,0x7b,0x0a,0x20,0x20,0x20,0x20,
    0x66,0x6c,0x6f,0x61,0x74,0x20,0x5f,0x36,0x36,0x20,0x3d,0x20,0x63,0x6f,0x73,0x28,
    0x61,0x6e,0x67,0x6c,0x65,0x29,0x3b,0x0a,0x20,0x20,0x20,0x20,0x66,0x6c,0x6f,0x61,
    0x74,0x20,0x5f,0x36,0x39,0x20,0x3d,0x20,0x73,0x69,0x6e,0x28,0x61,0x6e,0x67,0x6c,
    0x65,0x29,0x3b,0x0a,0x20,0x20,0x20,0x20,0x72,0x65,0x74,0x75,0x72,0x6e,0x20,0x6d,
    0x61,0x74,0x32,0x28,0x76,0x65,0x63,0x32,0x28,0x5f,0x36,0x36,0x2c,0x20,0x2d,0x5f,
    0x36,0x39,0x29,0x2c,0x20,0x76,0x65,0x63,0x32,0x28,0x5f,0x36,0x39,0x2c,0x20,0x5f,
    0x36,0x36,0x29,0x29,0x20,0x2a,0x20,0x70,0x3b,0x0a,0x7d,0x0a,0x0a,0x76,0x65,0x63,
    0x32,0x20,0x73,0x64,0x66,0x5f,0x74,0x72,0x61,0x6e,0x73,0x66,0x6f,0x72,0x6d,0x28,
    0x76,0x65,0x63,0x32,0x20,0x70,0x2c,0x20,0x76,0x65,0x63,0x32,0x20,0x70,0x6f,0x73,
    0x69,0x74,0x69,0x6f,0x6e,0x2c,0x20,0x66,0x6c,0x6f,0x61,0x74,0x20,0x61,0x6e,0x67,
    0x6c,0x65,0x29,0x0a,0x7b,0x0a,0x20,0x20,0x20,0x20,0x76,0x65,0x63,0x32,0x20,0x70,
    0x61,0x72,0x61,0x6d,0x20,0x3d,0x20,0x28,0x28,0x70,0x20,0x2a,0x20,0x5f,0x38,0x38,
    0x2e,0x63,0x61,0x6d,0x65,0x72,0x61,0x5f,0x7a,0x6f,0x6f,0x6d,0x29,0x20,0x2d,0x20,
    0x70,0x6f,0x73,0x69,0x74,0x69,0x6f,0x6e,0x29,0x20,0x2d,0x20,0x5f,0x38,0x38,0x2e,
    0x63,0x61,0x6d,0x65,0x72,0x61,0x5f,0x70,0x6f,0x73,0x69,0x74,0x69,0x6f,0x6e,0x3b,
    0x0a,0x20,0x20,0x20,0x20,0x66,0x6c,0x6f,0x61,0x74,0x20,0x70,0x61,0x72,0x61,0x6d,
    0x5f,0x31,0x20,0x3d,0x20,0x61,0x6e,0x67,0x6c,0x65,0x3b,0x0a,0x20,0x20,0x20,0x20,
    0x72,0x65,0x74,0x75,0x72,0x6e,0x20,0x73,0x64,0x66,0x5f,0x72,0x6f,0x74,0x61,0x74,
    0x65,0x28,0x70,0x61,0x72,0x61,0x6d,0x2c,0x20,0x70,0x61,0x72,0x61,0x6d,0x5f,0x31,
    0x29,0x3b,0x0a,0x7d,0x0a,0x0a,0x66,0x6c,0x6f,0x61,0x74,0x20,0x64,0x65,0x5f,0x63,
    0x69,0x72,0x63,0x6c,0x65,0x28,0x76,0x65,0x63,0x32,0x20,0x70,0x2c,0x20,0x66,0x6c,
    0x6f,0x61,0x74,0x20,0x72,0x29,0x0a,0x7b,0x0a,0x20,0x20,0x20,0x20,0x72,0x65,0x74,
    0x75,0x72,0x6e,0x20,0x6c,0x65,0x6e,0x67,0x74,0x68,0x28,0x70,0x29,0x20,0x2d,0x20,
    0x72,0x3b,0x0a,0x7d,0x0a,0x0a,0x66,0x6c,0x6f,0x61,0x74,0x20,0x64,0x65,0x5f,0x62,
    0x6f,0x78,0x28,0x76,0x65,0x63,0x32,0x20,0x70,0x2c,0x20,0x76,0x65,0x63,0x32,0x20,
    0x62,0x29,0x0a,0x7b,0x0a,0x20,0x20,0x20,0x20,0x76,0x65,0x63,0x32,0x20,0x5f,0x31,
    0x31,0x37,0x20,0x3d,0x20,0x61,0x62,0x73,0x28,0x70,0x29,0x20,0x2d,0x20,0x62,0x3b,
    0x0a,0x20,0x20,0x20,0x20,0x72,0x65,0x74,0x75,0x72,0x6e,0x20,0x6c,0x65,0x6e,0x67,
    0x74,0x68,0x28,0x6d,0x61,0x78,0x28,0x5f,0x31,0x31,0x37,0x2c,0x20,0x76,0x65,0x63,
    0x32,0x28,0x30,0x2e,0x30,0x29,0x29,0x29,0x20,0x2b,0x20,0x6d,0x69,0x6e,0x28,0x6d,
    0x61,0x78,0x28,0x5f,0x31,0x31,0x37,0x2e,0x78,0x2c,0x20,0x5f,0x31,0x31,0x37,0x2e,
    0x79,0x29,0x2c,0x20,0x30,0x2e,0x30,0x29,0x3b,0x0a,0x7d,0x0a,0x0a,0x66,0x6c,0x6f,
    0x61,0x74,0x20,0x64,0x65,0x5f,0x65,0x71,0x5f,0x74,0x72,0x69,0x61,0x6e,0x67,0x6c,
    0x65,0x28,0x69,0x6e,0x6f,0x75,0x74,0x20,0x76,0x65,0x63,0x32,0x20,0x70,0x2c,0x20,
    0x66,0x6c,0x6f,0x61,0x74,0x20,0x72,0x29,0x0a,0x7b,0x0a,0x20,0x20,0x20,0x20,0x70,
    0x2e,0x78,0x20,0x3d,0x20,0x61,0x62,0x73,0x28,0x70,0x2e,0x78,0x29,0x20,0x2d,0x20,
    0x72,0x3b,0x0a,0x20,0x20,0x20,0x20,0x70,0x2e,0x79,0x20,0x2b,0x3d,0x20,0x28,0x72,
    0x20,0x2a,0x20,0x30,0x2e,0x35,0x37,0x37,0x33,0x35,0x30,0x32,0x35,0x38,0x38,0x32,
    0x37,0x32,0x30,0x39,0x34,0x37,0x32,0x36,0x35,0x36,0x32,0x35,0x29,0x3b,0x0a,0x20,
    0x20,0x20,0x20,0x69,0x66,0x20,0x28,0x28,0x70,0x2e,0x78,0x20,0x2b,0x20,0x28,0x31,
    0x2e,0x37,0x33,0x32,0x30,0x35,0x30,0x37,0x37,0x36,0x34,0x38,0x31,0x36,0x32,0x38,
    0x34,0x31,0x37,0x39,0x36,0x38,0x37,0x35,0x20,0x2a,0x20,0x70,0x2e,0x79,0x29,0x29,
    0x20,0x3e,0x20,0x30,0x2e,0x30,0x29,0x0a,0x20,0x20,0x20,0x20,0x7b,0x0a,0x20,0x20,
    0x20,0x20,0x20,0x20,0x20,0x20,0x70,0x20,0x3d,0x20,0x76,0x65,0x63,0x32,0x28,0x70,
    0x2e,0x78,0x20,0x2d,0x20,0x28,0x31,0x2e,0x37,0x33,0x32,0x30,0x35,0x30,0x37,0x37,
    0x36,0x34,0x38,0x31,0x36,0x32,0x38,0x34,0x31,0x37,0x39,0x36,0x38,0x37,0x35,0x20,
    0x2a,0x20,0x70,0x2e,0x79,0x29,0x2c,0x20,0x28,0x28,0x2d,0x31,0x2e,0x37,0x33,0x32,
    0x30,0x35,0x30,0x37,0x37,0x36,0x34,0x38,0x31,0x36,0x32,0x38,0x34,0x31,0x37,0x39,
    0x36,0x38,0x37,0x35,0x29,0x20,0x2a,0x20,0x70,0x2e,0x78,0x29,0x20,0x2d,0x20,0x70,
    0x2e,0x79,0x29,0x20,0x2a,0x20,0x76,0x65,0x63,0x32,0x28,0x30,0x2e,0x35,0x29,0x3b,
    0x0a,0x20,0x20,0x20,0x20,0x7d,0x0a,0x20,0x20,0x20,0x20,0x70,0x2e,0x78,0x20,0x2d,
    0x3d,0x20,0x63,0x6c,0x61,0x6d,0x70,0x28,0x70,0x2e,0x78,0x2c,0x20,0x28,0x2d,0x32,
    0x2e,0x30,0x29,0x20,0x2a,0x20,0x72,0x2c,0x20,0x30,0x2e,0x30,0x29,0x3b,0x0a,0x20,
    0x20,0x20,0x20,0x72,0x65,0x74,0x75,0x72,0x6e,0x20,0x28,0x2d,0x6c,0x65,0x6e,0x67,
    0x74,0x68,0x28,0x70,0x29,0x29,0x20,0x2a,0x20,0x73,0x69,0x67,0x6e,0x28,0x70,0x2e,
    0x79,0x29,0x3b,0x0a,0x7d,0x0a,0x0a,0x66,0x6c,0x6f,0x61,0x74,0x20,0x64,0x65,0x5f,
    0x70,0x65,0x6e,0x74,0x61,0x67,0x72,0x61,0x6d,0x28,0x69,0x6e,0x6f,0x75,0x74,0x20,
    0x76,0x65,0x63,0x32,0x20,0x70,0x2c,0x20,0x66,0x6c,0x6f,0x61,0x74,0x20,0x72,0x29,
    0x0a,0x7b,0x0a,0x20,0x20,0x20,0x20,0x70,0x2e,0x78,0x20,0x3d,0x20,0x61,0x62,0x73,
    0x28,0x70,0x2e,0x78,0x29,0x3b,0x0a,0x20,0x20,0x20,0x20,0x70,0x20,0x2d,0x3d,0x20,
    0x28,0x76,0x65,0x63,0x32,0x28,0x30,0x2e,0x38,0x30,0x39,0x30,0x31,0x37,0x30,0x30,
    0x32,0x35,0x38,0x32,0x35,0x35,0x30,0x30,0x34,0x38,0x38,0x32,0x38,0x31,0x32,0x35,
    0x2c,0x20,0x2d,0x30,0x2e,0x35,0x38,0x37,0x37,0x38,0x35,0x32,0x34,0x33,0x39,0x38,
    0x38,0x30,0x33,0x37,0x31,0x30,0x39,0x33,0x37,0x35,0x29,0x20,0x2a,0x20,0x28,0x32,
    0x2e,0x30,0x20,0x2a,0x20,0x6d,0x61,0x78,0x28,0x64,0x6f,0x74,0x28,0x76,0x65,0x63,
    0x32,0x28,0x30,0x2e,0x38,0x30,0x39,0x30,0x31,0x37,0x30,0x30,0x32,0x35,0x38,0x32,
    0x35,0x35,0x30,0x30,0x34,0x38,0x38,0x32,0x38,0x31,0x32,0x35,0x2c,0x20,0x2d,0x30,
    0x2e,0x35,0x38,0x37,0x37,0x38,0x35,0x32,0x34,0x33,0x39,0x38,0x38,0x30,0x33,0x37,
    0x31,0x30,0x39,0x33,0x37,0x35,0x29,0x2c,0x20,0x70,0x29,0x2c,0x20,0x30,0x2e,0x30,
    0x29,0x29,0x29,0x3b,0x0a,0x20,0x20,0x20,0x20,0x70,0x20,0x2d,0x3d,0x20,0x28,0x76,
    0x65,0x63,0x32,0x28,0x2d,0x30,0x2e,0x38,0x30,0x39,0x30,0x31,0x37,0x30,0x30,0x32,
    0x35,0x38,0x32,0x35,0x35,0x30,0x30,0x34,0x38,0x38,0x32,0x38,0x31,0x32,0x35,0x2c,
    0x20,0x2d,0x30,0x2e,0x35,0x38,0x37,0x37,0x38,0x35,0x32,0x34,0x33,0x39,0x38,0x38,
    0x30,0x33,0x37,0x31,0x30,0x39,0x33,0x37,0x35,0x29,0x20,0x2a,0x20,0x28,0x32,0x2e,
    0x30,0x20,0x2a,0x20,0x6d,0x61,0x78,0x28,0x64,0x6f,0x74,0x28,0x76,0x65,0x63,0x32,
    0x28,0x2d,0x30,0x2e,0x38,0x30,0x39,0x30,0x31,0x37,0x30,0x30,0x32,0x35,0x38,0x32,
    0x35,0x35,0x30,0x30,0x34,0x38,0x38,0x32,0x38,0x31,0x32,0x35,0x2c,0x20,0x2d,0x30,
    0x2e,0x35,0x38,0x37,0x37,0x38,0x35,0x32,0x34,0x33,0x39,0x38,0x38,0x30,0x33,0x37,
    0x31,0x30,0x39,0x33,0x37,0x35,0x29,0x2c,0x20,0x70,0x29,0x2c,0x20,0x30,0x2e,0x30,
    0x29,0x29,0x29,0x3b,0x0a,0x20,0x20,0x20,0x20,0x70,0x2e,0x78,0x20,0x3d,0x20,0x61,
    0x62,0x73,0x28,0x70,0x2e,0x78,0x29,0x3b,0x0a,0x20,0x20,0x20,0x20,0x70,0x2e,0x79,
    0x20,0x2d,0x3d,0x20,0x72,0x3b,0x0a,0x20,0x20,0x20,0x20,0x72,0x65,0x74,0x75,0x72,
    0x6e,0x20,0x6c,0x65,0x6e,0x67,0x74,0x68,0x28,0x70,0x20,0x2d,0x20,0x28,0x76,0x65,
    0x63,0x32,0x28,0x30,0x2e,0x33,0x30,0x39,0x30,0x31,0x37,0x30,0x30,0x32,0x35,0x38,
    0x32,0x35,0x35,0x30,0x30,0x34,0x38,0x38,0x32,0x38,0x31,0x32,0x35,0x2c,0x20,0x2d,
    0x30,0x2e,0x39,0x35,0x31,0x30,0x35,0x36,0x35,0x34,0x30,0x30,0x31,0x32,0x33,0x35,
    0x39,0x36,0x31,0x39,0x31,0x34,0x30,0x36,0x32,0x35,0x29,0x20,0x2a,0x20,0x63,0x6c,
    0x61,0x6d,0x70,0x28,0x64,0x6f,0x74,0x28,0x70,0x2c,0x20,0x76,0x65,0x63,0x32,0x28,
    0x30,0x2e,0x33,0x30,0x39,0x30,0x31,0x37,0x30,0x30,0x32,0x35,0x38,0x32,0x35,0x35,
    0x30,0x30,0x34,0x38,0x38,0x32,0x38,0x31,0x32,0x35,0x2c,0x20,0x2d,0x30,0x2e,0x39,
    0x35,0x31,0x30,0x35,0x36,0x35,0x34,0x30,0x30,0x31,0x32,0x33,0x35,0x39,0x36,0x31,
    0x39,0x31,0x34,0x30,0x36,0x32,0x35,0x29,0x29,0x2c,0x20,0x30,0x2e,0x30,0x2c,0x20,
    0x30,0x2e,0x37,0x32,0x36,0x35,0x34,0x32,0x35,0x33,0x32,0x34,0x34,0x34,0x30,0x30,
    0x30,0x32,0x34,0x34,0x31,0x34,0x30,0x36,0x32,0x35,0x20,0x2a,0x20,0x72,0x29,0x29,
    0x29,0x20,0x2a,0x20,0x73,0x69,0x67,0x6e,0x28,0x28,0x70,0x2e,0x79,0x20,0x2a,0x20,
    0x30,0x2e,0x33,0x30,0x39,0x30,0x31,0x37,0x30,0x30,0x32,0x35,0x38,0x32,0x35,0x35,
    0x30,0x30,0x34,0x38,0x38,0x32,0x38,0x31,0x32,0x35,0x29,0x20,0x2d,0x20,0x28,0x70,
    0x2e,0x78,0x20,0x2a,0x20,0x28,0x2d,0x30,0x2e,0x39,0x35,0x31,0x30,0x35,0x36,0x35,
    0x34,0x30,0x30,0x31,0x32,0x33,0x35,0x39,0x36,0x31,0x39,0x31,0x34,0x30,0x36,0x32,
    0x35,0x29,0x29,0x29,0x3b,0x0a,0x7d,0x0a,0x0a,0x66,0x6c,0x6f,0x61,0x74,0x20,0x64,
    0x65,0x5f,0x68,0x6f,0x72,0x73,0x65,0x73,0x68,0x6f,0x65,0x28,0x69,0x6e,0x6f,0x75,
    0x74,0x20,0x76,0x65,0x63,0x32,0x20,0x70,0x2c,0x20,0x76,0x65,0x63,0x32,0x20,0x63,
    0x2c,0x20,0x66,0x6c,0x6f,0x61,0x74,0x20,0x72,0x2c,0x20,0x76,0x65,0x63,0x32,0x20,
    0x77,0x29,0x0a,0x7b,0x0a,0x20,0x20,0x20,0x20,0x70,0x2e,0x78,0x20,0x3d,0x20,0x61,
    0x62,0x73,0x28,0x70,0x2e,0x78,0x29,0x3b,0x0a,0x20,0x20,0x20,0x20,0x76,0x65,0x63,
    0x32,0x20,0x5f,0x32,0x35,0x34,0x20,0x3d,0x20,0x70,0x3b,0x0a,0x20,0x20,0x20,0x20,
    0x66,0x6c,0x6f,0x61,0x74,0x20,0x5f,0x32,0x35,0x35,0x20,0x3d,0x20,0x6c,0x65,0x6e,
    0x67,0x74,0x68,0x28,0x5f,0x32,0x35,0x34,0x29,0x3b,0x0a,0x20,0x20,0x20,0x20,0x70,
    0x20,0x3d,0x20,0x6d,0x61,0x74,0x32,0x28,0x76,0x65,0x63,0x32,0x28,0x2d,0x63,0x2e,
    0x78,0x2c,0x20,0x63,0x2e,0x79,0x29,0x2c,0x20,0x76,0x65,0x63,0x32,0x28,0x63,0x2e,
    0x79,0x2c,0x20,0x63,0x2e,0x78,0x29,0x29,0x20,0x2a,0x20,0x70,0x3b,0x0a,0x20,0x20,
    0x20,0x20,0x62,0x6f,0x6f,0x6c,0x20,0x5f,0x32,0x37,0x32,0x20,0x3d,0x20,0x70,0x2e,
    0x79,0x20,0x3e,0x20,0x30,0x2e,0x30,0x3b,0x0a,0x20,0x20,0x20,0x20,0x62,0x6f,0x6f,
    0x6c,0x20,0x5f,0x32,0x37,0x39,0x3b,0x0a,0x20,0x20,0x20,0x20,0x69,0x66,0x20,0x28,
    0x21,0x5f,0x32,0x37,0x32,0x29,0x0a,0x20,0x20,0x20,0x20,0x7b,0x0a,0x20,0x20,0x20,
    0x20,0x20,0x20,0x20,0x20,0x5f,0x32,0x37,0x39,0x20,0x3d,0x20,0x70,0x2e,0x78,0x20,
    0x3e,0x20,0x30,0x2e,0x30,0x3b,0x0a,0x20,0x20,0x20,0x20,0x7d,0x0a,0x20,0x20,0x20,
    0x20,0x65,0x6c,0x73,0x65,0x0a,0x20,0x20,0x20,0x20,0x7b,0x0a,0x20,0x20,0x20,0x20,
    0x20,0x20,0x20,0x20,0x5f,0x32,0x37,0x39,0x20,0x3d,0x20,0x5f,0x32,0x37,0x32,0x3b,
    0x0a,0x20,0x20,0x20,0x20,0x7d,0x0a,0x20,0x20,0x20,0x20,0x66,0x6c,0x6f,0x61,0x74,
    0x20,0x5f,0x32,0x38,0x30,0x3b,0x0a,0x20,0x20,0x20,0x20,0x69,0x66,0x20,0x28,0x5f,
    0x32,0x37,0x39,0x29,0x0a,0x20,0x20,0x20,0x20,0x7b,0x0a,0x20,0x20,0x20,0x20,0x20,
    0x20,0x20,0x20,0x5f,0x32,0x38,0x30,0x20,0x3d,0x20,0x70,0x2e,0x78,0x3b,0x0a,0x20,
    0x20,0x20,0x20,0x7d,0x0a,0x20,0x20,0x20,0x20,0x65,0x6c,0x73,0x65,0x0a,0x20,0x20,
    0x20,0x20,0x7b,0x0a,0x20,0x20,0x20,0x20,0x20,0x20,0x20,0x20,0x5f,0x32,0x38,0x30,
    0x20,0x3d,0x20,0x5f,0x32,0x35,0x35,0x20,0x2a,0x20,0x73,0x69,0x67,0x6e,0x28,0x2d,
    0x63,0x2e,0x78,0x29,0x3b,0x0a,0x20,0x20,0x20,0x20,0x7d,0x0a,0x20,0x20,0x20,0x20,
    0x66,0x6c,0x6f,0x61,0x74,0x20,0x5f,0x32,0x39,0x36,0x3b,0x0a,0x20,0x20,0x20,0x20,
    0x69,0x66,0x20,0x28,0x70,0x2e,0x78,0x20,0x3e,0x20,0x30,0x2e,0x30,0x29,0x0a,0x20,
    0x20,0x20,0x20,0x7b,0x0a,0x20,0x20,0x20,0x20,0x20,0x20,0x20,0x20,0x5f,0x32,0x39,
    0x36,0x20,0x3d,0x20,0x70,0x2e,0x79,0x3b,0x0a,0x20,0x20,0x20,0x20,0x7d,0x0a,0x20,
    0x20,0x20,0x20,0x65,0x6c,0x73,0x65,0x0a,0x20,0x20,0x20,0x20,0x7b,0x0a,0x20,0x20,
    0x20,0x20,0x20,0x20,0x20,0x20,0x5f,0x32,0x39,0x36,0x20,0x3d,0x20,0x5f,0x32,0x35,
    0x35,0x3b,0x0a,0x20,0x20,0x20,0x20,0x7d,0x0a,0x20,0x20,0x20,0x20,0x70,0x20,0x3d,
    0x20,0x76,0x65,0x63,0x32,0x28,0x5f,0x32,0x38,0x30,0x2c,0x20,0x5f,0x32,0x39,0x36,
    0x29,0x3b,0x0a,0x20,0x20,0x20,0x20,0x70,0x20,0x3d,0x20,0x76,0x65,0x63,0x32,0x28,
    0x70,0x2e,0x78,0x2c,0x20,0x61,0x62,0x73,0x28,0x70,0x2e,0x79,0x20,0x2d,0x20,0x72,
    0x29,0x29,0x20,0x2d,0x20,0x77,0x3b,0x0a,0x20,0x20,0x20,0x20,0x72,0x65,0x74,0x75,
    0x72,0x6e,0x20,0x6c,0x65,0x6e,0x67,0x74,0x68,0x28,0x6d,0x61,0x78,0x28,0x70,0x2c,
    0x20,0x76,0x65,0x63,0x32,0x28,0x30,0x2e,0x30,0x29,0x29,0x29,0x20,0x2b,0x20,0x6d,
    0x69,0x6e,0x28,0x30,0x2e,0x30,0x2c,0x20,0x6d,0x61,0x78,0x28,0x70,0x2e,0x78,0x2c,
    0x20,0x70,0x2e,0x79,0x29,0x29,0x3b,0x0a,0x7d,0x0a,0x0a,0x66,0x6c,0x6f,0x61,0x74,
    0x20,0x73,0x64,0x66,0x5f,0x67,0x65,0x74,0x5f,0x73,0x68,0x61,0x70,0x65,0x5f,0x64,
    0x69,0x73,0x74,0x28,0x69,0x6e,0x6f,0x75,0x74,0x20,0x76,0x65,0x63,0x32,0x20,0x70,
    0x2c,0x20,0x73,0x64,0x66,0x5f,0x73,0x68,0x61,0x70,0x65,0x20,0x73,0x68,0x61,0x70,
    0x65,0x29,0x0a,0x7b,0x0a,0x20,0x20,0x20,0x20,0x76,0x65,0x63,0x32,0x20,0x70,0x61,
    0x72,0x61,0x6d,0x20,0x3d,0x20,0x70,0x3b,0x0a,0x20,0x20,0x20,0x20,0x76,0x65,0x63,
    0x32,0x20,0x70,0x61,0x72,0x61,0x6d,0x5f,0x31,0x20,0x3d,0x20,0x73,0x68,0x61,0x70,
    0x65,0x2e,0x70,0x6f,0x73,0x69,0x74,0x69,0x6f,0x6e,0x3b,0x0a,0x20,0x20,0x20,0x20,
    0x66,0x6c,0x6f,0x61,0x74,0x20,0x70,0x61,0x72,0x61,0x6d,0x5f,0x32,0x20,0x3d,0x20,
    0x73,0x68,0x61,0x70,0x65,0x2e,0x61,0x6e,0x67,0x6c,0x65,0x3b,0x0a,0x20,0x20,0x20,
    0x20,0x70,0x20,0x3d,0x20,0x73,0x64,0x66,0x5f,0x74,0x72,0x61,0x6e,0x73,0x66,0x6f,
    0x72,0x6d,0x28,0x70,0x61,0x72,0x61,0x6d,0x2c,0x20,0x70,0x61,0x72,0x61,0x6d,0x5f,
    0x31,0x2c,0x20,0x70,0x61,0x72,0x61,0x6d,0x5f,0x32,0x29,0x3b,0x0a,0x20,0x20,0x20,
    0x20,0x66,0x6c,0x6f,0x61,0x74,0x20,0x64,0x20,0x3d,0x20,0x32,0x35,0x36,0x2e,0x30,
    0x3b,0x0a,0x20,0x20,0x20,0x20,0x73,0x77,0x69,0x74,0x63,0x68,0x20,0x28,0x73,0x68,
    0x61,0x70,0x65,0x2e,0x73,0x68,0x61,0x70,0x65,0x5f,0x74,0x79,0x70,0x65,0x29,0x0a,
    0x20,0x20,0x20,0x20,0x7b,0x0a,0x20,0x20,0x20,0x20,0x20,0x20,0x20,0x20,0x63,0x61,
    0x73,0x65,0x20,0x30,0x3a,0x0a,0x20,0x20,0x20,0x20,0x20,0x20,0x20,0x20,0x7b,0x0a,
    0x20,0x20,0x20,0x20,0x20,0x20,0x20,0x20,0x20,0x20,0x20,0x20,0x62,0x72,0x65,0x61,
    0x6b,0x3b,0x0a,0x20,0x20,0x20,0x20,0x20,0x20,0x20,0x20,0x7d,0x0a,0x20,0x20,0x20,
    0x20,0x20,0x20,0x20,0x20,0x63,0x61,0x73,0x65,0x20,0x31,0x3a,0x0a,0x20,0x20,0x20,
    0x20,0x20,0x20,0x20,0x20,0x7b,0x0a,0x20,0x20,0x20,0x20,0x20,0x20,0x20,0x20,0x20,
    0x20,0x20,0x20,0x76,0x65,0x63,0x32,0x20,0x70,0x61,0x72,0x61,0x6d,0x5f,0x33,0x20,
    0x3d,0x20,0x70,0x3b,0x0a,0x20,0x20,0x20,0x20,0x20,0x20,0x20,0x20,0x20,0x20,0x20,
    0x20,0x66,0x6c,0x6f,0x61,0x74,0x20,0x70,0x61,0x72,0x61,0x6d,0x5f,0x34,0x20,0x3d,
    0x20,0x73,0x68,0x61,0x70,0x65,0x2e,0x73,0x69,0x7a,0x65,0x2e,0x78,0x3b,0x0a,0x20,
    0x20,0x20,0x20,0x20,0x20,0x20,0x20,0x20,0x20,0x20,0x20,0x64,0x20,0x3d,0x20,0x64,
    0x65,0x5f,0x63,0x69,0x72,0x63,0x6c,0x65,0x28,0x70,0x61,0x72,0x61,0x6d,0x5f,0x33,
    0x2c,0x20,0x70,0x61,0x72,0x61,0x6d,0x5f,0x34,0x29,0x3b,0x0a,0x20,0x20,0x20,0x20,
    0x20,0x20,0x20,0x20,0x20,0x20,0x20,0x20,0x62,0x72,0x65,0x61,0x6b,0x3b,0x0a,0x20,
    0x20,0x20,0x20,0x20,0x20,0x20,0x20,0x7d,0x0a,0x20,0x20,0x20,0x20,0x20,0x20,0x20,
    0x20,0x63,0x61,0x73,0x65,0x20,0x32,0x3a,0x0a,0x20,0x20,0x20,0x20,0x20,0x20,0x20,
    0x20,0x7b,0x0a,0x20,0x20,0x20,0x20,0x20,0x20,0x20,0x20,0x20,0x20,0x20,0x20,0x76,
    0x65,0x63,0x32,0x20,0x70,0x61,0x72,0x61,0x6d,0x5f,0x35,0x20,0x3d,0x20,0x70,0x3b,
    0x0a,0x20,0x20,0x20,0x20,0x20,0x20,0x20,0x20,0x20,0x20,0x20,0x20,0x76,0x65,0x63,
    0x32,0x20,0x70,0x61,0x72,0x61,0x6d,0x5f,0x36,0x20,0x3d,0x20,0x73,0x68,0x61,0x70,
    0x65,0x2e,0x73,0x69,0x7a,0x65,0x3b,0x0a,0x20,0x20,0x20,0x20,0x20,0x20,0x20,0x20,
    0x20,0x20,0x20,0x20,0x64,0x20,0x3d,0x20,0x64,0x65,0x5f,0x62,0x6f,0x78,0x28,0x70,
    0x61,0x72,0x61,0x6d,0x5f,0x35,0x2c,0x20,0x70,0x61,0x72,0x61,0x6d,0x5f,0x36,0x29,
    0x3b,0x0a,0x20,0x20,0x20,0x20,0x20,0x20,0x20,0x20,0x20,0x20,0x20,0x20,0x62,0x72,
    0x65,0x61,0x6b,0x3b,0x0a,0x20,0x20,0x20,0x20,0x20,0x20,0x20,0x20,0x7d,0x0a,0x20,
    0x20,0x20,0x20,0x20,0x20,0x20,0x20,0x63,0x61,0x73,0x65,0x20,0x33,0x3a,0x0a,0x20,
    0x20,0x20,0x20,0x20,0x20,0x20,0x20,0x7b,0x0a,0x20,0x20,0x20,0x20,0x20,0x20,0x20,
    0x20,0x20,0x20,0x20,0x20,0x76,0x65,0x63,0x32,0x20,0x70,0x61,0x72,0x61,0x6d,0x5f,
    0x37,0x20,0x3d,0x20,0x70,0x3b,0x0a,0x20,0x20,0x20,0x20,0x20,0x20,0x20,0x20,0x20,
    0x20,0x20,0x20,0x66,0x6c,0x6f,0x61,0x74,0x20,0x70,0x61,0x72,0x61,0x6d,0x5f,0x38,
    0x20,0x3d,0x20,0x73,0x68,0x61,0x70,0x65,0x2e,0x73,0x69,0x7a,0x65,0x2e,0x78,0x3b,
    0x0a,0x20,0x20,0x20,0x20,0x20,0x20,0x20,0x20,0x20,0x20,0x20,0x20,0x66,0x6c,0x6f,
    0x61,0x74,0x20,0x5f,0x33,0x37,0x31,0x20,0x3d,0x20,0x64,0x65,0x5f,0x65,0x71,0x5f,
    0x74,0x72,0x69,0x61,0x6e,0x67,0x6c,0x65,0x28,0x70,0x61,0x72,0x61,0x6d,0x5f,0x37,
    0x2c,0x20,0x70,0x61,0x72,0x61,0x6d,0x5f,0x38,0x29,0x3b,0x0a,0x20,0x20,0x20,0x20,
    0x20,0x20,0x20,0x20,0x20,0x20,0x20,0x20,0x64,0x20,0x3d,0x20,0x5f,0x33,0x37,0x31,
    0x3b,0x0a,0x20,0x20,0x20,0x20,0x20,0x20,0x20,0x20,0x20,0x20,0x20,0x20,0x62,0x72,
    0x65,0x61,0x6b,0x3b,0x0a,0x20,0x20,0x20,0x20,0x20,0x20,0x20,0x20,0x7d,0x0a,0x20,
    0x20,0x20,0x20,0x20,0x20,0x20,0x20,0x63,0x61,0x73,0x65,0x20,0x34,0x3a,0x0a,0x20,
    0x20,0x20,0x20,0x20,0x20,0x20,0x20,0x7b,0x0a,0x20,0x20,0x20,0x20,0x20,0x20,0x20,
    0x20,0x20,0x20,0x20,0x20,0x76,0x65,0x63,0x32,0x20,0x70,0x61,0x72,0x61,0x6d,0x5f,
    0x39,0x20,0x3d,0x20,0x70,0x3b,0x0a,0x20,0x20,0x20,0x20,0x20,0x20,0x20,0x20,0x20,
    0x20,0x20,0x20,0x66,0x6c,0x6f,0x61,0x74,0x20,0x70,0x61,0x72,0x61,0x6d,0x5f,0x31,
    0x30,0x20,0x3d,0x20,0x73,0x68,0x61,0x70,0x65,0x2e,0x73,0x69,0x7a,0x65,0x2e,0x78,
    0x3b,0x0a,0x20,0x20,0x20,0x20,0x20,0x20,0x20,0x20,0x20,0x20,0x20,0x20,0x66,0x6c,
    0x6f,0x61,0x74,0x20,0x5f,0x33,0x37,0x38,0x20,0x3d,0x20,0x64,0x65,0x5f,0x70,0x65,
    0x6e,0x74,0x61,0x67,0x72,0x61,0x6d,0x28,0x70,0x61,0x72,0x61,0x6d,0x5f,0x39,0x2c,
    0x20,0x70,0x61,0x72,0x61,0x6d,0x5f,0x31,0x30,0x29,0x3b,0x0a,0x20,0x20,0x20,0x20,
    0x20,0x20,0x20,0x20,0x20,0x20,0x20,0x20,0x64,0x20,0x3d,0x20,0x5f,0x33,0x37,0x38,
    0x3b,0x0a,0x20,0x20,0x20,0x20,0x20,0x20,0x20,0x20,0x20,0x20,0x20,0x20,0x62,0x72,
    0x65,0x61,0x6b,0x3b,0x0a,0x20,0x20,0x20,0x20,0x20,0x20,0x20,0x20,0x7d,0x0a,0x20,
    0x20,0x20,0x20,0x20,0x20,0x20,0x20,0x63,0x61,0x73,0x65,0x20,0x35,0x3a,0x0a,0x20,
    0x20,0x20,0x20,0x20,0x20,0x20,0x20,0x7b,0x0a,0x20,0x20,0x20,0x20,0x20,0x20,0x20,
    0x20,0x20,0x20,0x20,0x20,0x76,0x65,0x63,0x32,0x20,0x70,0x61,0x72,0x61,0x6d,0x5f,
    0x31,0x31,0x20,0x3d,0x20,0x70,0x3b,0x0a,0x20,0x20,0x20,0x20,0x20,0x20,0x20,0x20,
    0x20,0x20,0x20,0x20,0x76,0x65,0x63,0x32,0x20,0x70,0x61,0x72,0x61,0x6d,0x5f,0x31,
    0x32,0x20,0x3d,0x20,0x76,0x65,0x63,0x32,0x28,0x30,0x2e,0x31,0x39,0x38,0x36,0x36,
    0x39,0x33,0x32,0x39,0x32,0x38,0x35,0x36,0x32,0x31,0x36,0x34,0x33,0x30,0x36,0x36,
    0x34,0x30,0x36,0x32,0x35,0x2c,0x20,0x30,0x2e,0x39,0x38,0x30,0x30,0x36,0x36,0x35,
    0x39,0x37,0x34,0x36,0x31,0x37,0x30,0x30,0x34,0x33,0x39,0x34,0x35,0x33,0x31,0x32,
    0x35,0x29,0x3b,0x0a,0x20,0x20,0x20,0x20,0x20,0x20,0x20,0x20,0x20,0x20,0x20,0x20,
    0x66,0x6c,0x6f,0x61,0x74,0x20,0x70,0x61,0x72,0x61,0x6d,0x5f,0x31,0x33,0x20,0x3d,
    0x20,0x30,0x2e,0x35,0x3b,0x0a,0x20,0x20,0x20,0x20,0x20,0x20,0x20,0x20,0x20,0x20,
    0x20,0x20,0x76,0x65,0x63,0x32,0x20,0x70,0x61,0x72,0x61,0x6d,0x5f,0x31,0x34,0x20,
    0x3d,0x20,0x76,0x65,0x63,0x32,0x28,0x30,0x2e,0x33,0x30,0x30,0x30,0x30,0x30,0x30,
    0x31,0x31,0x39,0x32,0x30,0x39,0x32,0x38,0x39,0x35,0x35,0x30,0x37,0x38,0x31,0x32,
    0x35,0x2c,0x20,0x30,0x2e,0x31,0x30,0x30,0x30,0x30,0x30,0x30,0x30,0x31,0x34,0x39,
    0x30,0x31,0x31,0x36,0x31,0x31,0x39,0x33,0x38,0x34,0x37,0x36,0x35,0x36,0x32,0x35,
    0x29,0x3b,0x0a,0x20,0x20,0x20,0x20,0x20,0x20,0x20,0x20,0x20,0x20,0x20,0x20,0x66,
    0x6c,0x6f,0x61,0x74,0x20,0x5f,0x33,0x39,0x32,0x20,0x3d,0x20,0x64,0x65,0x5f,0x68,
    0x6f,0x72,0x73,0x65,0x73,0x68,0x6f,0x65,0x28,0x70,0x61,0x72,0x61,0x6d,0x5f,0x31,
    0x31,0x2c,0x20,0x70,0x61,0x72,0x61,0x6d,0x5f,0x31,0x32,0x2c,0x20,0x70,0x61,0x72,
    0x61,0x6d,0x5f,0x31,0x33,0x2c,0x20,0x70,0x61,0x72,0x61,0x6d,0x5f,0x31,0x34,0x29,
    0x3b,0x0a,0x20,0x20,0x20,0x20,0x20,0x20,0x20,0x20,0x20,0x20,0x20,0x20,0x64,0x20,
    0x3d,0x20,0x5f,0x33,0x39,0x32,0x3b,0x0a,0x20,0x20,0x20,0x20,0x20,0x20,0x20,0x20,
    0x20,0x20,0x20,0x20,0x62,0x72,0x65,0x61,0x6b,0x3b,0x0a,0x20,0x20,0x20,0x20,0x20,
    0x20,0x20,0x20,0x7d,0x0a,0x20,0x20,0x20,0x20,0x7d,0x0a,0x20,0x20,0x20,0x20,0x72,
    0x65,0x74,0x75,0x72,0x6e,0x20,0x64,0x3b,0x0a,0x7d,0x0a,0x0a,0x66,0x6c,0x6f,0x61,
    0x74,0x20,0x64,0x65,0x5f,0x73,0x63,0x65,0x6e,0x65,0x28,0x76,0x65,0x63,0x32,0x20,
    0x70,0x29,0x0a,0x7b,0x0a,0x20,0x20,0x20,0x20,0x66,0x6c,0x6f,0x61,0x74,0x20,0x64,
    0x20,0x3d,0x20,0x32,0x35,0x36,0x2e,0x30,0x3b,0x0a,0x20,0x20,0x20,0x20,0x66,0x6f,
    0x72,0x20,0x28,0x69,0x6e,0x74,0x20,0x69,0x20,0x3d,0x20,0x30,0x3b,0x20,0x69,0x20,
    0x3c,0x20,0x5f,0x38,0x38,0x2e,0x6f,0x72,0x69,0x67,0x69,0x6e,0x61,0x6c,0x5f,0x73,
    0x64,0x66,0x5f,0x63,0x6f,0x75,0x6e,0x74,0x3b,0x20,0x69,0x2b,0x2b,0x29,0x0a,0x20,
    0x20,0x20,0x20,0x7b,0x0a,0x20,0x20,0x20,0x20,0x20,0x20,0x20,0x20,0x76,0x65,0x63,
    0x32,0x20,0x70,0x61,0x72,0x61,0x6d,0x20,0x3d,0x20,0x70,0x3b,0x0a,0x20,0x20,0x20,
    0x20,0x20,0x20,0x20,0x20,0x73,0x64,0x66,0x5f,0x73,0x68,0x61,0x70,0x65,0x20,0x70,
    0x61,0x72,0x61,0x6d,0x5f,0x31,0x20,0x3d,0x20,0x73,0x64,0x66,0x5f,0x73,0x68,0x61,
    0x70,0x65,0x28,0x5f,0x34,0x31,0x35,0x2e,0x6f,0x72,0x69,0x67,0x69,0x6e,0x61,0x6c,
    0x5f,0x73,0x64,0x66,0x5f,0x73,0x68,0x61,0x70,0x65,0x73,0x5b,0x69,0x5d,0x2e,0x70,
    0x6f,0x73,0x69,0x74,0x69,0x6f,0x6e,0x2c,0x20,0x5f,0x34,0x31,0x35,0x2e,0x6f,0x72,
    0x69,0x67,0x69,0x6e,0x61,0x6c,0x5f,0x73,0x64,0x66,0x5f,0x73,0x68,0x61,0x70,0x65,
    0x73,0x5b,0x69,0x5d,0x2e,0x61,0x6e,0x67,0x6c,0x65,0x2c,0x20,0x5f,0x34,0x31,0x35,
    0x2e,0x6f,0x72,0x69,0x67,0x69,0x6e,0x61,0x6c,0x5f,0x73,0x64,0x66,0x5f,0x73,0x68,
    0x61,0x70,0x65,0x73,0x5b,0x69,0x5d,0x2e,0x73,0x68,0x61,0x70,0x65,0x5f,0x74,0x79,
    0x70,0x65,0x2c,0x20,0x5f,0x34,0x31,0x35,0x2e,0x6f,0x72,0x69,0x67,0x69,0x6e,0x61,
    0x6c,0x5f,0x73,0x64,0x66,0x5f,0x73,0x68,0x61,0x70,0x65,0x73,0x5b,0x69,0x5d,0x2e,
    0x73,0x69,0x7a,0x65,0x2c,0x20,0x5f,0x34,0x31,0x35,0x2e,0x6f,0x72,0x69,0x67,0x69,
    0x6e,0x61,0x6c,0x5f,0x73,0x64,0x66,0x5f,0x73,0x68,0x61,0x70,0x65,0x73,0x5b,0x69,
    0x5d,0x2e,0x5f,0x70,0x61,0x64,0x30,0x2c,0x20,0x5f,0x34,0x31,0x35,0x2e,0x6f,0x72,
    0x69,0x67,0x69,0x6e,0x61,0x6c,0x5f,0x73,0x64,0x66,0x5f,0x73,0x68,0x61,0x70,0x65,
    0x73,0x5b,0x69,0x5d,0x2e,0x5f,0x70,0x61,0x64,0x31,0x29,0x3b,0x0a,0x20,0x20,0x20,
    0x20,0x20,0x20,0x20,0x20,0x66,0x6c,0x6f,0x61,0x74,0x20,0x5f,0x34,0x33,0x39,0x20,
    0x3d,0x20,0x73,0x64,0x66,0x5f,0x67,0x65,0x74,0x5f,0x73,0x68,0x61,0x70,0x65,0x5f,
    0x64,0x69,0x73,0x74,0x28,0x70,0x61,0x72,0x61,0x6d,0x2c,0x20,0x70,0x61,0x72,0x61,
    0x6d,0x5f,0x31,0x29,0x3b,0x0a,0x20,0x20,0x20,0x20,0x20,0x20,0x20,0x20,0x64,0x20,
    0x3d,0x20,0x6d,0x69,0x6e,0x28,0x64,0x2c,0x20,0x5f,0x34,0x33,0x39,0x29,0x3b,0x0a,
    0x20,0x20,0x20,0x20,0x7d,0x0a,0x20,0x20,0x20,0x20,0x66,0x6c,0x6f,0x61,0x74,0x20,
    0x64,0x5f,0x64,0x65,0x63,0x6f,0x6d,0x70,0x6f,0x73,0x65,0x64,0x20,0x3d,0x20,0x32,
    0x35,0x36,0x2e,0x30,0x3b,0x0a,0x20,0x20,0x20,0x20,0x66,0x6f,0x72,0x20,0x28,0x69,
    0x6e,0x74,0x20,0x69,0x5f,0x31,0x20,0x3d,0x20,0x30,0x3b,0x20,0x69,0x5f,0x31,0x20,
    0x3c,0x20,0x5f,0x38,0x38,0x2e,0x64,0x65,0x63,0x6f,0x6d,0x70,0x6f,0x73,0x65,0x64,
    0x5f,0x73,0x64,0x66,0x5f,0x63,0x6f,0x75,0x6e,0x74,0x3b,0x20,0x69,0x5f,0x31,0x2b,
    0x2b,0x29,0x0a,0x20,0x20,0x20,0x20,0x7b,0x0a,0x20,0x20,0x20,0x20,0x20,0x20,0x20,
    0x20,0x76,0x65,0x63,0x32,0x20,0x70,0x61,0x72,0x61,0x6d,0x5f,0x32,0x20,0x3d,0x20,
    0x70,0x3b,0x0a,0x20,0x20,0x20,0x20,0x20,0x20,0x20,0x20,0x73,0x64,0x66,0x5f,0x73,
    0x68,0x61,0x70,0x65,0x20,0x70,0x61,0x72,0x61,0x6d,0x5f,0x33,0x20,0x3d,0x20,0x73,
    0x64,0x66,0x5f,0x73,0x68,0x61,0x70,0x65,0x28,0x5f,0x34,0x36,0x30,0x2e,0x64,0x65,
    0x63,0x6f,0x6d,0x70,0x6f,0x73,0x65,0x64,0x5f,0x73,0x64,0x66,0x5f,0x73,0x68,0x61,
    0x70,0x65,0x73,0x5b,0x69,0x5f,0x31,0x5d,0x2e,0x70,0x6f,0x73,0x69,0x74,0x69,0x6f,
    0x6e,0x2c,0x20,0x5f,0x34,0x36,0x30,0x2e,0x64,0x65,0x63,0x6f,0x6d,0x70,0x6f,0x73,
    0x65,0x64,0x5f,0x73,0x64,0x66,0x5f,0x73,0x68,0x61,0x70,0x65,0x73,0x5b,0x69,0x5f,
    0x31,0x5d,0x2e,0x61,0x6e,0x67,0x6c,0x65,0x2c,0x20,0x5f,0x34,0x36,0x30,0x2e,0x64,
    0x65,0x63,0x6f,0x6d,0x70,0x6f,0x73,0x65,0x64,0x5f,0x73,0x64,0x66,0x5f,0x73,0x68,
    0x61,0x70,0x65,0x73,0x5b,0x69,0x5f,0x31,0x5d,0x2e,0x73,0x68,0x61,0x70,0x65,0x5f,
    0x74,0x79,0x70,0x65,0x2c,0x20,0x5f,0x34,0x36,0x30,0x2e,0x64,0x65,0x63,0x6f,0x6d,
    0x70,0x6f,0x73,0x65,0x64,0x5f,0x73,0x64,0x66,0x5f,0x73,0x68,0x61,0x70,0x65,0x73,
    0x5b,0x69,0x5f,0x31,0x5d,0x2e,0x73,0x69,0x7a,0x65,0x2c,0x20,0x5f,0x34,0x36,0x30,
    0x2e,0x64,0x65,0x63,0x6f,0x6d,0x70,0x6f,0x73,0x65,0x64,0x5f,0x73,0x64,0x66,0x5f,
    0x73,0x68,0x61,0x70,0x65,0x73,0x5b,0x69,0x5f,0x31,0x5d,0x2e,0x5f,0x70,0x61,0x64,
    0x30,0x2c,0x20,0x5f,0x34,0x36,0x30,0x2e,0x64,0x65,0x63,0x6f,0x6d,0x70,0x6f,0x73,
    0x65,0x64,0x5f,0x73,0x64,0x66,0x5f,0x73,0x68,0x61,0x70,0x65,0x73,0x5b,0x69,0x5f,
    0x31,0x5d,0x2e,0x5f,0x70,0x61,0x64,0x31,0x29,0x3b,0x0a,0x20,0x20,0x20,0x20,0x20,
    0x20,0x20,0x20,0x66,0x6c,0x6f,0x61,0x74,0x20,0x5f,0x34,0x38,0x31,0x20,0x3d,0x20,
    0x73,0x64,0x66,0x5f,0x67,0x65,0x74,0x5f,0x73,0x68,0x61,0x70,0x65,0x5f,0x64,0x69,
    0x73,0x74,0x28,0x70,0x61,0x72,0x61,0x6d,0x5f,0x32,0x2c,0x20,0x70,0x61,0x72,0x61,
    0x6d,0x5f,0x33,0x29,0x3b,0x0a,0x20,0x20,0x20,0x20,0x20,0x20,0x20,0x20,0x64,0x5f,
    0x64,0x65,0x63,0x6f,0x6d,0x70,0x6f,0x73,0x65,0x64,0x20,0x3d,0x20,0x6d,0x69,0x6e,
    0x28,0x64,0x5f,0x64,0x65,0x63,0x6f,0x6d,0x70,0x6f,0x73,0x65,0x64,0x2c,0x20,0x5f,
    0x34,0x38,0x31,0x29,0x3b,0x0a,0x20,0x20,0x20,0x20,0x7d,0x0a,0x20,0x20,0x20,0x20,
    0x72,0x65,0x74,0x75,0x72,0x6e,0x20,0x6d,0x61,0x78,0x28,0x64,0x2c,0x20,0x2d,0x64,
    0x5f,0x64,0x65,0x63,0x6f,0x6d,0x70,0x6f,0x73,0x65,0x64,0x29,0x3b,0x0a,0x7d,0x0a,
    0x0a,0x66,0x6c,0x6f,0x61,0x74,0x20,0x67,0x65,0x74,0x5f,0x73,0x68,0x61,0x64,0x6f,
    0x77,0x28,0x66,0x6c,0x6f,0x61,0x74,0x20,0x64,0x2c,0x20,0x66,0x6c,0x6f,0x61,0x74,
    0x20,0x73,0x68,0x61,0x64,0x6f,0x77,0x5f,0x6d,0x61,0x78,0x2c,0x20,0x66,0x6c,0x6f,
    0x61,0x74,0x20,0x73,0x68,0x61,0x64,0x6f,0x77,0x5f,0x6f,0x70,0x61,0x63,0x69,0x74,
    0x79,0x29,0x0a,0x7b,0x0a,0x20,0x20,0x20,0x20,0x72,0x65,0x74,0x75,0x72,0x6e,0x20,
    0x28,0x28,0x63,0x6c,0x61,0x6d,0x70,0x28,0x61,0x62,0x73,0x28,0x64,0x29,0x2c,0x20,
    0x30,0x2e,0x30,0x2c,0x20,0x73,0x68,0x61,0x64,0x6f,0x77,0x5f,0x6d,0x61,0x78,0x29,
    0x20,0x2a,0x20,0x28,0x31,0x2e,0x30,0x20,0x2f,0x20,0x73,0x68,0x61,0x64,0x6f,0x77,
    0x5f,0x6d,0x61,0x78,0x29,0x29,0x20,0x2a,0x20,0x73,0x68,0x61,0x64,0x6f,0x77,0x5f,
    0x6f,0x70,0x61,0x63,0x69,0x74,0x79,0x29,0x20,0x2b,0x20,0x28,0x31,0x2e,0x30,0x20,
    0x2d,0x20,0x73,0x68,0x61,0x64,0x6f,0x77,0x5f,0x6f,0x70,0x61,0x63,0x69,0x74,0x79,
    0x29,0x3b,0x0a,0x7d,0x0a,0x0a,0x76,0x6f,0x69,0x64,0x20,0x6d,0x61,0x69,0x6e,0x28,
    0x29,0x0a,0x7b,0x0a,0x20,0x20,0x20,0x20,0x76,0x65,0x63,0x32,0x20,0x70,0x61,0x72,
    0x61,0x6d,0x20,0x3d,0x20,0x70,0x6f,0x73,0x3b,0x0a,0x20,0x20,0x20,0x20,0x66,0x6c,
    0x6f,0x61,0x74,0x20,0x5f,0x35,0x31,0x34,0x20,0x3d,0x20,0x64,0x65,0x5f,0x73,0x63,
    0x65,0x6e,0x65,0x28,0x70,0x61,0x72,0x61,0x6d,0x29,0x3b,0x0a,0x20,0x20,0x20,0x20,
    0x76,0x65,0x63,0x33,0x20,0x63,0x6f,0x6c,0x6f,0x72,0x20,0x3d,0x20,0x76,0x65,0x63,
    0x33,0x28,0x31,0x2e,0x30,0x29,0x3b,0x0a,0x20,0x20,0x20,0x20,0x62,0x6f,0x6f,0x6c,
    0x20,0x5f,0x35,0x34,0x30,0x20,0x3d,0x20,0x5f,0x35,0x31,0x34,0x20,0x3e,0x20,0x30,
    0x2e,0x30,0x30,0x31,0x30,0x30,0x30,0x30,0x30,0x30,0x30,0x34,0x37,0x34,0x39,0x37,
    0x34,0x35,0x31,0x33,0x30,0x35,0x33,0x38,0x39,0x34,0x30,0x34,0x32,0x39,0x36,0x38,
    0x37,0x35,0x3b,0x0a,0x20,0x20,0x20,0x20,0x62,0x6f,0x6f,0x6c,0x20,0x5f,0x35,0x34,
    0x38,0x3b,0x0a,0x20,0x20,0x20,0x20,0x69,0x66,0x20,0x28,0x21,0x5f,0x35,0x34,0x30,
    0x29,0x0a,0x20,0x20,0x20,0x20,0x7b,0x0a,0x20,0x20,0x20,0x20,0x20,0x20,0x20,0x20,
    0x5f,0x35,0x34,0x38,0x20,0x3d,0x20,0x5f,0x35,0x31,0x34,0x20,0x3c,0x20,0x28,0x2d,
    0x30,0x2e,0x30,0x30,0x31,0x30,0x30,0x30,0x30,0x30,0x30,0x30,0x34,0x37,0x34,0x39,
    0x37,0x34,0x35,0x31,0x33,0x30,0x35,0x33,0x38,0x39,0x34,0x30,0x34,0x32,0x39,0x36,
    0x38,0x37,0x35,0x29,0x3b,0x0a,0x20,0x20,0x20,0x20,0x7d,0x0a,0x20,0x20,0x20,0x20,
    0x65,0x6c,0x73,0x65,0x0a,0x20,0x20,0x20,0x20,0x7b,0x0a,0x20,0x20,0x20,0x20,0x20,
    0x20,0x20,0x20,0x5f,0x35,0x34,0x38,0x20,0x3d,0x20,0x5f,0x35,0x34,0x30,0x3b,0x0a,
    0x20,0x20,0x20,0x20,0x7d,0x0a,0x20,0x20,0x20,0x20,0x69,0x66,0x20,0x28,0x5f,0x35,
    0x34,0x38,0x29,0x0a,0x20,0x20,0x20,0x20,0x7b,0x0a,0x20,0x20,0x20,0x20,0x20,0x20,
    0x20,0x20,0x66,0x6c,0x6f,0x61,0x74,0x20,0x5f,0x35,0x35,0x39,0x20,0x3d,0x20,0x31,
    0x2e,0x30,0x20,0x2d,0x20,0x28,0x28,0x73,0x69,0x6e,0x28,0x5f,0x35,0x31,0x34,0x20,
    0x2a,0x20,0x35,0x31,0x32,0x2e,0x30,0x29,0x20,0x2b,0x20,0x31,0x2e,0x30,0x29,0x20,
    0x2a,0x20,0x30,0x2e,0x31,0x30,0x30,0x30,0x30,0x30,0x30,0x30,0x31,0x34,0x39,0x30,
    0x31,0x31,0x36,0x31,0x31,0x39,0x33,0x38,0x34,0x37,0x36,0x35,0x36,0x32,0x35,0x29,
    0x3b,0x0a,0x20,0x20,0x20,0x20,0x20,0x20,0x20,0x20,0x66,0x6c,0x6f,0x61,0x74,0x20,
    0x70,0x61,0x72,0x61,0x6d,0x5f,0x31,0x20,0x3d,0x20,0x5f,0x35,0x31,0x34,0x3b,0x0a,
    0x20,0x20,0x20,0x20,0x20,0x20,0x20,0x20,0x66,0x6c,0x6f,0x61,0x74,0x20,0x70,0x61,
    0x72,0x61,0x6d,0x5f,0x32,0x20,0x3d,0x20,0x30,0x2e,0x30,0x35,0x30,0x30,0x30,0x30,
    0x30,0x30,0x30,0x37,0x34,0x35,0x30,0x35,0x38,0x30,0x35,0x39,0x36,0x39,0x32,0x33,
    0x38,0x32,0x38,0x31,0x32,0x35,0x3b,0x0a,0x20,0x20,0x20,0x20,0x20,0x20,0x20,0x20,
    0x66,0x6c,0x6f,0x61,0x74,0x20,0x70,0x61,0x72,0x61,0x6d,0x5f,0x33,0x20,0x3d,0x20,
    0x30,0x2e,0x35,0x3b,0x0a,0x20,0x20,0x20,0x20,0x20,0x20,0x20,0x20,0x66,0x6c,0x6f,
    0x61,0x74,0x20,0x5f,0x35,0x36,0x36,0x20,0x3d,0x20,0x67,0x65,0x74,0x5f,0x73,0x68,
    0x61,0x64,0x6f,0x77,0x28,0x70,0x61,0x72,0x61,0x6d,0x5f,0x31,0x2c,0x20,0x70,0x61,
    0x72,0x61,0x6d,0x5f,0x32,0x2c,0x20,0x70,0x61,0x72,0x61,0x6d,0x5f,0x33,0x29,0x3b,
    0x0a,0x20,0x20,0x20,0x20,0x20,0x20,0x20,0x20,0x69,0x66,0x20,0x28,0x5f,0x35,0x34,
    0x30,0x29,0x0a,0x20,0x20,0x20,0x20,0x20,0x20,0x20,0x20,0x7b,0x0a,0x20,0x20,0x20,
    0x20,0x20,0x20,0x20,0x20,0x20,0x20,0x20,0x20,0x66,0x6c,0x6f,0x61,0x74,0x20,0x70,
    0x61,0x72,0x61,0x6d,0x5f,0x34,0x20,0x3d,0x20,0x5f,0x35,0x31,0x34,0x3b,0x0a,0x20,
    0x20,0x20,0x20,0x20,0x20,0x20,0x20,0x20,0x20,0x20,0x20,0x66,0x6c,0x6f,0x61,0x74,
    0x20,0x70,0x61,0x72,0x61,0x6d,0x5f,0x35,0x20,0x3d,0x20,0x30,0x2e,0x32,0x35,0x3b,
    0x0a,0x20,0x20,0x20,0x20,0x20,0x20,0x20,0x20,0x20,0x20,0x20,0x20,0x66,0x6c,0x6f,
    0x61,0x74,0x20,0x70,0x61,0x72,0x61,0x6d,0x5f,0x36,0x20,0x3d,0x20,0x31,0x2e,0x30,
    0x3b,0x0a,0x20,0x20,0x20,0x20,0x20,0x20,0x20,0x20,0x20,0x20,0x20,0x20,0x66,0x6c,
    0x6f,0x61,0x74,0x20,0x5f,0x35,0x37,0x38,0x20,0x3d,0x20,0x67,0x65,0x74,0x5f,0x73,
    0x68,0x61,0x64,0x6f,0x77,0x28,0x70,0x61,0x72,0x61,0x6d,0x5f,0x34,0x2c,0x20,0x70,
    0x61,0x72,0x61,0x6d,0x5f,0x35,0x2c,0x20,0x70,0x61,0x72,0x61,0x6d,0x5f,0x36,0x29,
    0x3b,0x0a,0x20,0x20,0x20,0x20,0x20,0x20,0x20,0x20,0x20,0x20,0x20,0x20,0x63,0x6f,
    0x6c,0x6f,0x72,0x20,0x3d,0x20,0x28,0x28,0x28,0x76,0x65,0x63,0x33,0x28,0x30,0x2e,
    0x39,0x37,0x32,0x30,0x30,0x30,0x30,0x30,0x32,0x38,0x36,0x31,0x30,0x32,0x32,0x39,
    0x34,0x39,0x32,0x31,0x38,0x37,0x35,0x2c,0x20,0x30,0x2e,0x39,0x37,0x36,0x30,0x30,
    0x30,0x30,0x31,0x30,0x39,0x36,0x37,0x32,0x35,0x34,0x36,0x33,0x38,0x36,0x37,0x31,
    0x38,0x37,0x35,0x2c,0x20,0x30,0x2e,0x39,0x38,0x37,0x39,0x39,0x39,0x39,0x37,0x35,
    0x36,0x38,0x31,0x33,0x30,0x34,0x39,0x33,0x31,0x36,0x34,0x30,0x36,0x32,0x35,0x29,
    0x20,0x2a,0x20,0x5f,0x35,0x35,0x39,0x29,0x20,0x2a,0x20,0x28,0x31,0x2e,0x30,0x20,
    0x2d,0x20,0x5f,0x35,0x37,0x38,0x29,0x29,0x20,0x2b,0x20,0x28,0x76,0x65,0x63,0x33,
    0x28,0x30,0x2e,0x39,0x37,0x32,0x30,0x30,0x30,0x30,0x30,0x32,0x38,0x36,0x31,0x30,
    0x32,0x32,0x39,0x34,0x39,0x32,0x31,0x38,0x37,0x35,0x2c,0x20,0x30,0x2e,0x39,0x37,
    0x36,0x30,0x30,0x30,0x30,0x31,0x30,0x39,0x36,0x37,0x32,0x35,0x34,0x36,0x33,0x38,
    0x36,0x37,0x31,0x38,0x37,0x35,0x2c,0x20,0x30,0x2e,0x39,0x38,0x37,0x39,0x39,0x39,
    0x39,0x37,0x35,0x36,0x38,0x31,0x33,0x30,0x34,0x39,0x33,0x31,0x36,0x34,0x30,0x36,
    0x32,0x35,0x29,0x20,0x2a,0x20,0x5f,0x35,0x37,0x38,0x29,0x29,0x20,0x2a,0x20,0x5f,
    0x35,0x36,0x36,0x3b,0x0a,0x20,0x20,0x20,0x20,0x20,0x20,0x20,0x20,0x7d,0x0a,0x20,
    0x20,0x20,0x20,0x20,0x20,0x20,0x20,0x69,0x66,0x20,0x28,0x5f,0x35,0x31,0x34,0x20,
    0x3c,0x20,0x28,0x2d,0x30,0x2e,0x30,0x30,0x31,0x30,0x30,0x30,0x30,0x30,0x30,0x30,
    0x34,0x37,0x34,0x39,0x37,0x34,0x35,0x31,0x33,0x30,0x35,0x33,0x38,0x39,0x34,0x30,
    0x34,0x32,0x39,0x36,0x38,0x37,0x35,0x29,0x29,0x0a,0x20,0x20,0x20,0x20,0x20,0x20,
    0x20,0x20,0x7b,0x0a,0x20,0x20,0x20,0x20,0x20,0x20,0x20,0x20,0x20,0x20,0x20,0x20,
    0x63,0x6f,0x6c,0x6f,0x72,0x20,0x3d,0x20,0x28,0x76,0x65,0x63,0x33,0x28,0x31,0x2e,
    0x30,0x2c,0x20,0x30,0x2e,0x34,0x39,0x30,0x30,0x30,0x30,0x30,0x30,0x39,0x35,0x33,
    0x36,0x37,0x34,0x33,0x31,0x36,0x34,0x30,0x36,0x32,0x35,0x2c,0x20,0x30,0x2e,0x35,
    0x38,0x39,0x39,0x39,0x39,0x39,0x37,0x33,0x37,0x37,0x33,0x39,0x35,0x36,0x32,0x39,
    0x38,0x38,0x32,0x38,0x31,0x32,0x35,0x29,0x20,0x2a,0x20,0x5f,0x35,0x35,0x39,0x29,
    0x20,0x2a,0x20,0x5f,0x35,0x36,0x36,0x3b,0x0a,0x20,0x20,0x20,0x20,0x20,0x20,0x20,
    0x20,0x7d,0x0a,0x20,0x20,0x20,0x20,0x7d,0x0a,0x20,0x20,0x20,0x20,0x66,0x72,0x61,
    0x67,0x5f,0x63,0x6f,0x6c,0x6f,0x72,0x20,0x3d,0x20,0x76,0x65,0x63,0x34,0x28,0x63,
    0x6f,0x6c,0x6f,0x72,0x2c,0x20,0x31,0x2e,0x30,0x29,0x3b,0x0a,0x7d,0x0a,0x0a,0x00,

};
/*
    #version 300 es

    uniform vec4 vs_params[1];
    layout(location = 0) in vec4 position;
    out vec2 pos;

    void main()
    {
        gl_Position = position;
        pos.x = position.x * vs_params[0].x;
        pos.y = position.y;
    }

*/
static const uint8_t vs_source_glsl300es[209] = {
    0x23,0x76,0x65,0x72,0x73,0x69,0x6f,0x6e,0x20,0x33,0x30,0x30,0x20,0x65,0x73,0x0a,
    0x0a,0x75,0x6e,0x69,0x66,0x6f,0x72,0x6d,0x20,0x76,0x65,0x63,0x34,0x20,0x76,0x73,
    0x5f,0x70,0x61,0x72,0x61,0x6d,0x73,0x5b,0x31,0x5d,0x3b,0x0a,0x6c,0x61,0x79,0x6f,
    0x75,0x74,0x28,0x6c,0x6f,0x63,0x61,0x74,0x69,0x6f,0x6e,0x20,0x3d,0x20,0x30,0x29,
    0x20,0x69,0x6e,0x20,0x76,0x65,0x63,0x34,0x20,0x70,0x6f,0x73,0x69,0x74,0x69,0x6f,
    0x6e,0x3b,0x0a,0x6f,0x75,0x74,0x20,0x76,0x65,0x63,0x32,0x20,0x70,0x6f,0x73,0x3b,
    0x0a,0x0a,0x76,0x6f,0x69,0x64,0x20,0x6d,0x61,0x69,0x6e,0x28,0x29,0x0a,0x7b,0x0a,
    0x20,0x20,0x20,0x20,0x67,0x6c,0x5f,0x50,0x6f,0x73,0x69,0x74,0x69,0x6f,0x6e,0x20,
    0x3d,0x20,0x70,0x6f,0x73,0x69,0x74,0x69,0x6f,0x6e,0x3b,0x0a,0x20,0x20,0x20,0x20,
    0x70,0x6f,0x73,0x2e,0x78,0x20,0x3d,0x20,0x70,0x6f,0x73,0x69,0x74,0x69,0x6f,0x6e,
    0x2e,0x78,0x20,0x2a,0x20,0x76,0x73,0x5f,0x70,0x61,0x72,0x61,0x6d,0x73,0x5b,0x30,
    0x5d,0x2e,0x78,0x3b,0x0a,0x20,0x20,0x20,0x20,0x70,0x6f,0x73,0x2e,0x79,0x20,0x3d,
    0x20,0x70,0x6f,0x73,0x69,0x74,0x69,0x6f,0x6e,0x2e,0x79,0x3b,0x0a,0x7d,0x0a,0x0a,
    0x00,
};
/*
    #version 300 es
    precision mediump float;
    precision highp int;

    struct sdf_shape
    {
        highp vec2 position;
        highp float angle;
        int shape_type;
        highp vec2 size;
        int _pad0;
        int _pad1;
    };

    struct fs_params
    {
        int original_sdf_count;
        int decomposed_sdf_count;
        highp vec2 camera_position;
        highp float camera_zoom;
    };

    uniform fs_params _88;

    layout(std430) readonly buffer original_sdf_buffer
    {
        sdf_shape original_sdf_shapes[];
    } _415;

    layout(std430) readonly buffer decomposed_sdf_buffer
    {
        sdf_shape decomposed_sdf_shapes[];
    } _460;

    in highp vec2 pos;
    layout(location = 0) out highp vec4 frag_color;

    highp vec2 sdf_rotate(highp vec2 p, highp float angle)
    {
        highp float _66 = cos(angle);
        highp float _69 = sin(angle);
        return mat2(vec2(_66, -_69), vec2(_69, _66)) * p;
    }

    highp vec2 sdf_transform(highp vec2 p, highp vec2 position, highp float angle)
    {
        highp vec2 param = ((p * _88.camera_zoom) - position) - _88.camera_position;
        highp float param_1 = angle;
        return sdf_rotate(param, param_1);
    }

    highp float de_circle(highp vec2 p, highp float r)
    {
        return length(p) - r;
    }

    highp float de_box(highp vec2 p, highp vec2 b)
    {
        highp vec2 _117 = abs(p) - b;
        return length(max(_117, vec2(0.0))) + min(max(_117.x, _117.y), 0.0);
    }

    highp float de_eq_triangle(inout highp vec2 p, highp float r)
    {
        p.x = abs(p.x) - r;
        p.y += (r * 0.57735025882720947265625);
        if ((p.x + (1.73205077648162841796875 * p.y)) > 0.0)
        {
            p = vec2(p.x - (1.73205077648162841796875 * p.y), ((-1.73205077648162841796875) * p.x) - p.y) * vec2(0.5);
        }
        p.x -= clamp(p.x, (-2.0) * r, 0.0);
        return (-length(p)) * sign(p.y);
    }

    highp float de_pentagram(inout highp vec2 p, highp float r)
    {
        p.x = abs(p.x);
        p -= (vec2(0.809017002582550048828125, -0.587785243988037109375) * (2.0 * max(dot(vec2(0.809017002582550048828125, -0.587785243988037109375), p), 0.0)));
        p -= (vec2(-0.809017002582550048828125, -0.587785243988037109375) * (2.0 * max(dot(vec2(-0.809017002582550048828125, -0.587785243988037109375), p), 0.0)));
        p.x = abs(p.x);
        p.y -= r;
        return length(p - (vec2(0.309017002582550048828125, -0.951056540012359619140625) * clamp(dot(p, vec2(0.309017002582550048828125, -0.951056540012359619140625)), 0.0, 0.726542532444000244140625 * r))) * sign((p.y * 0.309017002582550048828125) - (p.x * (-0.951056540012359619140625)));
    }

    highp float de_horseshoe(inout highp vec2 p, highp vec2 c, highp float r, highp vec2 w)
    {
        p.x = abs(p.x);
        highp vec2 _254 = p;
        highp float _255 = length(_254);
        p = mat2(vec2(-c.x, c.y), vec2(c.y, c.x)) * p;
        bool _272 = p.y > 0.0;
        bool _279;
        if (!_272)
        {
            _279 = p.x > 0.0;
        }
        else
        {
            _279 = _272;
        }
        highp float _280;
        if (_279)
        {
            _280 = p.x;
        }
        else
        {
            _280 = _255 * sign(-c.x);
        }
        highp float _296;
        if (p.x > 0.0)
        {
            _296 = p.y;
        }
        else
        {
            _296 = _255;
        }
        p = vec2(_280, _296);
        p = vec2(p.x, abs(p.y - r)) - w;
        return length(max(p, vec2(0.0))) + min(0.0, max(p.x, p.y));
    }

    highp float sdf_get_shape_dist(inout highp vec2 p, sdf_shape shape)
    {
        highp vec2 param = p;
        highp vec2 param_1 = shape.position;
        highp float param_2 = shape.angle;
        p = sdf_transform(param, param_1, param_2);
        highp float d = 256.0;
        switch (shape.shape_type)
        {
            case 0:
            {
                break;
            }
            case 1:
            {
                highp vec2 param_3 = p;
                highp float param_4 = shape.size.x;
                d = de_circle(param_3, param_4);
                break;
            }
            case 2:
            {
                highp vec2 param_5 = p;
                highp vec2 param_6 = shape.size;
                d = de_box(param_5, param_6);
                break;
            }
            case 3:
            {
                highp vec2 param_7 = p;
                highp float param_8 = shape.size.x;
                highp float _371 = de_eq_triangle(param_7, param_8);
                d = _371;
                break;
            }
            case 4:
            {
                highp vec2 param_9 = p;
                highp float param_10 = shape.size.x;
                highp float _378 = de_pentagram(param_9, param_10);
                d = _378;
                break;
            }
            case 5:
            {
                highp vec2 param_11 = p;
                highp vec2 param_12 = vec2(0.19866932928562164306640625, 0.980066597461700439453125);
                highp float param_13 = 0.5;
                highp vec2 param_14 = vec2(0.300000011920928955078125, 0.100000001490116119384765625);
                highp float _392 = de_horseshoe(param_11, param_12, param_13, param_14);
                d = _392;
                break;
            }
        }
        return d;
    }

    highp float de_scene(highp vec2 p)
    {
        highp float d = 256.0;
        for (int i = 0; i < _88.original_sdf_count; i++)
        {
            highp vec2 param = p;
            sdf_shape param_1 = sdf_shape(_415.original_sdf_shapes[i].position, _415.original_sdf_shapes[i].angle, _415.original_sdf_shapes[i].shape_type, _415.original_sdf_shapes[i].size, _415.original_sdf_shapes[i]._pad0, _415.original_sdf_shapes[i]._pad1);
            highp float _439 = sdf_get_shape_dist(param, param_1);
            d = min(d, _439);
        }
        highp float d_decomposed = 256.0;
        for (int i_1 = 0; i_1 < _88.decomposed_sdf_count; i_1++)
        {
            highp vec2 param_2 = p;
            sdf_shape param_3 = sdf_shape(_460.decomposed_sdf_shapes[i_1].position, _460.decomposed_sdf_shapes[i_1].angle, _460.decomposed_sdf_shapes[i_1].shape_type, _460.decomposed_sdf_shapes[i_1].size, _460.decomposed_sdf_shapes[i_1]._pad0, _460.decomposed_sdf_shapes[i_1]._pad1);
            highp float _481 = sdf_get_shape_dist(param_2, param_3);
            d_decomposed = min(d_decomposed, _481);
        }
        return max(d, -d_decomposed);
    }

    highp float get_shadow(highp float d, highp float shadow_max, highp float shadow_opacity)
    {
        return ((clamp(abs(d), 0.0, shadow_max) * (1.0 / shadow_max)) * shadow_opacity) + (1.0 - shadow_opacity);
    }

    void main()
    {
        highp vec2 param = pos;
        highp float _514 = de_scene(param);
        highp vec3 color = vec3(1.0);
        bool _540 = _514 > 0.001000000047497451305389404296875;
        bool _548;
        if (!_540)
        {
            _548 = _514 < (-0.001000000047497451305389404296875);
        }
        else
        {
            _548 = _540;
        }
        if (_548)
        {
            highp float _559 = 1.0 - ((sin(_514 * 512.0) + 1.0) * 0.100000001490116119384765625);
            highp float param_1 = _514;
            highp float param_2 = 0.0500000007450580596923828125;
            highp float param_3 = 0.5;
            highp float _566 = get_shadow(param_1, param_2, param_3);
            if (_540)
            {
                highp float param_4 = _514;
                highp float param_5 = 0.25;
                highp float param_6 = 1.0;
                highp float _578 = get_shadow(param_4, param_5, param_6);
                color = (((vec3(0.97200000286102294921875, 0.976000010967254638671875, 0.987999975681304931640625) * _559) * (1.0 - _578)) + (vec3(0.97200000286102294921875, 0.976000010967254638671875, 0.987999975681304931640625) * _578)) * _566;
            }
            if (_514 < (-0.001000000047497451305389404296875))
            {
                color = (vec3(1.0, 0.4900000095367431640625, 0.589999973773956298828125) * _559) * _566;
            }
        }
        frag_color = vec4(color, 1.0);
    }

*/
static const uint8_t fs_source_glsl300es[7376] = {
    0x23,0x76,0x65,0x72,0x73,0x69,0x6f,0x6e,0x20,0x33,0x30,0x30,0x20,0x65,0x73,0x0a,
    0x70,0x72,0x65,0x63,0x69,0x73,0x69,0x6f,0x6e,0x20,0x6d,0x65,0x64,0x69,0x75,0x6d,
    0x70,0x20,0x66,0x6c,0x6f,0x61,0x74,0x3b,0x0a,0x70,0x72,0x65,0x63,0x69,0x73,0x69,
    0x6f,0x6e,0x20,0x68,0x69,0x67,0x68,0x70,0x20,0x69,0x6e,0x74,0x3b,0x0a,0x0a,0x73,
    0x74,0x72,0x75,0x63,0x74,0x20,0x73,0x64,0x66,0x5f,0x73,0x68,0x61,0x70,0x65,0x0a,
    0x7b,0x0a,0x20,0x20,0x20,0x20,0x68,0x69,0x67,0x68,0x70,0x20,0x76,0x65,0x63,0x32,
    0x20,0x70,0x6f,0x73,0x69,0x74,0x69,0x6f,0x6e,0x3b,0x0a,0x20,0x20,0x20,0x20,0x68,
    0x69,0x67,0x68,0x70,0x20,0x66,0x6c,0x6f,0x61,0x74,0x20,0x61,0x6e,0x67,0x6c,0x65,
    0x3b,0x0a,0x20,0x20,0x20,0x20,0x69,0x6e,0x74,0x20,0x73,0x68,0x61,0x70,0x65,0x5f,
    0x74,0x79,0x70,0x65,0x3b,0x0a,0x20,0x20,0x20,0x20,0x68,0x69,0x67,0x68,0x70,0x20,
    0x76,0x65,0x63,0x32,0x20,0x73,0x69,0x7a,0x65,0x3b,0x0a,0x20,0x20,0x20,0x20,0x69,
    0x6e,0x74,0x20,0x5f,0x70,0x61,0x64,0x30,0x3b,0x0a,0x20,0x20,0x20,0x20,0x69,0x6e,
    0x74,0x20,0x5f,0x70,0x61,0x64,0x31,0x3b,0x0a,0x7d,0x3b,0x0a,0x0a,0x73,0x74,0x72,
    0x75,0x63,0x74,0x20,0x66,0x73,0x5f,0x70,0x61,0x72,0x61,0x6d,0x73,0x0a,0x7b,0x0a,
    0x20,0x20,0x20,0x20,0x69,0x6e,0x74,0x20,0x6f,0x72,0x69,0x67,0x69,0x6e,0x61,0x6c,
    0x5f,0x73,0x64,0x66,0x5f,0x63,0x6f,0x75,0x6e,0x74,0x3b,0x0a,0x20,0x20,0x20,0x20,
    0x69,0x6e,0x74,0x20,0x64,0x65,0x63,0x6f,0x6d,0x70,0x6f,0x73,0x65,0x64,0x5f,0x73,
    0x64,0x66,0x5f,0x63,0x6f,0x75,0x6e,0x74,0x3b,0x0a,0x20,0x20,0x20,0x20,0x68,0x69,
    0x67,0x68,0x70,0x20,0x76,0x65,0x63,0x32,0x20,0x63,0x61,0x6d,0x65,0x72,0x61,0x5f,
    0x70,0x6f,0x73,0x69,0x74,0x69,0x6f,0x6e,0x3b,0x0a,0x20,0x20,0x20,0x20,0x68,0x69,
    0x67,0x68,0x70,0x20,0x66,0x6c,0x6f,0x61,0x74,0x20,0x63,0x61,0x6d,0x65,0x72,0x61,
    0x5f,0x7a,0x6f,0x6f,0x6d,0x3b,0x0a,0x7d,0x3b,0x0a,0x0a,0x75,0x6e,0x69,0x66,0x6f,
    0x72,0x6d,0x20,0x66,0x73,0x5f,0x70,0x61,0x72,0x61,0x6d,0x73,0x20,0x5f,0x38,0x38,
    0x3b,0x0a,0x0a,0x6c,0x61,0x79,0x6f,0x75,0x74,0x28,0x73,0x74,0x64,0x34,0x33,0x30,
    0x29,0x20,0x72,0x65,0x61,0x64,0x6f,0x6e,0x6c,0x79,0x20,0x62,0x75,0x66,0x66,0x65,
    0x72,0x20,0x6f,0x72,0x69,0x67,0x69,0x6e,0x61,0x6c,0x5f,0x73,0x64,0x66,0x5f,0x62,
    0x75,0x66,0x66,0x65,0x72,0x0a,0x7b,0x0a,0x20,0x20,0x20,0x20,0x73,0x64,0x66,0x5f,
    0x73,0x68,0x61,0x70,0x65,0x20,0x6f,0x72,0x69,0x67,0x69,0x6e,0x61,0x6c,0x5f,0x73,
    0x64,0x66,0x5f,0x73,0x68,0x61,0x70,0x65,0x73,0x5b,0x5d,0x3b,0x0a,0x7d,0x20,0x5f,
    0x34,0x31,0x35,0x3b,0x0a,0x0a,0x6c,0x61,0x79,0x6f,0x75,0x74,0x28,0x73,0x74,0x64,
    0x34,0x33,0x30,0x29,0x20,0x72,0x65,0x61,0x64,0x6f,0x6e,0x6c,0x79,0x20,0x62,0x75,
    0x66,0x66,0x65,0x72,0x20,0x64,0x65,0x63,0x6f,0x6d,0x70,0x6f,0x73,0x65,0x64,0x5f,
    0x73,0x64,0x66,0x5f,0x62,0x75,0x66,0x66,0x65,0x72,0x0a,0x7b,0x0a,0x20,0x20,0x20,
    0x20,0x73,0x64,0x66,0x5f,0x73,0x68,0x61,0x70,0x65,0x20,0x64,0x65,0x63,0x6f,0x6d,
    0x70,0x6f,0x73,0x65,0x64,0x5f,0x73,0x64,0x66,0x5f,0x73,0x68,0x61,0x70,0x65,0x73,
    0x5b,0x5d,0x3b,0x0a,0x7d,0x20,0x5f,0x34,0x36,0x30,0x3b,0x0a,0x0a,0x69,0x6e,0x20,
    0x68,0x69,0x67,0x68,0x70,0x20,0x76,0x65,0x63,0x32,0x20,0x70,0x6f,0x73,0x3b,0x0a,
    0x6c,0x61,0x79,0x6f,0x75,0x74,0x28,0x6c,0x6f,0x63,0x61,0x74,0x69,0x6f,0x6e,0x20,
    0x3d,0x20,0x30,0x29,0x20,0x6f,0x75,0x74,0x20,0x68,0x69,0x67,0x68,0x70,0x20,0x76,
    0x65,0x63,0x34,0x20,0x66,0x72,0x61,0x67,0x5f,0x63,0x6f,0x6c,0x6f,0x72,0x3b,0x0a,
    0x0a,0x68,0x69,0x67,0x68,0x70,0x20,0x76,0x65,0x63,0x32,0x20,0x73,0x64,0x66,0x5f,
    0x72,0x6f,0x74,0x61,0x74,0x65,0x28,0x68,0x69,0x67,0x68,0x70,0x20,0x76,0x65,0x63,
    0x32,0x20,0x70,0x2c,0x20,0x68,0x69,0x67,0x68,0x70,0x20,0x66,0x6c,0x6f,0x61,0x74,
    0x20,0x61,0x6e,0x67,0x6c,0x65,0x29,0x0a,0x7b,0x0a,0x20,0x20,0x20,0x20,0x68,0x69,
    0x67,0x68,0x70,0x20,0x66,0x6c,0x6f,0x61,0x74,0x20,0x5f,0x36,0x36,0x20,0x3d,0x20,
    0x63,0x6f,0x73,0x28,0x61,0x6e,0x67,0x6c,0x65,0x29,0x3b,0x0a,0x20,0x20,0x20,0x20,
    0x68,0x69,0x67,0x68,0x70,0x20,0x66,0x6c,0x6f,0x61,0x74,0x20,0x5f,0x36,0x39,0x20,
    0x3d,0x20,0x73,0x69,0x6e,0x28,0x61,0x6e,0x67,0x6c,0x65,0x29,0x3b,0x0a,0x20,0x20,
    0x20,0x20,0x72,0x65,0x74,0x75,0x72,0x6e,0x20,0x6d,0x61,0x74,0x32,0x28,0x76,0x65,
    0x63,0x32,0x28,0x5f,0x36,0x36,0x2c,0x20,0x2d,0x5f,0x36,0x39,0x29,0x2c,0x20,0x76,
    0x65,0x63,0x32,0x28,0x5f,0x36,0x39,0x2c,0x20,0x5f,0x36,0x36,0x29,0x29,0x20,0x2a,
    0x20,0x70,0x3b,0x0a,0x7d,0x0a,0x0a,0x68,0x69,0x67,0x68,0x70,0x20,0x76,0x65,0x63,
    0x32,0x20,0x73,0x64,0x66,0x5f,0x74,0x72,0x61,0x6e,0x73,0x66,0x6f,0x72,0x6d,0x28,
    0x68,0x69,0x67,0x68,0x70,0x20,0x76,0x65,0x63,0x32,0x20,0x70,0x2c,0x20,0x68,0x69,
    0x67,0x68,0x70,0x20,0x76,0x65,0x63,0x32,0x20,0x70,0x6f,0x73,0x69,0x74,0x69,0x6f,
    0x6e,0x2c,0x20,0x68,0x69,0x67,0x68,0x70,0x20,0x66,0x6c,0x6f,0x61,0x74,0x20,0x61,
    0x6e,0x67,0x6c,0x65,0x29,0x0a,0x7b,0x0a,0x20,0x20,0x20,0x20,0x68,0x69,0x67,0x68,
    0x70,0x20,0x76,0x65,0x63,0x32,0x20,0x70,0x61,0x72,0x61,0x6d,0x20,0x3d,0x20,0x28,
    0x28,0x70,0x20,0x2a,0x20,0x5f,0x38,0x38,0x2e,0x63,0x61,0x6d,0x65,0x72,0x61,0x5f,
    0x7a,0x6f,0x6f,0x6d,0x29,0x20,0x2d,0x20,0x70,0x6f,0x73,0x69,0x74,0x69,0x6f,0x6e,
    0x29,0x20,0x2d,0x20,0x5f,0x38,0x38,0x2e,0x63,0x61,0x6d,0x65,0x72,0x61,0x5f,0x70,
    0x6f,0x73,0x69,0x74,0x69,0x6f,0x6e,0x3b,0x0a,0x20,0x20,0x20,0x20,0x68,0x69,0x67,
    0x68,0x70,0x20,0x66,0x6c,0x6f,0x61,0x74,0x20,0x70,0x61,0x72,0x61,0x6d,0x5f,0x31,
    0x20,0x3d,0x20,0x61,0x6e,0x67,0x6c,0x65,0x3b,0x0a,0x20,0x20,0x20,0x20,0x72,0x65,
    0x74,0x75,0x72,0x6e,0x20,0x73,0x64,0x66,0x5f,0x72,0x6f,0x74,0x61,0x74,0x65,0x28,
    0x70,0x61,0x72,0x61,0x6d,0x2c,0x20,0x70,0x61,0x72,0x61,0x6d,0x5f,0x31,0x29,0x3b,
    0x0a,0x7d,0x0a,0x0a,0x68,0x69,0x67,0x68,0x70,0x20,0x66,0x6c,0x6f,0x61,0x74,0x20,
    0x64,0x65,0x5f,0x63,0x69,0x72,0x63,0x6c,0x65,0x28,0x68,0x69,0x67,0x68,0x70,0x20,
    0x76,0x65,0x63,0x32,0x20,0x70,0x2c,0x20,0x68,0x69,0x67,0x68,0x70,0x20,0x66,0x6c,
    0x6f,0x61,0x74,0x20,0x72,0x29,0x0a,0x7b,0x0a,0x20,0x20,0x20,0x20,0x72,0x65,0x74,
    0x75,0x72,0x6e,0x20,0x6c,0x65,0x6e,0x67,0x74,0x68,0x28,0x70,0x29,0x20,0x2d,0x20,
    0x72,0x3b,0x0a,0x7d,0x0a,0x0a,0x68,0x69,0x67,0x68,0x70,0x20,0x66,0x6c,0x6f,0x61,
    0x74,0x20,0x64,0x65,0x5f,0x62,0x6f,0x78,0x28,0x68,0x69,0x67,0x68,0x70,0x20,0x76,
    0x65,0x63,0x32,0x20,0x70,0x2c,0x20,0x68,0x69,0x67,0x68,0x70,0x20,0x76,0x65,0x63,
    0x32,0x20,0x62,0x29,0x0a,0x7b,0x0a,0x20,0x20,0x20,0x20,0x68,0x69,0x67,0x68,0x70,
    0x20,0x76,0x65,0x63,0x32,0x20,0x5f,0x31,0x31,0x37,0x20,0x3d,0x20,0x61,0x62,0x73,
    0x28,0x70,0x29,0x20,0x2d,0x20,0x62,0x3b,0x0a,0x20,0x20,0x20,0x20,0x72,0x65,0x74,
    0x75,0x72,0x6e,0x20,0x6c,0x65,0x6e,0x67,0x74,0x68,0x28,0x6d,0x61,0x78,0x28,0x5f,
    0x31,0x31,0x37,0x2c,0x20,0x76,0x65,0x63,0x32,0x28,0x30,0x2e,0x30,0x29,0x29,0x29,
    0x20,0x2b,0x20,0x6d,0x69,0x6e,0x28,0x6d,0x61,0x78,0x28,0x5f,0x31,0x31,0x37,0x2e,
    0x78,0x2c,0x20,0x5f,0x31,0x31,0x37,0x2e,0x79,0x29,0x2c,0x20,0x30,0x2e,0x30,0x29,
    0x3b,0x0a,0x7d,0x0a,0x0a,0x68,0x69,0x67,0x68,0x70,0x20,0x66,0x6c,0x6f,0x61,0x74,
    0x20,0x64,0x65,0x5f,0x65,0x71,0x5f,0x74,0x72,0x69,0x61,0x6e,0x67,0x6c,0x65,0x28,
    0x69,0x6e,0x6f,0x75,0x74,0x20,0x68,0x69,0x67,0x68,0x70,0x20,0x76,0x65,0x63,0x32,
    0x20,0x70,0x2c,0x20,0x68,0x69,0x67,0x68,0x70,0x20,0x66,0x6c,0x6f,0x61,0x74,0x20,
    0x72,0x29,0x0a,0x7b,0x0a,0x20,0x20,0x20,0x20,0x70,0x2e,0x78,0x20,0x3d,0x20,0x61,
    0x62,0x73,0x28,0x70,0x2e,0x78,0x29,0x20,0x2d,0x20,0x72,0x3b,0x0a,0x20,0x20,0x20,
    0x20,0x70,0x2e,0x79,0x20,0x2b,0x3d,0x20,0x28,0x72,0x20,0x2a,0x20,0x30,0x2e,0x35,
    0x37,0x37,0x33,0x35,0x30,0x32,0x35,0x38,0x38,0x32,0x37,0x32,0x30,0x39,0x34,0x37,
    0x32,0x36,0x35,0x36,0x32,0x35,0x29,0x3b,0x0a,0x20,0x20,0x20,0x20,0x69,0x66,0x20,
    0x28,0x28,0x70,0x2e,0x78,0x20,0x2b,0x20,0x28,0x31,0x2e,0x37,0x33,0x32,0x30,0x35,
    0x30,0x37,0x37,0x36,0x34,0x38,0x31,0x36,0x32,0x38,0x34,0x31,0x37,0x39,0x36,0x38,
    0x37,0x35,0x20,0x2a,0x20,0x70,0x2e,0x79,0x29,0x29,0x20,0x3e,0x20,0x30,0x2e,0x30,
    0x29,0x0a,0x20,0x20,0x20,0x20,0x7b,0x0a,0x20,0x20,0x20,0x20,0x20,0x20,0x20,0x20,
    0x70,0x20,0x3d,0x20,0x76,0x65,0x63,0x32,0x28,0x70,0x2e,0x78,0x20,0x2d,0x20,0x28,
    0x31,0x2e,0x37,0x33,0x32,0x30,0x35,0x30,0x37,0x37,0x36,0x34,0x38,0x31,0x36,0x32,
    0x38,0x34,0x31,0x37,0x39,0x36,0x38,0x37,0x35,0x20,0x2a,0x20,0x70,0x2e,0x79,0x29,
    0x2c,0x20,0x28,0x28,0x2d,0x31,0x2e,0x37,0x33,0x32,0x30,0x35,0x30,0x37,0x37,0x36,
    0x34,0x38,0x31,0x36,0x32,0x38,0x34,0x31,0x37,0x39,0x36,0x38,0x37,0x35,0x29,0x20,
    0x2a,0x20,0x70,0x2e,0x78,0x29,0x20,0x2d,0x20,0x70,0x2e,0x79,0x29,0x20,0x2a,0x20,
    0x76,0x65,0x63,0x32,0x28,0x30,0x2e,0x35,0x29,0x3b,0x0a,0x20,0x20,0x20,0x20,0x7d,
    0x0a,0x20,0x20,0x20,0x20,0x70,0x2e,0x78,0x20,0x2d,0x3d,0x20,0x63,0x6c,0x61,0x6d,
    0x70,0x28,0x70,0x2e,0x78,0x2c,0x20,0x28,0x2d,0x32,0x2e,0x30,0x29,0x20,0x2a,0x20,
    0x72,0x2c,0x20,0x30,0x2e,0x30,0x29,0x3b,0x0a,0x20,0x20,0x20,0x20,0x72,0x65,0x74,
    0x75,0x72,0x6e,0x20,0x28,0x2d,0x6c,0x65,0x6e,0x67,0x74,0x68,0x28,0x70,0x29,0x29,
    0x20,0x2a,0x20,0x73,0x69,0x67,0x6e,0x28,0x70,0x2e,0x79,0x29,0x3b,0x0a,0x7d,0x0a,
    0x0a,0x68,0x69,0x67,0x68,0x70,0x20,0x66,0x6c,0x6f,0x61,0x74,0x20,0x64,0x65,0x5f,
    0x70,0x65,0x6e,0x74,0x61,0x67,0x72,0x61,0x6d,0x28,0x69,0x6e,0x6f,0x75,0x74,0x20,
    0x68,0x69,0x67,0x68,0x70,0x20,0x76,0x65,0x63,0x32,0x20,0x70,0x2c,0x20,0x68,0x69,
    0x67,0x68,0x70,0x20,0x66,0x6c,0x6f,0x61,0x74,0x20,0x72,0x29,0x0a,0x7b,0x0a,0x20,
    0x20,0x20,0x20,0x70,0x2e,0x78,0x20,0x3d,0x20,0x61,0x62,0x73,0x28,0x70,0x2e,0x78,
    0x29,0x3b,0x0a,0x20,0x20,0x20,0x20,0x70,0x20,0x2d,0x3d,0x20,0x28,0x76,0x65,0x63,
    0x32,0x28,0x30,0x2e,0x38,0x30,0x39,0x30,0x31,0x37,0x30,0x30,0x32,0x35,0x38,0x32,
    0x35,0x35,0x30,0x30,0x34,0x38,0x38,0x32,0x38,0x31,0x32,0x35,0x2c,0x20,0x2d,0x30,
    0x2e,0x35,0x38,0x37,0x37,0x38,0x35,0x32,0x34,0x33,0x39,0x38,0x38,0x30,0x33,0x37,
    0x31,0x30,0x39,0x33,0x37,0x35,0x29,0x20,0x2a,0x20,0x28,0x32,0x2e,0x30,0x20,0x2a,
    0x20,0x6d,0x61,0x78,0x28,0x64,0x6f,0x74,0x28,0x76,0x65,0x63,0x32,0x28,0x30,0x2e,
    0x38,0x30,0x39,0x30,0x31,0x37,0x30,0x30,0x32,0x35,0x38,0x32,0x35,0x35,0x30,0x30,
    0x34,0x38,0x38,0x32,0x38,0x31,0x32,0x35,0x2c,0x20,0x2d,0x30,0x2e,0x35,0x38,0x37,
    0x37,0x38,0x35,0x32,0x34,0x33,0x39,0x38,0x38,0x30,0x33,0x37,0x31,0x30,0x39,0x33,
    0x37,0x35,0x29,0x2c,0x20,0x70,0x29,0x2c,0x20,0x30,0x2e,0x30,0x29,0x29,0x29,0x3b,
    0x0a,0x20,0x20,0x20,0x20,0x70,0x20,0x2d,0x3d,0x20,0x28,0x76,0x65,0x63,0x32,0x28,
    0x2d,0x30,0x2e,0x38,0x30,0x39,0x30,0x31,0x37,0x30,0x30,0x32,0x35,0x38,0x32,0x35,
    0x35,0x30,0x30,0x34,0x38,0x38,0x32,0x38,0x31,0x32,0x35,0x2c,0x20,0x2d,0x30,0x2e,
    0x35,0x38,0x37,0x37,0x38,0x35,0x32,0x34,0x33,0x39,0x38,0x38,0x30,0x33,0x37,0x31,
    0x30,0x39,0x33,0x37,0x35,0x29,0x20,0x2a,0x20,0x28,0x32,0x2e,0x30,0x20,0x2a,0x20,
    0x6d,0x61,0x78,0x28,0x64,0x6f,0x74,0x28,0x76,0x65,0x63,0x32,0x28,0x2d,0x30,0x2e,
    0x38,0x30,0x39,0x30,0x31,0x37,0x30,0x30,0x32,0x35,0x38,0x32,0x35,0x35,0x30,0x30,
    0x34,0x38,0x38,0x32,0x38,0x31,0x32,0x35,0x2c,0x20,0x2d,0x30,0x2e,0x35,0x38,0x37,
    0x37,0x38,0x35,0x32,0x34,0x33,0x39,0x38,0x38,0x30,0x33,0x37,0x31,0x30,0x39,0x33,
    0x37,0x35,0x29,0x2c,0x20,0x70,0x29,0x2c,0x20,0x30,0x2e,0x30,0x29,0x29,0x29,0x3b,
    0x0a,0x20,0x20,0x20,0x20,0x70,0x2e,0x78,0x20,0x3d,0x20,0x61,0x62,0x73,0x28,0x70,
    0x2e,0x78,0x29,0x3b,0x0a,0x20,0x20,0x20,0x20,0x70,0x2e,0x79,0x20,0x2d,0x3d,0x20,
    0x72,0x3b,0x0a,0x20,0x20,0x20,0x20,0x72,0x65,0x74,0x75,0x72,0x6e,0x20,0x6c,0x65,
    0x6e,0x67,0x74,0x68,0x28,0x70,0x20,0x2d,0x20,0x28,0x76,0x65,0x63,0x32,0x28,0x30,
    0x2e,0x33,0x30,0x39,0x30,0x31,0x37,0x30,0x30,0x32,0x35,0x38,0x32,0x35,0x35,0x30,
    0x30,0x34,0x38,0x38,0x32,0x38,0x31,0x32,0x35,0x2c,0x20,0x2d,0x30,0x2e,0x39,0x35,
    0x31,0x30,0x35,0x36,0x35,0x34,0x30,0x30,0x31,0x32,0x33,0x35,0x39,0x36,0x31,0x39,
    0x31,0x34,0x30,0x36,0x32,0x35,0x29,0x20,0x2a,0x20,0x63,0x6c,0x61,0x6d,0x70,0x28,
    0x64,0x6f,0x74,0x28,0x70,0x2c,0x20,0x76,0x65,0x63,0x32,0x28,0x30,0x2e,0x33,0x30,
    0x39,0x30,0x31,0x37,0x30,0x30,0x32,0x35,0x38,0x32,0x35,0x35,0x30,0x30,0x34,0x38,
    0x38,0x32,0x38,0x31,0x32,0x35,0x2c,0x20,0x2d,0x30,0x2e,0x39,0x35,0x31,0x30,0x35,
    0x36,0x35,0x34,0x30,0x30,0x31,0x32,0x33,0x35,0x39,0x36,0x31,0x39,0x31,0x34,0x30,
    0x36,0x32,0x35,0x29,0x29,0x2c,0x20,0x30,0x2e,0x30,0x2c,0x20,0x30,0x2e,0x37,0x32,
    0x36,0x35,0x34,0x32,0x35,0x33,0x32,0x34,0x34,0x34,0x30,0x30,0x30,0x32,0x34,0x34,
    0x31,0x34,0x30,0x36,0x32,0x35,0x20,0x2a,0x20,0x72,0x29,0x29,0x29,0x20,0x2a,0x20,
    0x73,0x69,0x67,0x6e,0x28,0x28,0x70,0x2e,0x79,0x20,0x2a,0x20,0x30,0x2e,0x33,0x30,
    0x39,0x30,0x31,0x37,0x30,0x30,0x32,0x35,0x38,0x32,0x35,0x35,0x30,0x30,0x34,0x38,
    0x38,0x32,0x38,0x31,0x32,0x35,0x29,0x20,0x2d,0x20,0x28,0x70,0x2e,0x78,0x20,0x2a,
    0x20,0x28,0x2d,0x30,0x2e,0x39,0x35,0x31,0x30,0x35,0x36,0x35,0x34,0x30,0x30,0x31,
    0x32,0x33,0x35,0x39,0x36,0x31,0x39,0x31,0x34,0x30,0x36,0x32,0x35,0x29,0x29,0x29,
    0x3b,0x0a,0x7d,0x0a,0x0a,0x68,0x69,0x67,0x68,0x70,0x20,0x66,0x6c,0x6f,0x61,0x74,
    0x20,0x64,0x65,0x5f,0x68,0x6f,0x72,0x73,0x65,0x73,0x68,0x6f,0x65,0x28,0x69,0x6e,
    0x6f,0x75,0x74,0x20,0x68,0x69,0x67,0x68,0x70,0x20,0x76,0x65,0x63,0x32,0x20,0x70,
    0x2c,0x20,0x68,0x69,0x67,0x68,0x70,0x20,0x76,0x65,0x63,0x32,0x20,0x63,0x2c,0x20,
    0x68,0x69,0x67,0x68,0x70,0x20,0x66,0x6c,0x6f,0x61,0x74,0x20,0x72,0x2c,0x20,0x68,
    0x69,0x67,0x68,0x70,0x20,0x76,0x65,0x63,0x32,0x20,0x77,0x29,0x0a,0x7b,0x0a,0x20,
    0x20,0x20,0x20,0x70,0x2e,0x78,0x20,0x3d,0x20,0x61,0x62,0x73,0x28,0x70,0x2e,0x78,
    0x29,0x3b,0x0a,0x20,0x20,0x20,0x20,0x68,0x69,0x67,0x68,0x70,0x20,0x76,0x65,0x63,
    0x32,0x20,0x5f,0x32,0x35,0x34,0x20,0x3d,0x20,0x70,0x3b,0x0a,0x20,0x20,0x20,0x20,
    0x68,0x69,0x67,0x68,0x70,0x20,0x66,0x6c,0x6f,0x61,0x74,0x20,0x5f,0x32,0x35,0x35,
    0x20,0x3d,0x20,0x6c,0x65,0x6e,0x67,0x74,0x68,0x28,0x5f,0x32,0x35,0x34,0x29,0x3b,
    0x0a,0x20,0x20,0x20,0x20,0x70,0x20,0x3d,0x20,0x6d,0x61,0x74,0x32,0x28,0x76,0x65,
    0x63,0x32,0x28,0x2d,0x63,0x2e,0x78,0x2c,0x20,0x63,0x2e,0x79,0x29,0x2c,0x20,0x76,
    0x65,0x63,0x32,0x28,0x63,0x2e,0x79,0x2c,0x20,0x63,0x2e,0x78,0x29,0x29,0x20,0x2a,
    0x20,0x70,0x3b,0x0a,0x20,0x20,0x20,0x20,0x62,0x6f,0x6f,0x6c,0x20,0x5f,0x32,0x37,
    0x32,0x20,0x3d,0x20,0x70,0x2e,0x79,0x20,0x3e,0x20,0x30,0x2e,0x30,0x3b,0x0a,0x20,
    0x20,0x20,0x20,0x62,0x6f,0x6f,0x6c,0x20,0x5f,0x32,0x37,0x39,0x3b,0x0a,0x20,0x20,
    0x20,0x20,0x69,0x66,0x20,0x28,0x21,0x5f,0x32,0x37,0x32,0x29,0x0a,0x20,0x20,0x20,
    0x20,0x7b,0x0a,0x20,0x20,0x20,0x20,0x20,0x20,0x20,0x20,0x5f,0x32,0x37,0x39,0x20,
    0x3d,0x20,0x70,0x2e,0x78,0x20,0x3e,0x20,0x30,0x2e,0x30,0x3b,0x0a,0x20,0x20,0x20,
    0x20,0x7d,0x0a,0x20,0x20,0x20,0x20,0x65,0x6c,0x73,0x65,0x0a,0x20,0x20,0x20,0x20,
    0x7b,0x0a,0x20,0x20,0x20,0x20,0x20,0x20,0x20,0x20,0x5f,0x32,0x37,0x39,0x20,0x3d,
    0x20,0x5f,0x32,0x37,0x32,0x3b,0x0a,0x20,0x20,0x20,0x20,0x7d,0x0a,0x20,0x20,0x20,
    0x20,0x68,0x69,0x67,0x68,0x70,0x20,0x66,0x6c,0x6f,0x61,0x74,0x20,0x5f,0x32,0x38,
    0x30,0x3b,0x0a,0x20,0x20,0x20,0x20,0x69,0x66,0x20,0x28,0x5f,0x32,0x37,0x39,0x29,
    0x0a,0x20,0x20,0x20,0x20,0x7b,0x0a,0x20,0x20,0x20,0x20,0x20,0x20,0x20,0x20,0x5f,
    0x32,0x38,0x30,0x20,0x3d,0x20,0x70,0x2e,0x78,0x3b,0x0a,0x20,0x20,0x20,0x20,0x7d,
    0x0a,0x20,0x20,0x20,0x20,0x65,0x6c,0x73,0x65,0x0a,0x20,0x20,0x20,0x20,0x7b,0x0a,
    0x20,0x20,0x20,0x20,0x20,0x20,0x20,0x20,0x5f,0x32,0x38,0x30,0x20,0x3d,0x20,0x5f,
    0x32,0x35,0x35,0x20,0x2a,0x20,0x73,0x69,0x67,0x6e,0x28,0x2d,0x63,0x2e,0x78,0x29,
    0x3b,0x0a,0x20,0x20,0x20,0x20,0x7d,0x0a,0x20,0x20,0x20,0x20,0x68,0x69,0x67,0x68,
    0x70,0x20,0x66,0x6c,0x6f,0x61,0x74,0x20,0x5f,0x32,0x39,0x36,0x3b,0x0a,0x20,0x20,
    0x20,0x20,0x69,0x66,0x20,0x28,0x70,0x2e,0x78,0x20,0x3e,0x20,0x30,0x2e,0x30,0x29,
    0x0a,0x20,0x20,0x20,0x20,0x7b,0x0a,0x20,0x20,0x20,0x20,0x20,0x20,0x20,0x20,0x5f,
    0x32,0x39,0x36,0x20,0x3d,0x20,0x70,0x2e,0x79,0x3b,0x0a,0x20,0x20,0x20,0x20,0x7d,
    0x0a,0x20,0x20,0x20,0x20,0x65,0x6c,0x73,0x65,0x0a,0x20,0x20,0x20,0x20,0x7b,0x0a,
    0x20,0x20,0x20,0x20,0x20,0x20,0x20,0x20,0x5f,0x32,0x39,0x36,0x20,0x3d,0x20,0x5f,
    0x32,0x35,0x35,0x3b,0x0a,0x20,0x20,0x20,0x20,0x7d,0x0a,0x20,0x20,0x20,0x20,0x70,
    0x20,0x3d,0x20,0x76,0x65,0x63,0x32,0x28,0x5f,0x32,0x38,0x30,0x2c,0x20,0x5f,0x32,
    0x39,0x36,0x29,0x3b,0x0a,0x20,0x20,0x20,0x20,0x70,0x20,0x3d,0x20,0x76,0x65,0x63,
    0x32,0x28,0x70,0x2e,0x78,0x2c,0x20,0x61,0x62,0x73,0x28,0x70,0x2e,0x79,0x20,0x2d,
    0x20,0x72,0x29,0x29,0x20,0x2d,0x20,0x77,0x3b,0x0a,0x20,0x20,0x20,0x20,0x72,0x65,
    0x74,0x75,0x72,0x6e,0x20,0x6c,0x65,0x6e,0x67,0x74,0x68,0x28,0x6d,0x61,0x78,0x28,
    0x70,0x2c,0x20,0x76,0x65,0x63,0x32,0x28,0x30,0x2e,0x30,0x29,0x29,0x29,0x20,0x2b,
    0x20,0x6d,0x69,0x6e,0x28,0x30,0x2e,0x30,0x2c,0x20,0x6d,0x61,0x78,0x28,0x70,0x2e,
    0x78,0x2c,0x20,0x70,0x2e,0x79,0x29,0x29,0x3b,0x0a,0x7d,0x0a,0x0a,0x68,0x69,0x67,
    0x68,0x70,0x20,0x66,0x6c,0x6f,0x61,0x74,0x20,0x73,0x64,0x66,0x5f,0x67,0x65,0x74,
    0x5f,0x73,0x68,0x61,0x70,0x65,0x5f,0x64,0x69,0x73,0x74,0x28,0x69,0x6e,0x6f,0x75,
    0x74,0x20,0x68,0x69,0x67,0x68,0x70,0x20,0x76,0x65,0x63,0x32,0x20,0x70,0x2c,0x20,
    0x73,0x64,0x66,0x5f,0x73,0x68,0x61,0x70,0x65,0x20,0x73,0x68,0x61,0x70,0x65,0x29,
    0x0a,0x7b,0x0a,0x20,0x20,0x20,0x20,0x68,0x69,0x67,0x68,0x70,0x20,0x76,0x65,0x63,
    0x32,0x20,0x70,0x61,0x72,0x61,0x6d,0x20,0x3d,0x20,0x70,0x3b,0x0a,0x20,0x20,0x20,
    0x20,0x68,0x69,0x67,0x68,0x70,0x20,0x76,0x65,0x63,0x32,0x20,0x70,0x61,0x72,0x61,
    0x6d,0x5f,0x31,0x20,0x3d,0x20,0x73,0x68,0x61,0x70,0x65,0x2e,0x70,0x6f,0x73,0x69,
    0x74,0x69,0x6f,0x6e,0x3b,0x0a,0x20,0x20,0x20,0x20,0x68,0x69,0x67,0x68,0x70,0x20,
    0x66,0x6c,0x6f,0x61,0x74,0x20,0x70,0x61,0x72,0x61,0x6d,0x5f,0x32,0x20,0x3d,0x20,
    0x73,0x68,0x61,0x70,0x65,0x2e,0x61,0x6e,0x67,0x6c,0x65,0x3b,0x0a,0x20,0x20,0x20,
    0x20,0x70,0x20,0x3d,0x20,0x73,0x64,0x66,0x5f,0x74,0x72,0x61,0x6e,0x73,0x66,0x6f,
    0x72,0x6d,0x28,0x70,0x61,0x72,0x61,0x6d,0x2c,0x20,0x70,0x61,0x72,0x61,0x6d,0x5f,
    0x31,0x2c,0x20,0x70,0x61,0x72,0x61,0x6d,0x5f,0x32,0x29,0x3b,0x0a,0x20,0x20,0x20,
    0x20,0x68,0x69,0x67,0x68,0x70,0x20,0x66,0x6c,0x6f,0x61,0x74,0x20,0x64,0x20,0x3d,
    0x20,0x32,0x35,0x36,0x2e,0x30,0x3b,0x0a,0x20,0x20,0x20,0x20,0x73,0x77,0x69,0x74,
    0x63,0x68,0x20,0x28,0x73,0x68,0x61,0x70,0x65,0x2e,0x73,0x68,0x61,0x70,0x65,0x5f,
    0x74,0x79,0x70,0x65,0x29,0x0a,0x20,0x20,0x20,0x20,0x7b,0x0a,0x20,0x20,0x20,0x20,
    0x20,0x20,0x20,0x20,0x63,0x61,0x73,0x65,0x20,0x30,0x3a,0x0a,0x20,0x20,0x20,0x20,
    0x20,0x20,0x20,0x20,0x7b,0x0a,0x20,0x20,0x20,0x20,0x20,0x20,0x20,0x20,0x20,0x20,
    0x20,0x20,0x62,0x72,0x65,0x61,0x6b,0x3b,0x0a,0x20,0x20,0x20,0x20,0x20,0x20,0x20,
    0x20,0x7d,0x0a,0x20,0x20,0x20,0x20,0x20,0x20,0x20,0x20,0x63,0x61,0x73,0x65,0x20,
    0x31,0x3a,0x0a,0x20,0x20,0x20,0x20,0x20,0x20,0x20,0x20,0x7b,0x0a,0x20,0x20,0x20,
    0x20,0x20,0x20,0x20,0x20,0x20,0x20,0x20,0x20,0x68,0x69,0x67,0x68,0x70,0x20,0x76,
    0x65,0x63,0x32,0x20,0x70,0x61,0x72,0x61,0x6d,0x5f,0x33,0x20,0x3d,0x20,0x70,0x3b,
    0x0a,0x20,0x20,0x20,0x20,0x20,0x20,0x20,0x20,0x20,0x20,0x20,0x20,0x68,0x69,0x67,
    0x68,0x70,0x20,0x66,0x6c,0x6f,0x61,0x74,0x20,0x70,0x61,0x72,0x61,0x6d,0x5f,0x34,
    0x20,0x3d,0x20,0x73,0x68,0x61,0x70,0x65,0x2e,0x73,0x69,0x7a,0x65,0x2e,0x78,0x3b,
    0x0a,0x20,0x20,0x20,0x20,0x20,0x20,0x20,0x20,0x20,0x20,0x20,0x20,0x64,0x20,0x3d,
    0x20,0x64,0x65,0x5f,0x63,0x69,0x72,0x63,0x6c,0x65,0x28,0x70,0x61,0x72,0x61,0x6d,
    0x5f,0x33,0x2c,0x20,0x70,0x61,0x72,0x61,0x6d,0x5f,0x34,0x29,0x3b,0x0a,0x20,0x20,
    0x20,0x20,0x20,0x20,0x20,0x20,0x20,0x20,0x20,0x20,0x62,0x72,0x65,0x61,0x6b,0x3b,
    0x0a,0x20,0x20,0x20,0x20,0x20,0x20,0x20,0x20,0x7d,0x0a,0x20,0x20,0x20,0x20,0x20,
    0x20,0x20,0x20,0x63,0x61,0x73,0x65,0x20,0x32,0x3a,0x0a,0x20,0x20,0x20,0x20,0x20,
    0x20,0x20,0x20,0x7b,0x0a,0x20,0x20,0x20,0x20,0x20,0x20,0x20,0x20,0x20,0x20,0x20,
    0x20,0x68,0x69,0x67,0x68,0x70,0x20,0x76,0x65,0x63,0x32,0x20,0x70,0x61,0x72,0x61,
    0x6d,0x5f,0x35,0x20,0x3d,0x20,0x70,0x3b,0x0a,0x20,0x20,0x20,0x20,0x20,0x20,0x20,
    0x20,0x20,0x20,0x20,0x20,0x68,0x69,0x67,0x68,0x70,0x20,0x76,0x65,0x63,0x32,0x20,
    0x70,0x61,0x72,0x61,0x6d,0x5f,0x36,0x20,0x3d,0x20,0x73,0x68,0x61,0x70,0x65,0x2e,
    0x73,0x69,0x7a,0x65,0x3b,0x0a,0x20,0x20,0x20,0x20,0x20,0x20,0x20,0x20,0x20,0x20,
    0x20,0x20,0x64,0x20,0x3d,0x20,0x64,0x65,0x5f,0x62,0x6f,0x78,0x28,0x70,0x61,0x72,
    0x61,0x6d,0x5f,0x35,0x2c,0x20,0x70,0x61,0x72,0x61,0x6d,0x5f,0x36,0x29,0x3b,0x0a,
    0x20,0x20,0x20,0x20,0x20,0x20,0x20,0x20,0x20,0x20,0x20,0x20,0x62,0x72,0x65,0x61,
    0x6b,0x3b,0x0a,0x20,0x20,0x20,0x20,0x20,0x20,0x20,0x20,0x7d,0x0a,0x20,0x20,0x20,
    0x20,0x20,0x20,0x20,0x20,0x63,0x61,0x73,0x65,0x20,0x33,0x3a,0x0a,0x20,0x20,0x20,
    0x20,0x20,0x20,0x20,0x20,0x7b,0x0a,0x20,0x20,0x20,0x20,0x20,0x20,0x20,0x20,0x20,
    0x20,0x20,0x20,0x68,0x69,0x67,0x68,0x70,0x20,0x76,0x65,0x63,0x32,0x20,0x70,0x61,
    0x72,0x61,0x6d,0x5f,0x37,0x20,0x3d,0x20,0x70,0x3b,0x0a,0x20,0x20,0x20,0x20,0x20,
    0x20,0x20,0x20,0x20,0x20,0x20,0x20,0x68,0x69,0x67,0x68,0x70,0x20,0x66,0x6c,0x6f,
    0x61,0x74,0x20,0x70,0x61,0x72,0x61,0x6d,0x5f,0x38,0x20,0x3d,0x20,0x73,0x68,0x61,
    0x70,0x65,0x2e,0x73,0x69,0x7a,0x65,0x2e,0x78,0x3b,0x0a,0x20,0x20,0x20,0x20,0x20,
    0x20,0x20,0x20,0x20,0x20,0x20,0x20,0x68,0x69,0x67,0x68,0x70,0x20,0x66,0x6c,0x6f,
    0x61,0x74,0x20,0x5f,0x33,0x37,0x31,0x20,0x3d,0x20,0x64,0x65,0x5f,0x65,0x71,0x5f,
    0x74,0x72,0x69,0x61,0x6e,0x67,0x6c,0x65,0x28,0x70,0x61,0x72,0x61,0x6d,0x5f,0x37,
    0x2c,0x20,0x70,0x61,0x72,0x61,0x6d,0x5f,0x38,0x29,0x3b,0x0a,0x20,0x20,0x20,0x20,
    0x20,0x20,0x20,0x20,0x20,0x20,0x20,0x20,0x64,0x20,0x3d,0x20,0x5f,0x33,0x37,0x31,
    0x3b,0x0a,0x20,0x20,0x20,0x20,0x20,0x20,0x20,0x20,0x20,0x20,0x20,0x20,0x62,0x72,
    0x65,0x61,0x6b,0x3b,0x0a,0x20,0x20,0x20,0x20,0x20,0x20,0x20,0x20,0x7d,0x0a,0x20,
    0x20,0x20,0x20,0x20,0x20,0x20,0x20,0x63,0x61,0x73,0x65,0x20,0x34,0x3a,0x0a,0x20,
    0x20,0x20,0x20,0x20,0x20,0x20,0x20,0x7b,0x0a,0x20,0x20,0x20,0x20,0x20,0x20,0x20,
    0x20,0x20,0x20,0x20,0x20,0x68,0x69,0x67,0x68,0x70,0x20,0x76,0x65,0x63,0x32,0x20,
    0x70,0x61,0x72,0x61,0x6d,0x5f,0x39,0x20,0x3d,0x20,0x70,0x3b,0x0a,0x20,0x20,0x20,
    0x20,0x20,0x20,0x20,0x20,0x20,0x20,0x20,0x20,0x68,0x69,0x67,0x68,0x70,0x20,0x66,
    0x6c,0x6f,0x61,0x74,0x20,0x70,0x61,0x72,0x61,0x6d,0x5f,0x31,0x30,0x20,0x3d,0x20,
    0x73,0x68,0x61,0x70,0x65,0x2e,0x73,0x69,0x7a,0x65,0x2e,0x78,0x3b,0x0a,0x20,0x20,
    0x20,0x20,0x20,0x20,0x20,0x20,0x20,0x20,0x20,0x20,0x68,0x69,0x67,0x68,0x70,0x20,
    0x66,0x6c,0x6f,0x61,0x74,0x20,0x5f,0x33,0x37,0x38,0x20,0x3d,0x20,0x64,0x65,0x5f,
    0x70,0x65,0x6e,0x74,0x61,0x67,0x72,0x61,0x6d,0x28,0x70,0x61,0x72,0x61,0x6d,0x5f,
    0x39,0x2c,0x20,0x70,0x61,0x72,0x61,0x6d,0x5f,0x31,0x30,0x29,0x3b,0x0a,0x20,0x20,
    0x20,0x20,0x20,0x20,0x20,0x20,0x20,0x20,0x20,0x20,0x64,0x20,0x3d,0x20,0x5f,0x33,
    0x37,0x38,0x3b,0x0a,0x20,0x20,0x20,0x20,0x20,0x20,0x20,0x20,0x20,0x20,0x20,0x20,
    0x62,0x72,0x65,0x61,0x6b,0x3b,0x0a,0x20,0x20,0x20,0x20,0x20,0x20,0x20,0x20,0x7d,
    0x0a,0x20,0x20,0x20,0x20,0x20,0x20,0x20,0x20,0x63,0x61,0x73,0x65,0x20,0x35,0x3a,
    0x0a,0x20,0x20,0x20,0x20,0x20,0x20,0x20,0x20,0x7b,0x0a,0x20,0x20,0x20,0x20,0x20,
    0x20,0x20,0x20,0x20,0x20,0x20,0x20,0x68,0x69,0x67,0x68,0x70,0x20,0x76,0x65,0x63,
    0x32,0x20,0x70,0x61,0x72,0x61,0x6d,0x5f,0x31,0x31,0x20,0x3d,0x20,0x70,0x3b,0x0a,
    0x20,0x20,0x20,0x20,0x20,0x20,0x20,0x20,0x20,0x20,0x20,0x20,0x68,0x69,0x67,0x68,
    0x70,0x20,0x76,0x65,0x63,0x32,0x20,0x70,0x61,0x72,0x61,0x6d,0x5f,0x31,0x32,0x20,
    0x3d,0x20,0x76,0x65,0x63,0x32,0x28,0x30,0x2e,0x31,0x39,0x38,0x36,0x36,0x39,0x33,
    0x32,0x39,0x32,0x38,0x35,0x36,0x32,0x31,0x36,0x34,0x33,0x30,0x36,0x36,0x34,0x30,
    0x36,0x32,0x35,0x2c,0x20,0x30,0x2e,0x39,0x38,0x30,0x30,0x36,0x36,0x35,0x39,0x37,
    0x34,0x36,0x31,0x37,0x30,0x30,0x34,0x33,0x39,0x34,0x35,0x33,0x31,0x32,0x35,0x29,
    0x3b,0x0a,0x20,0x20,0x20,0x20,0x20,0x20,0x20,0x20,0x20,0x20,0x20,0x20,0x68,0x69,
    0x67,0x68,0x70,0x20,0x66,0x6c,0x6f,0x61,0x74,0x20,0x70,0x61,0x72,0x61,0x6d,0x5f,
    0x31,0x33,0x20,0x3d,0x20,0x30,0x2e,0x35,0x3b,0x0a,0x20,0x20,0x20,0x20,0x20,0x20,
    0x20,0x20,0x20,0x20,0x20,0x20,0x68,0x69,0x67,0x68,0x70,0x20,0x76,0x65,0x63,0x32,
    0x20,0x70,0x61,0x72,0x61,0x6d,0x5f,0x31,0x34,0x20,0x3d,0x20,0x76,0x65,0x63,0x32,
    0x28,0x30,0x2e,0x33,0x30,0x30,0x30,0x30,0x30,0x30,0x31,0x31,0x39,0x32,0x30,0x39,
    0x32,0x38,0x39,0x35,0x35,0x30,0x37,0x38,0x31,0x32,0x35,0x2c,0x20,0x30,0x2e,0x31,
    0x30,0x30,0x30,0x30,0x30,0x30,0x30,0x31,0x34,0x39,0x30,0x31,0x31,0x36,0x31,0x31,
    0x39,0x33,0x38,0x34,0x37,0x36,0x35,0x36,0x32,0x35,0x29,0x3b,0x0a,0x20,0x20,0x20,
    0x20,0x20,0x20,0x20,0x20,0x20,0x20,0x20,0x20,0x68,0x69,0x67,0x68,0x70,0x20,0x66,
    0x6c,0x6f,0x61,0x74,0x20,0x5f,0x33,0x39,0x32,0x20,0x3d,0x20,0x64,0x65,0x5f,0x68,
    0x6f,0x72,0x73,0x65,0x73,0x68,0x6f,0x65,0x28,0x70,0x61,0x72,0x61,0x6d,0x5f,0x31,
    0x31,0x2c,0x20,0x70,0x61,0x72,0x61,0x6d,0x5f,0x31,0x32,0x2c,0x20,0x70,0x61,0x72,
    0x61,0x6d,0x5f,0x31,0x33,0x2c,0x20,0x70,0x61,0x72,0x61,0x6d,0x5f,0x31,0x34,0x29,
    0x3b,0x0a,0x20,0x20,0x20,0x20,0x20,0x20,0x20,0x20,0x20,0x20,0x20,0x20,0x64,0x20,
    0x3d,0x20,0x5f,0x33,0x39,0x32,0x3b,0x0a,0x20,0x20,0x20,0x20,0x20,0x20,0x20,0x20,
    0x20,0x20,0x20,0x20,0x62,0x72,0x65,0x61,0x6b,0x3b,0x0a,0x20,0x20,0x20,0x20,0x20,
    0x20,0x20,0x20,0x7d,0x0a,0x20,0x20,0x20,0x20,0x7d,0x0a,0x20,0x20,0x20,0x20,0x72,
    0x65,0x74,0x75,0x72,0x6e,0x20,0x64,0x3b,0x0a,0x7d,0x0a,0x0a,0x68,0x69,0x67,0x68,
    0x70,0x20,0x66,0x6c,0x6f,0x61,0x74,0x20,0x64,0x65,0x5f,0x73,0x63,0x65,0x6e,0x65,
    0x28,0x68,0x69,0x67,0x68,0x70,0x20,0x76,0x65,0x63,0x32,0x20,0x70,0x29,0x0a,0x7b,
    0x0a,0x20,0x20,0x20,0x20,0x68,0x69,0x67,0x68,0x70,0x20,0x66,0x6c,0x6f,0x61,0x74,
    0x20,0x64,0x20,0x3d,0x20,0x32,0x35,0x36,0x2e,0x30,0x3b,0x0a,0x20,0x20,0x20,0x20,
    0x66,0x6f,0x72,0x20,0x28,0x69,0x6e,0x74,0x20,0x69,0x20,0x3d,0x20,0x30,0x3b,0x20,
    0x69,0x20,0x3c,0x20,0x5f,0x38,0x38,0x2e,0x6f,0x72,0x69,0x67,0x69,0x6e,0x61,0x6c,
    0x5f,0x73,0x64,0x66,0x5f,0x63,0x6f,0x75,0x6e,0x74,0x3b,0x20,0x69,0x2b,0x2b,0x29,
    0x0a,0x20,0x20,0x20,0x20,0x7b,0x0a,0x20,0x20,0x20,0x20,0x20,0x20,0x20,0x20,0x68,
    0x69,0x67,0x68,0x70,0x20,0x76,0x65,0x63,0x32,0x20,0x70,0x61,0x72,0x61,0x6d,0x20,
    0x3d,0x20,0x70,0x3b,0x0a,0x20,0x20,0x20,0x20,0x20,0x20,0x20,0x20,0x73,0x64,0x66,
    0x5f,0x73,0x68,0x61,0x70,0x65,0x20,0x70,0x61,0x72,0x61,0x6d,0x5f,0x31,0x20,0x3d,
    0x20,0x73,0x64,0x66,0x5f,0x73,0x68,0x61,0x70,0x65,0x28,0x5f,0x34,0x31,0x35,0x2e,
    0x6f,0x72,0x69,0x67,0x69,0x6e,0x61,0x6c,0x5f,0x73,0x64,0x66,0x5f,0x73,0x68,0x61,
    0x70,0x65,0x73,0x5b,0x69,0x5d,0x2e,0x70,0x6f,0x73,0x69,0x74,0x69,0x6f,0x6e,0x2c,
    0x20,0x5f,0x34,0x31,0x35,0x2e,0x6f,0x72,0x69,0x67,0x69,0x6e,0x61,0x6c,0x5f,0x73,
    0x64,0x66,0x5f,0x73,0x68,0x61,0x70,0x65,0x73,0x5b,0x69,0x5d,0x2e,0x61,0x6e,0x67,
    0x6c,0x65,0x2c,0x20,0x5f,0x34,0x31,0x35,0x2e,0x6f,0x72,0x69,0x67,0x69,0x6e,0x61,
    0x6c,0x5f,0x73,0x64,0x66,0x5f,0x73,0x68,0x61,0x70,0x65,0x73,0x5b,0x69,0x5d,0x2e,
    0x73,0x68,0x61,0x70,0x65,0x5f,0x74,0x79,0x70,0x65,0x2c,0x20,0x5f,0x34,0x31,0x35,
    0x2e,0x6f,0x72,0x69,0x67,0x69,0x6e,0x61,0x6c,0x5f,0x73,0x64,0x66,0x5f,0x73,0x68,
    0x61,0x70,0x65,0x73,0x5b,0x69,0x5d,0x2e,0x73,0x69,0x7a,0x65,0x2c,0x20,0x5f,0x34,
    0x31,0x35,0x2e,0x6f,0x72,0x69,0x67,0x69,0x6e,0x61,0x6c,0x5f,0x73,0x64,0x66,0x5f,
    0x73,0x68,0x61,0x70,0x65,0x73,0x5b,0x69,0x5d,0x2e,0x5f,0x70,0x61,0x64,0x30,0x2c,
    0x20,0x5f,0x34,0x31,0x35,0x2e,0x6f,0x72,0x69,0x67,0x69,0x6e,0x61,0x6c,0x5f,0x73,
    0x64,0x66,0x5f,0x73,0x68,0x61,0x70,0x65,0x73,0x5b,0x69,0x5d,0x2e,0x5f,0x70,0x61,
    0x64,0x31,0x29,0x3b,0x0a,0x20,0x20,0x20,0x20,0x20,0x20,0x20,0x20,0x68,0x69,0x67,
    0x68,0x70,0x20,0x66,0x6c,0x6f,0x61,0x74,0x20,0x5f,0x34,0x33,0x39,0x20,0x3d,0x20,
    0x73,0x64,0x66,0x5f,0x67,0x65,0x74,0x5f,0x73,0x68,0x61,0x70,0x65,0x5f,0x64,0x69,
    0x73,0x74,0x28,0x70,0x61,0x72,0x61,0x6d,0x2c,0x20,0x70,0x61,0x72,0x61,0x6d,0x5f,
    0x31,0x29,0x3b,0x0a,0x20,0x20,0x20,0x20,0x20,0x20,0x20,0x20,0x64,0x20,0x3d,0x20,
    0x6d,0x69,0x6e,0x28,0x64,0x2c,0x20,0x5f,0x34,0x33,0x39,0x29,0x3b,0x0a,0x20,0x20,
    0x20,0x20,0x7d,0x0a,0x20,0x20,0x20,0x20,0x68,0x69,0x67,0x68,0x70,0x20,0x66,0x6c,
    0x6f,0x61,0x74,0x20,0x64,0x5f,0x64,0x65,0x63,0x6f,0x6d,0x70,0x6f,0x73,0x65,0x64,
    0x20,0x3d,0x20,0x32,0x35,0x36,0x2e,0x30,0x3b,0x0a,0x20,0x20,0x20,0x20,0x66,0x6f,
    0x72,0x20,0x28,0x69,0x6e,0x74,0x20,0x69,0x5f,0x31,0x20,0x3d,0x20,0x30,0x3b,0x20,
    0x69,0x5f,0x31,0x20,0x3c,0x20,0x5f,0x38,0x38,0x2e,0x64,0x65,0x63,0x6f,0x6d,0x70,
    0x6f,0x73,0x65,0x64,0x5f,0x73,0x64,0x66,0x5f,0x63,0x6f,0x75,0x6e,0x74,0x3b,0x20,
    0x69,0x5f,0x31,0x2b,0x2b,0x29,0x0a,0x20,0x20,0x20,0x20,0x7b,0x0a,0x20,0x20,0x20,
    0x20,0x20,0x20,0x20,0x20,0x68,0x69,0x67,0x68,0x70,0x20,0x76,0x65,0x63,0x32,0x20,
    0x70,0x61,0x72,0x61,0x6d,0x5f,0x32,0x20,0x3d,0x20,0x70,0x3b,0x0a,0x20,0x20,0x20,
    0x20,0x20,0x20,0x20,0x20,0x73,0x64,0x66,0x5f,0x73,0x68,0x61,0x70,0x65,0x20,0x70,
    0x61,0x72,0x61,0x6d,0x5f,0x33,0x20,0x3d,0x20,0x73,0x64,0x66,0x5f,0x73,0x68,0x61,
    0x70,0x65,0x28,0x5f,0x34,0x36,0x30,0x2e,0x64,0x65,0x63,0x6f,0x6d,0x70,0x6f,0x73,
    0x65,0x64,0x5f,0x73,0x64,0x66,0x5f,0x73,0x68,0x61,0x70,0x65,0x73,0x5b,0x69,0x5f,
    0x31,0x5d,0x2e,0x70,0x6f,0x73,0x69,0x74,0x69,0x6f,0x6e,0x2c,0x20,0x5f,0x34,0x36,
    0x30,0x2e,0x64,0x65,0x63,0x6f,0x6d,0x70,0x6f,0x73,0x65,0x64,0x5f,0x73,0x64,0x66,
    0x5f,0x73,0x68,0x61,0x70,0x65,0x73,0x5b,0x69,0x5f,0x31,0x5d,0x2e,0x61,0x6e,0x67,
    0x6c,0x65,0x2c,0x20,0x5f,0x34,0x36,0x30,0x2e,0x64,0x65,0x63,0x6f,0x6d,0x70,0x6f,
    0x73,0x65,0x64,0x5f,0x73,0x64,0x66,0x5f,0x73,0x68,0x61,0x70,0x65,0x73,0x5b,0x69,
    0x5f,0x31,0x5d,0x2e,0x73,0x68,0x61,0x70,0x65,0x5f,0x74,0x79,0x70,0x65,0x2c,0x20,
    0x5f,0x34,0x36,0x30,0x2e,0x64,0x65,0x63,0x6f,0x6d,0x70,0x6f,0x73,0x65,0x64,0x5f,
    0x73,0x64,0x66,0x5f,0x73,0x68,0x61,0x70,0x65,0x73,0x5b,0x69,0x5f,0x31,0x5d,0x2e,
    0x73,0x69,0x7a,0x65,0x2c,0x20,0x5f,0x34,0x36,0x30,0x2e,0x64,0x65,0x63,0x6f,0x6d,
    0x70,0x6f,0x73,0x65,0x64,0x5f,0x73,0x64,0x66,0x5f,0x73,0x68,0x61,0x70,0x65,0x73,
    0x5b,0x69,0x5f,0x31,0x5d,0x2e,0x5f,0x70,0x61,0x64,0x30,0x2c,0x20,0x5f,0x34,0x36,
    0x30,0x2e,0x64,0x65,0x63,0x6f,0x6d,0x70,0x6f,0x73,0x65,0x64,0x5f,0x73,0x64,0x66,
    0x5f,0x73,0x68,0x61,0x70,0x65,0x73,0x5b,0x69,0x5f,0x31,0x5d,0x2e,0x5f,0x70,0x61,
    0x64,0x31,0x29,0x3b,0x0a,0x20,0x20,0x20,0x20,0x20,0x20,0x20,0x20,0x68,0x69,0x67,
    0x68,0x70,0x20,0x66,0x6c,0x6f,0x61,0x74,0x20,0x5f,0x34,0x38,0x31,0x20,0x3d,0x20,
    0x73,0x64,0x66,0x5f,0x67,0x65,0x74,0x5f,0x73,0x68,0x61,0x70,0x65,0x5f,0x64,0x69,
    0x73,0x74,0x28,0x70,0x61,0x72,0x61,0x6d,0x5f,0x32,0x2c,0x20,0x70,0x61,0x72,0x61,
    0x6d,0x5f,0x33,0x29,0x3b,0x0a,0x20,0x20,0x20,0x20,0x20,0x20,0x20,0x20,0x64,0x5f,
    0x64,0x65,0x63,0x6f,0x6d,0x70,0x6f,0x73,0x65,0x64,0x20,0x3d,0x20,0x6d,0x69,0x6e,
    0x28,0x64,0x5f,0x64,0x65,0x63,0x6f,0x6d,0x70,0x6f,0x73,0x65,0x64,0x2c,0x20,0x5f,
    0x34,0x38,0x31,0x29,0x3b,0x0a,0x20,0x20,0x20,0x20,0x7d,0x0a,0x20,0x20,0x20,0x20,
    0x72,0x65,0x74,0x75,0x72,0x6e,0x20,0x6d,0x61,0x78,0x28,0x64,0x2c,0x20,0x2d,0x64,
    0x5f,0x64,0x65,0x63,0x6f,0x6d,0x70,0x6f,0x73,0x65,0x64,0x29,0x3b,0x0a,0x7d,0x0a,
    0x0a,0x68,0x69,0x67,0x68,0x70,0x20,0x66,0x6c,0x6f,0x61,0x74,0x20,0x67,0x65,0x74,
    0x5f,0x73,0x68,0x61,0x64,0x6f,0x77,0x28,0x68,0x69,0x67,0x68,0x70,0x20,0x66,0x6c,
    0x6f,0x61,0x74,0x20,0x64,0x2c,0x20,0x68,0x69,0x67,0x68,0x70,0x20,0x66,0x6c,0x6f,
    0x61,0x74,0x20,0x73,0x68,0x61,0x64,0x6f,0x77,0x5f,0x6d,0x61,0x78,0x2c,0x20,0x68,
    0x69,0x67,0x68,0x70,0x20,0x66,0x6c,0x6f,0x61,0x74,0x20,0x73,0x68,0x61,0x64,0x6f,
    0x77,0x5f,0x6f,0x70,0x61,0x63,0x69,0x74,0x79,0x29,0x0a,0x7b,0x0a,0x20,0x20,0x20,
    0x20,0x72,0x65,0x74,0x75,0x72,0x6e,0x20,0x28,0x28,0x63,0x6c,0x61,0x6d,0x70,0x28,
    0x61,0x62,0x73,0x28,0x64,0x29,0x2c,0x20,0x30,0x2e,0x30,0x2c,0x20,0x73,0x68,0x61,
    0x64,0x6f,0x77,0x5f,0x6d,0x61,0x78,0x29,0x20,0x2a,0x20,0x28,0x31,0x2e,0x30,0x20,
    0x2f,0x20,0x73,0x68,0x61,0x64,0x6f,0x77,0x5f,0x6d,0x61,0x78,0x29,0x29,0x20,0x2a,
    0x20,0x73,0x68,0x61,0x64,0x6f,0x77,0x5f,0x6f,0x70,0x61,0x63,0x69,0x74,0x79,0x29,
    0x20,0x2b,0x20,0x28,0x31,0x2e,0x30,0x20,0x2d,0x20,0x73,0x68,0x61,0x64,0x6f,0x77,
    0x5f,0x6f,0x70,0x61,0x63,0x69,0x74,0x79,0x29,0x3b,0x0a,0x7d,0x0a,0x0a,0x76,0x6f,
    0x69,0x64,0x20,0x6d,0x61,0x69,0x6e,0x28,0x29,0x0a,0x7b,0x0a,0x20,0x20,0x20,0x20,
    0x68,0x69,0x67,0x68,0x70,0x20,0x76,0x65,0x63,0x32,0x20,0x70,0x61,0x72,0x61,0x6d,
    0x20,0x3d,0x20,0x70,0x6f,0x73,0x3b,0x0a,0x20,0x20,0x20,0x20,0x68,0x69,0x67,0x68,
    0x70,0x20,0x66,0x6c,0x6f,0x61,0x74,0x20,0x5f,0x35,0x31,0x34,0x20,0x3d,0x20,0x64,
    0x65,0x5f,0x73,0x63,0x65,0x6e,0x65,0x28,0x70,0x61,0x72,0x61,0x6d,0x29,0x3b,0x0a,
    0x20,0x20,0x20,0x20,0x68,0x69,0x67,0x68,0x70,0x20,0x76,0x65,0x63,0x33,0x20,0x63,
    0x6f,0x6c,0x6f,0x72,0x20,0x3d,0x20,0x76,0x65,0x63,0x33,0x28,0x31,0x2e,0x30,0x29,
    0x3b,0x0a,0x20,0x20,0x20,0x20,0x62,0x6f,0x6f,0x6c,0x20,0x5f,0x35,0x34,0x30,0x20,
    0x3d,0x20,0x5f,0x35,0x31,0x34,0x20,0x3e,0x20,0x30,0x2e,0x30,0x30,0x31,0x30,0x30,
    0x30,0x30,0x30,0x30,0x30,0x34,0x37,0x34,0x39,0x37,0x34,0x35,0x31,0x33,0x30,0x35,
    0x33,0x38,0x39,0x34,0x30,0x34,0x32,0x39,0x36,0x38,0x37,0x35,0x3b,0x0a,0x20,0x20,
    0x20,0x20,0x62,0x6f,0x6f,0x6c,0x20,0x5f,0x35,0x34,0x38,0x3b,0x0a,0x20,0x20,0x20,
    0x20,0x69,0x66,0x20,0x28,0x21,0x5f,0x35,0x34,0x30,0x29,0x0a,0x20,0x20,0x20,0x20,
    0x7b,0x0a,0x20,0x20,0x20,0x20,0x20,0x20,0x20,0x20,0x5f,0x35,0x34,0x38,0x20,0x3d,
    0x20,0x5f,0x35,0x31,0x34,0x20,0x3c,0x20,0x28,0x2d,0x30,0x2e,0x30,0x30,0x31,0x30,
    0x30,0x30,0x30,0x30,0x30,0x30,0x34,0x37,0x34,0x39,0x37,0x34,0x35,0x31,0x33,0x30,
    0x35,0x33,0x38,0x39,0x34,0x30,0x34,0x32,0x39,0x36,0x38,0x37,0x35,0x29,0x3b,0x0a,
    0x20,0x20,0x20,0x20,0x7d,0x0a,0x20,0x20,0x20,0x20,0x65,0x6c,0x73,0x65,0x0a,0x20,
    0x20,0x20,0x20,0x7b,0x0a,0x20,0x20,0x20,0x20,0x20,0x20,0x20,0x20,0x5f,0x35,0x34,
    0x38,0x20,0x3d,0x20,0x5f,0x35,0x34,0x30,0x3b,0x0a,0x20,0x20,0x20,0x20,0x7d,0x0a,
    0x20,0x20,0x20,0x20,0x69,0x66,0x20,0x28,0x5f,0x35,0x34,0x38,0x29,0x0a,0x20,0x20,
    0x20,0x20,0x7b,0x0a,0x20,0x20,0x20,0x20,0x20,0x20,0x20,0x20,0x68,0x69,0x67,0x68,
    0x70,0x20,0x66,0x6c,0x6f,0x61,0x74,0x20,0x5f,0x35,0x35,0x39,0x20,0x3d,0x20,0x31,
    0x2e,0x30,0x20,0x2d,0x20,0x28,0x28,0x73,0x69,0x6e,0x28,0x5f,0x35,0x31,0x34,0x20,
    0x2a,0x20,0x35,0x31,0x32,0x2e,0x30,0x29,0x20,0x2b,0x20,0x31,0x2e,0x30,0x29,0x20,
    0x2a,0x20,0x30,0x2e,0x31,0x30,0x30,0x30,0x30,0x30,0x30,0x30,0x31,0x34,0x39,0x30,
    0x31,0x31,0x36,0x31,0x31,0x39,0x33,0x38,0x34,0x37,0x36,0x35,0x36,0x32,0x35,0x29,
    0x3b,0x0a,0x20,0x20,0x20,0x20,0x20,0x20,0x20,0x20,0x68,0x69,0x67,0x68,0x70,0x20,
    0x66,0x6c,0x6f,0x61,0x74,0x20,0x70,0x61,0x72,0x61,0x6d,0x5f,0x31,0x20,0x3d,0x20,
    0x5f,0x35,0x31,0x34,0x3b,0x0a,0x20,0x20,0x20,0x20,0x20,0x20,0x20,0x20,0x68,0x69,
    0x67,0x68,0x70,0x20,0x66,0x6c,0x6f,0x61,0x74,0x20,0x70,0x61,0x72,0x61,0x6d,0x5f,
    0x32,0x20,0x3d,0x20,0x30,0x2e,0x30,0x35,0x30,0x30,0x30,0x30,0x30,0x30,0x30,0x37,
    0x34,0x35,0x30,0x35,0x38,0x30,0x35,0x39,0x36,0x39,0x32,0x33,0x38,0x32,0x38,0x31,
    0x32,0x35,0x3b,0x0a,0x20,0x20,0x20,0x20,0x20,0x20,0x20,0x20,0x68,0x69,0x67,0x68,
    0x70,0x20,0x66,0x6c,0x6f,0x61,0x74,0x20,0x70,0x61,0x72,0x61,0x6d,0x5f,0x33,0x20,
    0x3d,0x20,0x30,0x2e,0x35,0x3b,0x0a,0x20,0x20,0x20,0x20,0x20,0x20,0x20,0x20,0x68,
    0x69,0x67,0x68,0x70,0x20,0x66,0x6c,0x6f,0x61,0x74,0x20,0x5f,0x35,0x36,0x36,0x20,
    0x3d,0x20,0x67,0x65,0x74,0x5f,0x73,0x68,0x61,0x64,0x6f,0x77,0x28,0x70,0x61,0x72,
    0x61,0x6d,0x5f,0x31,0x2c,0x20,0x70,0x61,0x72,0x61,0x6d,0x5f,0x32,0x2c,0x20,0x70,
    0x61,0x72,0x61,0x6d,0x5f,0x33,0x29,0x3b,0x0a,0x20,0x20,0x20,0x20,0x20,0x20,0x20,
    0x20,0x69,0x66,0x20,0x28,0x5f,0x35,0x34,0x30,0x29,0x0a,0x20,0x20,0x20,0x20,0x20,
    0x20,0x20,0x20,0x7b,0x0a,0x20,0x20,0x20,0x20,0x20,0x20,0x20,0x20,0x20,0x20,0x20,
    0x20,0x68,0x69,0x67,0x68,0x70,0x20,0x66,0x6c,0x6f,0x61,0x74,0x20,0x70,0x61,0x72,
    0x61,0x6d,0x5f,0x34,0x20,0x3d,0x20,0x5f,0x35,0x31,0x34,0x3b,0x0a,0x20,0x20,0x20,
    0x20,0x20,0x20,0x20,0x20,0x20,0x20,0x20,0x20,0x68,0x69,0x67,0x68,0x70,0x20,0x66,
    0x6c,0x6f,0x61,0x74,0x20,0x70,0x61,0x72,0x61,0x6d,0x5f,0x35,0x20,0x3d,0x20,0x30,
    0x2e,0x32,0x35,0x3b,0x0a,0x20,0x20,0x20,0x20,0x20,0x20,0x20,0x20,0x20,0x20,0x20,
    0x20,0x68,0x69,0x67,0x68,0x70,0x20,0x66,0x6c,0x6f,0x61,0x74,0x20,0x70,0x61,0x72,
    0x61,0x6d,0x5f,0x36,0x20,0x3d,0x20,0x31,0x2e,0x30,0x3b,0x0a,0x20,0x20,0x20,0x20,
    0x20,0x20,0x20,0x20,0x20,0x20,0x20,0x20,0x68,0x69,0x67,0x68,0x70,0x20,0x66,0x6c,
    0x6f,0x61,0x74,0x20,0x5f,0x35,0x37,0x38,0x20,0x3d,0x20,0x67,0x65,0x74,0x5f,0x73,
    0x68,0x61,0x64,0x6f,0x77,0x28,0x70,0x61,0x72,0x61,0x6d,0x5f,0x34,0x2c,0x20,0x70,
    0x61,0x72,0x61,0x6d,0x5f,0x35,0x2c,0x20,0x70,0x61,0x72,0x61,0x6d,0x5f,0x36,0x29,
    0x3b,0x0a,0x20,0x20,0x20,0x20,0x20,0x20,0x20,0x20,0x20,0x20,0x20,0x20,0x63,0x6f,
    0x6c,0x6f,0x72,0x20,0x3d,0x20,0x28,0x28,0x28,0x76,0x65,0x63,0x33,0x28,0x30,0x2e,
    0x39,0x37,0x32,0x30,0x30,0x30,0x30,0x30,0x32,0x38,0x36,0x31,0x30,0x32,0x32,0x39,
    0x34,0x39,0x32,0x31,0x38,0x37,0x35,0x2c,0x20,0x30,0x2e,0x39,0x37,0x36,0x30,0x30,
    0x30,0x30,0x31,0x30,0x39,0x36,0x37,0x32,0x35,0x34,0x36,0x33,0x38,0x36,0x37,0x31,
    0x38,0x37,0x35,0x2c,0x20,0x30,0x2e,0x39,0x38,0x37,0x39,0x39,0x39,0x39,0x37,0x35,
    0x36,0x38,0x31,0x33,0x30,0x34,0x39,0x33,0x31,0x36,0x34,0x30,0x36,0x32,0x35,0x29,
    0x20,0x2a,0x20,0x5f,0x35,0x35,0x39,0x29,0x20,0x2a,0x20,0x28,0x31,0x2e,0x30,0x20,
    0x2d,0x20,0x5f,0x35,0x37,0x38,0x29,0x29,0x20,0x2b,0x20,0x28,0x76,0x65,0x63,0x33,
    0x28,0x30,0x2e,0x39,0x37,0x32,0x30,0x30,0x30,0x30,0x30,0x32,0x38,0x36,0x31,0x30,
    0x32,0x32,0x39,0x34,0x39,0x32,0x31,0x38,0x37,0x35,0x2c,0x20,0x30,0x2e,0x39,0x37,
    0x36,0x30,0x30,0x30,0x30,0x31,0x30,0x39,0x36,0x37,0x32,0x35,0x34,0x36,0x33,0x38,
    0x36,0x37,0x31,0x38,0x37,0x35,0x2c,0x20,0x30,0x2e,0x39,0x38,0x37,0x39,0x39,0x39,
    0x39,0x37,0x35,0x36,0x38,0x31,0x33,0x30,0x34,0x39,0x33,0x31,0x36,0x34,0x30,0x36,
    0x32,0x35,0x29,0x20,0x2a,0x20,0x5f,0x35,0x37,0x38,0x29,0x29,0x20,0x2a,0x20,0x5f,
    0x35,0x36,0x36,0x3b,0x0a,0x20,0x20,0x20,0x20,0x20,0x20,0x20,0x20,0x7d,0x0a,0x20,
    0x20,0x20,0x20,0x20,0x20,0x20,0x20,0x69,0x66,0x20,0x28,0x5f,0x35,0x31,0x34,0x20,
    0x3c,0x20,0x28,0x2d,0x30,0x2e,0x30,0x30,0x31,0x30,0x30,0x30,0x30,0x30,0x30,0x30,
    0x34,0x37,0x34,0x39,0x37,0x34,0x35,0x31,0x33,0x30,0x35,0x33,0x38,0x39,0x34,0x30,
    0x34,0x32,0x39,0x36,0x38,0x37,0x35,0x29,0x29,0x0a,0x20,0x20,0x20,0x20,0x20,0x20,
    0x20,0x20,0x7b,0x0a,0x20,0x20,0x20,0x20,0x20,0x20,0x20,0x20,0x20,0x20,0x20,0x20,
    0x63,0x6f,0x6c,0x6f,0x72,0x20,0x3d,0x20,0x28,0x76,0x65,0x63,0x33,0x28,0x31,0x2e,
    0x30,0x2c,0x20,0x30,0x2e,0x34,0x39,0x30,0x30,0x30,0x30,0x30,0x30,0x39,0x35,0x33,
    0x36,0x37,0x34,0x33,0x31,0x36,0x34,0x30,0x36,0x32,0x35,0x2c,0x20,0x30,0x2e,0x35,
    0x38,0x39,0x39,0x39,0x39,0x39,0x37,0x33,0x37,0x37,0x33,0x39,0x35,0x36,0x32,0x39,
    0x38,0x38,0x32,0x38,0x31,0x32,0x35,0x29,0x20,0x2a,0x20,0x5f,0x35,0x35,0x39,0x29,
    0x20,0x2a,0x20,0x5f,0x35,0x36,0x36,0x3b,0x0a,0x20,0x20,0x20,0x20,0x20,0x20,0x20,
    0x20,0x7d,0x0a,0x20,0x20,0x20,0x20,0x7d,0x0a,0x20,0x20,0x20,0x20,0x66,0x72,0x61,
    0x67,0x5f,0x63,0x6f,0x6c,0x6f,0x72,0x20,0x3d,0x20,0x76,0x65,0x63,0x34,0x28,0x63,
    0x6f,0x6c,0x6f,0x72,0x2c,0x20,0x31,0x2e,0x30,0x29,0x3b,0x0a,0x7d,0x0a,0x0a,0x00,

};
/*
    cbuffer vs_params : register(b0)
    {
        float _30_aspect : packoffset(c0);
    };


    static float4 gl_Position;
    static float4 position;
    static float2 pos;

    struct SPIRV_Cross_Input
    {
        float4 position : TEXCOORD0;
    };

    struct SPIRV_Cross_Output
    {
        float2 pos : TEXCOORD0;
        float4 gl_Position : SV_Position;
    };

    void vert_main()
    {
        gl_Position = position;
        pos.x = position.x * _30_aspect;
        pos.y = position.y;
    }

    SPIRV_Cross_Output main(SPIRV_Cross_Input stage_input)
    {
        position = stage_input.position;
        vert_main();
        SPIRV_Cross_Output stage_output;
        stage_output.gl_Position = gl_Position;
        stage_output.pos = pos;
        return stage_output;
    }
*/
static const uint8_t vs_source_hlsl5[671] = {
    0x63,0x62,0x75,0x66,0x66,0x65,0x72,0x20,0x76,0x73,0x5f,0x70,0x61,0x72,0x61,0x6d,
    0x73,0x20,0x3a,0x20,0x72,0x65,0x67,0x69,0x73,0x74,0x65,0x72,0x28,0x62,0x30,0x29,
    0x0a,0x7b,0x0a,0x20,0x20,0x20,0x20,0x66,0x6c,0x6f,0x61,0x74,0x20,0x5f,0x33,0x30,
    0x5f,0x61,0x73,0x70,0x65,0x63,0x74,0x20,0x3a,0x20,0x70,0x61,0x63,0x6b,0x6f,0x66,
    0x66,0x73,0x65,0x74,0x28,0x63,0x30,0x29,0x3b,0x0a,0x7d,0x3b,0x0a,0x0a,0x0a,0x73,
    0x74,0x61,0x74,0x69,0x63,0x20,0x66,0x6c,0x6f,0x61,0x74,0x34,0x20,0x67,0x6c,0x5f,
    0x50,0x6f,0x73,0x69,0x74,0x69,0x6f,0x6e,0x3b,0x0a,0x73,0x74,0x61,0x74,0x69,0x63,
    0x20,0x66,0x6c,0x6f,0x61,0x74,0x34,0x20,0x70,0x6f,0x73,0x69,0x74,0x69,0x6f,0x6e,
    0x3b,0x0a,0x73,0x74,0x61,0x74,0x69,0x63,0x20,0x66,0x6c,0x6f,0x61,0x74,0x32,0x20,
    0x70,0x6f,0x73,0x3b,0x0a,0x0a,0x73,0x74,0x72,0x75,0x63,0x74,0x20,0x53,0x50,0x49,
    0x52,0x56,0x5f,0x43,0x72,0x6f,0x73,0x73,0x5f,0x49,0x6e,0x70,0x75,0x74,0x0a,0x7b,
    0x0a,0x20,0x20,0x20,0x20,0x66,0x6c,0x6f,0x61,0x74,0x34,0x20,0x70,0x6f,0x73,0x69,
    0x74,0x69,0x6f,0x6e,0x20,0x3a,0x20,0x54,0x45,0x58,0x43,0x4f,0x4f,0x52,0x44,0x30,
    0x3b,0x0a,0x7d,0x3b,0x0a,0x0a,0x73,0x74,0x72,0x75,0x63,0x74,0x20,0x53,0x50,0x49,
    0x52,0x56,0x5f,0x43,0x72,0x6f,0x73,0x73,0x5f,0x4f,0x75,0x74,0x70,0x75,0x74,0x0a,
    0x7b,0x0a,0x20,0x20,0x20,0x20,0x66,0x6c,0x6f,0x61,0x74,0x32,0x20,0x70,0x6f,0x73,
    0x20,0x3a,0x20,0x54,0x45,0x58,0x43,0x4f,0x4f,0x52,0x44,0x30,0x3b,0x0a,0x20,0x20,
    0x20,0x20,0x66,0x6c,0x6f,0x61,0x74,0x34,0x20,0x67,0x6c,0x5f,0x50,0x6f,0x73,0x69,
    0x74,0x69,0x6f,0x6e,0x20,0x3a,0x20,0x53,0x56,0x5f,0x50,0x6f,0x73,0x69,0x74,0x69,
    0x6f,0x6e,0x3b,0x0a,0x7d,0x3b,0x0a,0x0a,0x76,0x6f,0x69,0x64,0x20,0x76,0x65,0x72,
    0x74,0x5f,0x6d,0x61,0x69,0x6e,0x28,0x29,0x0a,0x7b,0x0a,0x20,0x20,0x20,0x20,0x67,
    0x6c,0x5f,0x50,0x6f,0x73,0x69,0x74,0x69,0x6f,0x6e,0x20,0x3d,0x20,0x70,0x6f,0x73,
    0x69,0x74,0x69,0x6f,0x6e,0x3b,0x0a,0x20,0x20,0x20,0x20,0x70,0x6f,0x73,0x2e,0x78,
    0x20,0x3d,0x20,0x70,0x6f,0x73,0x69,0x74,0x69,0x6f,0x6e,0x2e,0x78,0x20,0x2a,0x20,
    0x5f,0x33,0x30,0x5f,0x61,0x73,0x70,0x65,0x63,0x74,0x3b,0x0a,0x20,0x20,0x20,0x20,
    0x70,0x6f,0x73,0x2e,0x79,0x20,0x3d,0x20,0x70,0x6f,0x73,0x69,0x74,0x69,0x6f,0x6e,
    0x2e,0x79,0x3b,0x0a,0x7d,0x0a,0x0a,0x53,0x50,0x49,0x52,0x56,0x5f,0x43,0x72,0x6f,
    0x73,0x73,0x5f,0x4f,0x75,0x74,0x70,0x75,0x74,0x20,0x6d,0x61,0x69,0x6e,0x28,0x53,
    0x50,0x49,0x52,0x56,0x5f,0x43,0x72,0x6f,0x73,0x73,0x5f,0x49,0x6e,0x70,0x75,0x74,
    0x20,0x73,0x74,0x61,0x67,0x65,0x5f,0x69,0x6e,0x70,0x75,0x74,0x29,0x0a,0x7b,0x0a,
    0x20,0x20,0x20,0x20,0x70,0x6f,0x73,0x69,0x74,0x69,0x6f,0x6e,0x20,0x3d,0x20,0x73,
    0x74,0x61,0x67,0x65,0x5f,0x69,0x6e,0x70,0x75,0x74,0x2e,0x70,0x6f,0x73,0x69,0x74,
    0x69,0x6f,0x6e,0x3b,0x0a,0x20,0x20,0x20,0x20,0x76,0x65,0x72,0x74,0x5f,0x6d,0x61,
    0x69,0x6e,0x28,0x29,0x3b,0x0a,0x20,0x20,0x20,0x20,0x53,0x50,0x49,0x52,0x56,0x5f,
    0x43,0x72,0x6f,0x73,0x73,0x5f,0x4f,0x75,0x74,0x70,0x75,0x74,0x20,0x73,0x74,0x61,
    0x67,0x65,0x5f,0x6f,0x75,0x74,0x70,0x75,0x74,0x3b,0x0a,0x20,0x20,0x20,0x20,0x73,
    0x74,0x61,0x67,0x65,0x5f,0x6f,0x75,0x74,0x70,0x75,0x74,0x2e,0x67,0x6c,0x5f,0x50,
    0x6f,0x73,0x69,0x74,0x69,0x6f,0x6e,0x20,0x3d,0x20,0x67,0x6c,0x5f,0x50,0x6f,0x73,
    0x69,0x74,0x69,0x6f,0x6e,0x3b,0x0a,0x20,0x20,0x20,0x20,0x73,0x74,0x61,0x67,0x65,
    0x5f,0x6f,0x75,0x74,0x70,0x75,0x74,0x2e,0x70,0x6f,0x73,0x20,0x3d,0x20,0x70,0x6f,
    0x73,0x3b,0x0a,0x20,0x20,0x20,0x20,0x72,0x65,0x74,0x75,0x72,0x6e,0x20,0x73,0x74,
    0x61,0x67,0x65,0x5f,0x6f,0x75,0x74,0x70,0x75,0x74,0x3b,0x0a,0x7d,0x0a,0x00,
};
/*
    struct sdf_shape
    {
        float2 position;
        float angle;
        int shape_type;
        float2 size;
        int _pad0;
        int _pad1;
    };

    cbuffer fs_params : register(b1)
    {
        int _88_original_sdf_count : packoffset(c0);
        int _88_decomposed_sdf_count : packoffset(c0.y);
        float2 _88_camera_position : packoffset(c0.z);
        float _88_camera_zoom : packoffset(c1);
    };

    ByteAddressBuffer _415 : register(t0);
    ByteAddressBuffer _460 : register(t1);

    static float2 pos;
    static float4 frag_color;

    struct SPIRV_Cross_Input
    {
        float2 pos : TEXCOORD0;
    };

    struct SPIRV_Cross_Output
    {
        float4 frag_color : SV_Target0;
    };

    float2 sdf_rotate(float2 p, float angle)
    {
        float _66 = cos(angle);
        float _69 = sin(angle);
        return mul(p, float2x2(float2(_66, -_69), float2(_69, _66)));
    }

    float2 sdf_transform(float2 p, float2 position, float angle)
    {
        float2 param = ((p * _88_camera_zoom) - position) - _88_camera_position;
        float param_1 = angle;
        return sdf_rotate(param, param_1);
    }

    float de_circle(float2 p, float r)
    {
        return length(p) - r;
    }

    float de_box(float2 p, float2 b)
    {
        float2 _117 = abs(p) - b;
        return length(max(_117, 0.0f.xx)) + min(max(_117.x, _117.y), 0.0f);
    }

    float de_eq_triangle(inout float2 p, float r)
    {
        p.x = abs(p.x) - r;
        p.y += (r * 0.57735025882720947265625f);
        if ((p.x + (1.73205077648162841796875f * p.y)) > 0.0f)
        {
            p = float2(p.x - (1.73205077648162841796875f * p.y), ((-1.73205077648162841796875f) * p.x) - p.y) * 0.5f.xx;
        }
        p.x -= clamp(p.x, (-2.0f) * r, 0.0f);
        return (-length(p)) * sign(p.y);
    }

    float de_pentagram(inout float2 p, float r)
    {
        p.x = abs(p.x);
        p -= (float2(0.809017002582550048828125f, -0.587785243988037109375f) * (2.0f * max(dot(float2(0.809017002582550048828125f, -0.587785243988037109375f), p), 0.0f)));
        p -= (float2(-0.809017002582550048828125f, -0.587785243988037109375f) * (2.0f * max(dot(float2(-0.809017002582550048828125f, -0.587785243988037109375f), p), 0.0f)));
        p.x = abs(p.x);
        p.y -= r;
        return length(p - (float2(0.309017002582550048828125f, -0.951056540012359619140625f) * clamp(dot(p, float2(0.309017002582550048828125f, -0.951056540012359619140625f)), 0.0f, 0.726542532444000244140625f * r))) * sign((p.y * 0.309017002582550048828125f) - (p.x * (-0.951056540012359619140625f)));
    }

    float de_horseshoe(inout float2 p, float2 c, float r, float2 w)
    {
        p.x = abs(p.x);
        float2 _254 = p;
        float _255 = length(_254);
        p = mul(p, float2x2(float2(-c.x, c.y), float2(c.y, c.x)));
        bool _272 = p.y > 0.0f;
        bool _279;
        if (!_272)
        {
            _279 = p.x > 0.0f;
        }
        else
        {
            _279 = _272;
        }
        float _280;
        if (_279)
        {
            _280 = p.x;
        }
        else
        {
            _280 = _255 * sign(-c.x);
        }
        float _296;
        if (p.x > 0.0f)
        {
            _296 = p.y;
        }
        else
        {
            _296 = _255;
        }
        p = float2(_280, _296);
        p = float2(p.x, abs(p.y - r)) - w;
        return length(max(p, 0.0f.xx)) + min(0.0f, max(p.x, p.y));
    }

    float sdf_get_shape_dist(inout float2 p, sdf_shape shape)
    {
        float2 param = p;
        float2 param_1 = shape.position;
        float param_2 = shape.angle;
        p = sdf_transform(param, param_1, param_2);
        float d = 256.0f;
        switch (shape.shape_type)
        {
            case 0:
            {
                break;
            }
            case 1:
            {
                float2 param_3 = p;
                float param_4 = shape.size.x;
                d = de_circle(param_3, param_4);
                break;
            }
            case 2:
            {
                float2 param_5 = p;
                float2 param_6 = shape.size;
                d = de_box(param_5, param_6);
                break;
            }
            case 3:
            {
                float2 param_7 = p;
                float param_8 = shape.size.x;
                float _371 = de_eq_triangle(param_7, param_8);
                d = _371;
                break;
            }
            case 4:
            {
                float2 param_9 = p;
                float param_10 = shape.size.x;
                float _378 = de_pentagram(param_9, param_10);
                d = _378;
                break;
            }
            case 5:
            {
                float2 param_11 = p;
                float2 param_12 = float2(0.19866932928562164306640625f, 0.980066597461700439453125f);
                float param_13 = 0.5f;
                float2 param_14 = float2(0.300000011920928955078125f, 0.100000001490116119384765625f);
                float _392 = de_horseshoe(param_11, param_12, param_13, param_14);
                d = _392;
                break;
            }
        }
        return d;
    }

    float de_scene(float2 p)
    {
        float d = 256.0f;
        for (int i = 0; i < _88_original_sdf_count; i++)
        {
            sdf_shape _419;
            _419.position = asfloat(_415.Load2(i * 32 + 0));
            _419.angle = asfloat(_415.Load(i * 32 + 8));
            _419.shape_type = int(_415.Load(i * 32 + 12));
            _419.size = asfloat(_415.Load2(i * 32 + 16));
            _419._pad0 = int(_415.Load(i * 32 + 24));
            _419._pad1 = int(_415.Load(i * 32 + 28));
            float2 param = p;
            sdf_shape _630 = { _419.position, _419.angle, _419.shape_type, _419.size, _419._pad0, _419._pad1 };
            sdf_shape param_1 = _630;
            float _439 = sdf_get_shape_dist(param, param_1);
            d = min(d, _439);
        }
        float d_decomposed = 256.0f;
        for (int i_1 = 0; i_1 < _88_decomposed_sdf_count; i_1++)
        {
            sdf_shape _463;
            _463.position = asfloat(_460.Load2(i_1 * 32 + 0));
            _463.angle = asfloat(_460.Load(i_1 * 32 + 8));
            _463.shape_type = int(_460.Load(i_1 * 32 + 12));
            _463.size = asfloat(_460.Load2(i_1 * 32 + 16));
            _463._pad0 = int(_460.Load(i_1 * 32 + 24));
            _463._pad1 = int(_460.Load(i_1 * 32 + 28));
            float2 param_2 = p;
            sdf_shape _643 = { _463.position, _463.angle, _463.shape_type, _463.size, _463._pad0, _463._pad1 };
            sdf_shape param_3 = _643;
            float _481 = sdf_get_shape_dist(param_2, param_3);
            d_decomposed = min(d_decomposed, _481);
        }
        return max(d, -d_decomposed);
    }

    float get_shadow(float d, float shadow_max, float shadow_opacity)
    {
        return ((clamp(abs(d), 0.0f, shadow_max) * (1.0f / shadow_max)) * shadow_opacity) + (1.0f - shadow_opacity);
    }

    void frag_main()
    {
        float2 param = pos;
        float _514 = de_scene(param);
        float3 color = 1.0f.xxx;
        bool _540 = _514 > 0.001000000047497451305389404296875f;
        bool _548;
        if (!_540)
        {
            _548 = _514 < (-0.001000000047497451305389404296875f);
        }
        else
        {
            _548 = _540;
        }
        if (_548)
        {
            float _559 = 1.0f - ((sin(_514 * 512.0f) + 1.0f) * 0.100000001490116119384765625f);
            float param_1 = _514;
            float param_2 = 0.0500000007450580596923828125f;
            float param_3 = 0.5f;
            float _566 = get_shadow(param_1, param_2, param_3);
            if (_540)
            {
                float param_4 = _514;
                float param_5 = 0.25f;
                float param_6 = 1.0f;
                float _578 = get_shadow(param_4, param_5, param_6);
                color = (((float3(0.97200000286102294921875f, 0.976000010967254638671875f, 0.987999975681304931640625f) * _559) * (1.0f - _578)) + (float3(0.97200000286102294921875f, 0.976000010967254638671875f, 0.987999975681304931640625f) * _578)) * _566;
            }
            if (_514 < (-0.001000000047497451305389404296875f))
            {
                color = (float3(1.0f, 0.4900000095367431640625f, 0.589999973773956298828125f) * _559) * _566;
            }
        }
        frag_color = float4(color, 1.0f);
    }

    SPIRV_Cross_Output main(SPIRV_Cross_Input stage_input)
    {
        pos = stage_input.pos;
        frag_main();
        SPIRV_Cross_Output stage_output;
        stage_output.frag_color = frag_color;
        return stage_output;
    }
*/
static const uint8_t fs_source_hlsl5[7717] = {
    0x73,0x74,0x72,0x75,0x63,0x74,0x20,0x73,0x64,0x66,0x5f,0x73,0x68,0x61,0x70,0x65,
    0x0a,0x7b,0x0a,0x20,0x20,0x20,0x20,0x66,0x6c,0x6f,0x61,0x74,0x32,0x20,0x70,0x6f,
    0x73,0x69,0x74,0x69,0x6f,0x6e,0x3b,0x0a,0x20,0x20,0x20,0x20,0x66,0x6c,0x6f,0x61,
    0x74,0x20,0x61,0x6e,0x67,0x6c,0x65,0x3b,0x0a,0x20,0x20,0x20,0x20,0x69,0x6e,0x74,
    0x20,0x73,0x68,0x61,0x70,0x65,0x5f,0x74,0x79,0x70,0x65,0x3b,0x0a,0x20,0x20,0x20,
    0x20,0x66,0x6c,0x6f,0x61,0x74,0x32,0x20,0x73,0x69,0x7a,0x65,0x3b,0x0a,0x20,0x20,
    0x20,0x20,0x69,0x6e,0x74,0x20,0x5f,0x70,0x61,0x64,0x30,0x3b,0x0a,0x20,0x20,0x20,
    0x20,0x69,0x6e,0x74,0x20,0x5f,0x70,0x61,0x64,0x31,0x3b,0x0a,0x7d,0x3b,0x0a,0x0a,
    0x63,0x62,0x75,0x66,0x66,0x65,0x72,0x20,0x66,0x73,0x5f,0x70,0x61,0x72,0x61,0x6d,
    0x73,0x20,0x3a,0x20,0x72,0x65,0x67,0x69,0x73,0x74,0x65,0x72,0x28,0x62,0x31,0x29,
    0x0a,0x7b,0x0a,0x20,0x20,0x20,0x20,0x69,0x6e,0x74,0x20,0x5f,0x38,0x38,0x5f,0x6f,
    0x72,0x69,0x67,0x69,0x6e,0x61,0x6c,0x5f,0x73,0x64,0x66,0x5f,0x63,0x6f,0x75,0x6e,
    0x74,0x20,0x3a,0x20,0x70,0x61,0x63,0x6b,0x6f,0x66,0x66,0x73,0x65,0x74,0x28,0x63,
    0x30,0x29,0x3b,0x0a,0x20,0x20,0x20,0x20,0x69,0x6e,0x74,0x20,0x5f,0x38,0x38,0x5f,
    0x64,0x65,0x63,0x6f,0x6d,0x70,0x6f,0x73,0x65,0x64,0x5f,0x73,0x64,0x66,0x5f,0x63,
    0x6f,0x75,0x6e,0x74,0x20,0x3a,0x20,0x70,0x61,0x63,0x6b,0x6f,0x66,0x66,0x73,0x65,
    0x74,0x28,0x63,0x30,0x2e,0x79,0x29,0x3b,0x0a,0x20,0x20,0x20,0x20,0x66,0x6c,0x6f,
    0x61,0x74,0x32,0x20,0x5f,0x38,0x38,0x5f,0x63,0x61,0x6d,0x65,0x72,0x61,0x5f,0x70,
    0x6f,0x73,0x69,0x74,0x69,0x6f,0x6e,0x20,0x3a,0x20,0x70,0x61,0x63,0x6b,0x6f,0x66,
    0x66,0x73,0x65,0x74,0x28,0x63,0x30,0x2e,0x7a,0x29,0x3b,0x0a,0x20,0x20,0x20,0x20,
    0x66,0x6c,0x6f,0x61,0x74,0x20,0x5f,0x38,0x38,0x5f,0x63,0x61,0x6d,0x65,0x72,0x61,
    0x5f,0x7a,0x6f,0x6f,0x6d,0x20,0x3a,0x20,0x70,0x61,0x63,0x6b,0x6f,0x66,0x66,0x73,
    0x65,0x74,0x28,0x63,0x31,0x29,0x3b,0x0a,0x7d,0x3b,0x0a,0x0a,0x42,0x79,0x74,0x65,
    0x41,0x64,0x64,0x72,0x65,0x73,0x73,0x42,0x75,0x66,0x66,0x65,0x72,0x20,0x5f,0x34,
    0x31,0x35,0x20,0x3a,0x20,0x72,0x65,0x67,0x69,0x73,0x74,0x65,0x72,0x28,0x74,0x30,
    0x29,0x3b,0x0a,0x42,0x79,0x74,0x65,0x41,0x64,0x64,0x72,0x65,0x73,0x73,0x42,0x75,
    0x66,0x66,0x65,0x72,0x20,0x5f,0x34,0x36,0x30,0x20,0x3a,0x20,0x72,0x65,0x67,0x69,
    0x73,0x74,0x65,0x72,0x28,0x74,0x31,0x29,0x3b,0x0a,0x0a,0x73,0x74,0x61,0x74,0x69,
    0x63,0x20,0x66,0x6c,0x6f,0x61,0x74,0x32,0x20,0x70,0x6f,0x73,0x3b,0x0a,0x73,0x74,
    0x61,0x74,0x69,0x63,0x20,0x66,0x6c,0x6f,0x61,0x74,0x34,0x20,0x66,0x72,0x61,0x67,
    0x5f,0x63,0x6f,0x6c,0x6f,0x72,0x3b,0x0a,0x0a,0x73,0x74,0x72,0x75,0x63,0x74,0x20,
    0x53,0x50,0x49,0x52,0x56,0x5f,0x43,0x72,0x6f,0x73,0x73,0x5f,0x49,0x6e,0x70,0x75,
    0x74,0x0a,0x7b,0x0a,0x20,0x20,0x20,0x20,0x66,0x6c,0x6f,0x61,0x74,0x32,0x20,0x70,
    0x6f,0x73,0x20,0x3a,0x20,0x54,0x45,0x58,0x43,0x4f,0x4f,0x52,0x44,0x30,0x3b,0x0a,
    0x7d,0x3b,0x0a,0x0a,0x73,0x74,0x72,0x75,0x63,0x74,0x20,0x53,0x50,0x49,0x52,0x56,
    0x5f,0x43,0x72,0x6f,0x73,0x73,0x5f,0x4f,0x75,0x74,0x70,0x75,0x74,0x0a,0x7b,0x0a,
    0x20,0x20,0x20,0x20,0x66,0x6c,0x6f,0x61,0x74,0x34,0x20,0x66,0x72,0x61,0x67,0x5f,
    0x63,0x6f,0x6c,0x6f,0x72,0x20,0x3a,0x20,0x53,0x56,0x5f,0x54,0x61,0x72,0x67,0x65,
    0x74,0x30,0x3b,0x0a,0x7d,0x3b,0x0a,0x0a,0x66,0x6c,0x6f,0x61,0x74,0x32,0x20,0x73,
    0x64,0x66,0x5f,0x72,0x6f,0x74,0x61,0x74,0x65,0x28,0x66,0x6c,0x6f,0x61,0x74,0x32,
    0x20,0x70,0x2c,0x20,0x66,0x6c,0x6f,0x61,0x74,0x20,0x61,0x6e,0x67,0x6c,0x65,0x29,
    0x0a,0x7b,0x0a,0x20,0x20,0x20,0x20,0x66,0x6c,0x6f,0x61,0x74,0x20,0x5f,0x36,0x36,
    0x20,0x3d,0x20,0x63,0x6f,0x73,0x28,0x61,0x6e,0x67,0x6c,0x65,0x29,0x3b,0x0a,0x20,
    0x20,0x20,0x20,0x66,0x6c,0x6f,0x61,0x74,0x20,0x5f,0x36,0x39,0x20,0x3d,0x20,0x73,
    0x69,0x6e,0x28,0x61,0x6e,0x67,0x6c,0x65,0x29,0x3b,0x0a,0x20,0x20,0x20,0x20,0x72,
    0x65,0x74,0x75,0x72,0x6e,0x20,0x6d,0x75,0x6c,0x28,0x70,0x2c,0x20,0x66,0x6c,0x6f,
    0x61,0x74,0x32,0x78,0x32,0x28,0x66,0x6c,0x6f,0x61,0x74,0x32,0x28,0x5f,0x36,0x36,
    0x2c,0x20,0x2d,0x5f,0x36,0x39,0x29,0x2c,0x20,0x66,0x6c,0x6f,0x61,0x74,0x32,0x28,
    0x5f,0x36,0x39,0x2c,0x20,0x5f,0x36,0x36,0x29,0x29,0x29,0x3b,0x0a,0x7d,0x0a,0x0a,
    0x66,0x6c,0x6f,0x61,0x74,0x32,0x20,0x73,0x64,0x66,0x5f,0x74,0x72,0x61,0x6e,0x73,
    0x66,0x6f,0x72,0x6d,0x28,0x66,0x6c,0x6f,0x61,0x74,0x32,0x20,0x70,0x2c,0x20,0x66,
    0x6c,0x6f,0x61,0x74,0x32,0x20,0x70,0x6f,0x73,0x69,0x74,0x69,0x6f,0x6e,0x2c,0x20,
    0x66,0x6c,0x6f,0x61,0x74,0x20,0x61,0x6e,0x67,0x6c,0x65,0x29,0x0a,0x7b,0x0a,0x20,
    0x20,0x20,0x20,0x66,0x6c,0x6f,0x61,0x74,0x32,0x20,0x70,0x61,0x72,0x61,0x6d,0x20,
    0x3d,0x20,0x28,0x28,0x70,0x20,0x2a,0x20,0x5f,0x38,0x38,0x5f,0x63,0x61,0x6d,0x65,
    0x72,0x61,0x5f,0x7a,0x6f,0x6f,0x6d,0x29,0x20,0x2d,0x20,0x70,0x6f,0x73,0x69,0x74,
    0x69,0x6f,0x6e,0x29,0x20,0x2d,0x20,0x5f,0x38,0x38,0x5f,0x63,0x61,0x6d,0x65,0x72,
    0x61,0x5f,0x70,0x6f,0x73,0x69,0x74,0x69,0x6f,0x6e,0x3b,0x0a,0x20,0x20,0x20,0x20,
    0x66,0x6c,0x6f,0x61,0x74,0x20,0x70,0x61,0x72,0x61,0x6d,0x5f,0x31,0x20,0x3d,0x20,
    0x61,0x6e,0x67,0x6c,0x65,0x3b,0x0a,0x20,0x20,0x20,0x20,0x72,0x65,0x74,0x75,0x72,
    0x6e,0x20,0x73,0x64,0x66,0x5f,0x72,0x6f,0x74,0x61,0x74,0x65,0x28,0x70,0x61,0x72,
    0x61,0x6d,0x2c,0x20,0x70,0x61,0x72,0x61,0x6d,0x5f,0x31,0x29,0x3b,0x0a,0x7d,0x0a,
    0x0a,0x66,0x6c,0x6f,0x61,0x74,0x20,0x64,0x65,0x5f,0x63,0x69,0x72,0x63,0x6c,0x65,
    0x28,0x66,0x6c,0x6f,0x61,0x74,0x32,0x20,0x70,0x2c,0x20,0x66,0x6c,0x6f,0x61,0x74,
    0x20,0x72,0x29,0x0a,0x7b,0x0a,0x20,0x20,0x20,0x20,0x72,0x65,0x74,0x75,0x72,0x6e,
    0x20,0x6c,0x65,0x6e,0x67,0x74,0x68,0x28,0x70,0x29,0x20,0x2d,0x20,0x72,0x3b,0x0a,
    0x7d,0x0a,0x0a,0x66,0x6c,0x6f,0x61,0x74,0x20,0x64,0x65,0x5f,0x62,0x6f,0x78,0x28,
    0x66,0x6c,0x6f,0x61,0x74,0x32,0x20,0x70,0x2c,0x20,0x66,0x6c,0x6f,0x61,0x74,0x32,
    0x20,0x62,0x29,0x0a,0x7b,0x0a,0x20,0x20,0x20,0x20,0x66,0x6c,0x6f,0x61,0x74,0x32,
    0x20,0x5f,0x31,0x31,0x37,0x20,0x3d,0x20,0x61,0x62,0x73,0x28,0x70,0x29,0x20,0x2d,
    0x20,0x62,0x3b,0x0a,0x20,0x20,0x20,0x20,0x72,0x65,0x74,0x75,0x72,0x6e,0x20,0x6c,
    0x65,0x6e,0x67,0x74,0x68,0x28,0x6d,0x61,0x78,0x28,0x5f,0x31,0x31,0x37,0x2c,0x20,
    0x30,0x2e,0x30,0x66,0x2e,0x78,0x78,0x29,0x29,0x20,0x2b,0x20,0x6d,0x69,0x6e,0x28,
    0x6d,0x61,0x78,0x28,0x5f,0x31,0x31,0x37,0x2e,0x78,0x2c,0x20,0x5f,0x31,0x31,0x37,
    0x2e,0x79,0x29,0x2c,0x20,0x30,0x2e,0x30,0x66,0x29,0x3b,0x0a,0x7d,0x0a,0x0a,0x66,
    0x6c,0x6f,0x61,0x74,0x20,0x64,0x65,0x5f,0x65,0x71,0x5f,0x74,0x72,0x69,0x61,0x6e,
    0x67,0x6c,0x65,0x28,0x69,0x6e,0x6f,0x75,0x74,0x20,0x66,0x6c,0x6f,0x61,0x74,0x32,
    0x20,0x70,0x2c,0x20,0x66,0x6c,0x6f,0x61,0x74,0x20,0x72,0x29,0x0a,0x7b,0x0a,0x20,
    0x20,0x20,0x20,0x70,0x2e,0x78,0x20,0x3d,0x20,0x61,0x62,0x73,0x28,0x70,0x2e,0x78,
    0x29,0x20,0x2d,0x20,0x72,0x3b,0x0a,0x20,0x20,0x20,0x20,0x70,0x2e,0x79,0x20,0x2b,
    0x3d,0x20,0x28,0x72,0x20,0x2a,0x20,0x30,0x2e,0x35,0x37,0x37,0x33,0x35,0x30,0x32,
    0x35,0x38,0x38,0x32,0x37,0x32,0x30,0x39,0x34,0x37,0x32,0x36,0x35,0x36,0x32,0x35,
    0x66,0x29,0x3b,0x0a,0x20,0x20,0x20,0x20,0x69,0x66,0x20,0x28,0x28,0x70,0x2e,0x78,
    0x20,0x2b,0x20,0x28,0x31,0x2e,0x37,0x33,0x32,0x30,0x35,0x30,0x37,0x37,0x36,0x34,
    0x38,0x31,0x36,0x32,0x38,0x34,0x31,0x37,0x39,0x36,0x38,0x37,0x35,0x66,0x20,0x2a,
    0x20,0x70,0x2e,0x79,0x29,0x29,0x20,0x3e,0x20,0x30,0x2e,0x30,0x66,0x29,0x0a,0x20,
    0x20,0x20,0x20,0x7b,0x0a,0x20,0x20,0x20,0x20,0x20,0x20,0x20,0x20,0x70,0x20,0x3d,
    0x20,0x66,0x6c,0x6f,0x61,0x74,0x32,0x28,0x70,0x2e,0x78,0x20,0x2d,0x20,0x28,0x31,
    0x2e,0x37,0x33,0x32,0x30,0x35,0x30,0x37,0x37,0x36,0x34,0x38,0x31,0x36,0x32,0x38,
    0x34,0x31,0x37,0x39,0x36,0x38,0x37,0x35,0x66,0x20,0x2a,0x20,0x70,0x2e,0x79,0x29,
    0x2c,0x20,0x28,0x28,0x2d,0x31,0x2e,0x37,0x33,0x32,0x30,0x35,0x30,0x37,0x37,0x36,
    0x34,0x38,0x31,0x36,0x32,0x38,0x34,0x31,0x37,0x39,0x36,0x38,0x37,0x35,0x66,0x29,
    0x20,0x2a,0x20,0x70,0x2e,0x78,0x29,0x20,0x2d,0x20,0x70,0x2e,0x79,0x29,0x20,0x2a,
    0x20,0x30,0x2e,0x35,0x66,0x2e,0x78,0x78,0x3b,0x0a,0x20,0x20,0x20,0x20,0x7d,0x0a,
    0x20,0x20,0x20,0x20,0x70,0x2e,0x78,0x20,0x2d,0x3d,0x20,0x63,0x6c,0x61,0x6d,0x70,
    0x28,0x70,0x2e,0x78,0x2c,0x20,0x28,0x2d,0x32,0x2e,0x30,0x66,0x29,0x20,0x2a,0x20,
    0x72,0x2c,0x20,0x30,0x2e,0x30,0x66,0x29,0x3b,0x0a,0x20,0x20,0x20,0x20,0x72,0x65,
    0x74,0x75,0x72,0x6e,0x20,0x28,0x2d,0x6c,0x65,0x6e,0x67,0x74,0x68,0x28,0x70,0x29,
    0x29,0x20,0x2a,0x20,0x73,0x69,0x67,0x6e,0x28,0x70,0x2e,0x79,0x29,0x3b,0x0a,0x7d,
    0x0a,0x0a,0x66,0x6c,0x6f,0x61,0x74,0x20,0x64,0x65,0x5f,0x70,0x65,0x6e,0x74,0x61,
    0x67,0x72,0x61,0x6d,0x28,0x69,0x6e,0x6f,0x75,0x74,0x20,0x66,0x6c,0x6f,0x61,0x74,
    0x32,0x20,0x70,0x2c,0x20,0x66,0x6c,0x6f,0x61,0x74,0x20,0x72,0x29,0x0a,0x7b,0x0a,
    0x20,0x20,0x20,0x20,0x70,0x2e,0x78,0x20,0x3d,0x20,0x61,0x62,0x73,0x28,0x70,0x2e,
    0x78,0x29,0x3b,0x0a,0x20,0x20,0x20,0x20,0x70,0x20,0x2d,0x3d,0x20,0x28,0x66,0x6c,
    0x6f,0x61,0x74,0x32,0x28,0x30,0x2e,0x38,0x30,0x39,0x30,0x31,0x37,0x30,0x30,0x32,
    0x35,0x38,0x32,0x35,0x35,0x30,0x30,0x34,0x38,0x38,0x32,0x38,0x31,0x32,0x35,0x66,
    0x2c,0x20,0x2d,0x30,0x2e,0x35,0x38,0x37,0x37,0x38,0x35,0x32,0x34,0x33,0x39,0x38,
    0x38,0x30,0x33,0x37,0x31,0x30,0x39,0x33,0x37,0x35,0x66,0x29,0x20,0x2a,0x20,0x28,
    0x32,0x2e,0x30,0x66,0x20,0x2a,0x20,0x6d,0x61,0x78,0x28,0x64,0x6f,0x74,0x28,0x66,
    0x6c,0x6f,0x61,0x74,0x32,0x28,0x30,0x2e,0x38,0x30,0x39,0x30,0x31,0x37,0x30,0x30,
    0x32,0x35,0x38,0x32,0x35,0x35,0x30,0x30,0x34,0x38,0x38,0x32,0x38,0x31,0x32,0x35,
    0x66,0x2c,0x20,0x2d,0x30,0x2e,0x35,0x38,0x37,0x37,0x38,0x35,0x32,0x34,0x33,0x39,
    0x38,0x38,0x30,0x33,0x37,0x31,0x30,0x39,0x33,0x37,0x35,0x66,0x29,0x2c,0x20,0x70,
    0x29,0x2c,0x20,0x30,0x2e,0x30,0x66,0x29,0x29,0x29,0x3b,0x0a,0x20,0x20,0x20,0x20,
    0x70,0x20,0x2d,0x3d,0x20,0x28,0x66,0x6c,0x6f,0x61,0x74,0x32,0x28,0x2d,0x30,0x2e,
    0x38,0x30,0x39,0x30,0x31,0x37,0x30,0x30,0x32,0x35,0x38,0x32,0x35,0x35,0x30,0x30,
    0x34,0x38,0x38,0x32,0x38,0x31,0x32,0x35,0x66,0x2c,0x20,0x2d,0x30,0x2e,0x35,0x38,
    0x37,0x37,0x38,0x35,0x32,0x34,0x33,0x39,0x38,0x38,0x30,0x33,0x37,0x31,0x30,0x39,
    0x33,0x37,0x35,0x66,0x29,0x20,0x2a,0x20,0x28,0x32,0x2e,0x30,0x66,0x20,0x2a,0x20,
    0x6d,0x61,0x78,0x28,0x64,0x6f,0x74,0x28,0x66,0x6c,0x6f,0x61,0x74,0x32,0x28,0x2d,
    0x30,0x2e,0x38,0x30,0x39,0x30,0x31,0x37,0x30,0x30,0x32,0x35,0x38,0x32,0x35,0x35,
    0x30,0x30,0x34,0x38,0x38,0x32,0x38,0x31,0x32,0x35,0x66,0x2c,0x20,0x2d,0x30,0x2e,
    0x35,0x38,0x37,0x37,0x38,0x35,0x32,0x34,0x33,0x39,0x38,0x38,0x30,0x33,0x37,0x31,
    0x30,0x39,0x33,0x37,0x35,0x66,0x29,0x2c,0x20,0x70,0x29,0x2c,0x20,0x30,0x2e,0x30,
    0x66,0x29,0x29,0x29,0x3b,0x0a,0x20,0x20,0x20,0x20,0x70,0x2e,0x78,0x20,0x3d,0x20,
    0x61,0x62,0x73,0x28,0x70,0x2e,0x78,0x29,0x3b,0x0a,0x20,0x20,0x20,0x20,0x70,0x2e,
    0x79,0x20,0x2d,0x3d,0x20,0x72,0x3b,0x0a,0x20,0x20,0x20,0x20,0x72,0x65,0x74,0x75,
    0x72,0x6e,0x20,0x6c,0x65,0x6e,0x67,0x74,0x68,0x28,0x70,0x20,0x2d,0x20,0x28,0x66,
    0x6c,0x6f,0x61,0x74,0x32,0x28,0x30,0x2e,0x33,0x30,0x39,0x30,0x31,0x37,0x30,0x30,
    0x32,0x35,0x38,0x32,0x35,0x35,0x30,0x30,0x34,0x38,0x38,0x32,0x38,0x31,0x32,0x35,
    0x66,0x2c,0x20,0x2d,0x30,0x2e,0x39,0x35,0x31,0x30,0x35,0x36,0x35,0x34,0x30,0x30,
    0x31,0x32,0x33,0x35,0x39,0x36,0x31,0x39,0x31,0x34,0x30,0x36,0x32,0x35,0x66,0x29,
    0x20,0x2a,0x20,0x63,0x6c,0x61,0x6d,0x70,0x28,0x64,0x6f,0x74,0x28,0x70,0x2c,0x20,
    0x66,0x6c,0x6f,0x61,0x74,0x32,0x28,0x30,0x2e,0x33,0x30,0x39,0x30,0x31,0x37,0x30,
    0x30,0x32,0x35,0x38,0x32,0x35,0x35,0x30,0x30,0x34,0x38,0x38,0x32,0x38,0x31,0x32,
    0x35,0x66,0x2c,0x20,0x2d,0x30,0x2e,0x39,0x35,0x31,0x30,0x35,0x36,0x35,0x34,0x30,
    0x30,0x31,0x32,0x33,0x35,0x39,0x36,0x31,0x39,0x31,0x34,0x30,0x36,0x32,0x35,0x66,
    0x29,0x29,0x2c,0x20,0x30,0x2e,0x30,0x66,0x2c,0x20,0x30,0x2e,0x37,0x32,0x36,0x35,
    0x34,0x32,0x35,0x33,0x32,0x34,0x34,0x34,0x30,0x30,0x30,0x32,0x34,0x34,0x31,0x34,
    0x30,0x36,0x32,0x35,0x66,0x20,0x2a,0x20,0x72,0x29,0x29,0x29,0x20,0x2a,0x20,0x73,
    0x69,0x67,0x6e,0x28,0x28,0x70,0x2e,0x79,0x20,0x2a,0x20,0x30,0x2e,0x33,0x30,0x39,
    0x30,0x31,0x37,0x30,0x30,0x32,0x35,0x38,0x32,0x35,0x35,0x30,0x30,0x34,0x38,0x38,
    0x32,0x38,0x31,0x32,0x35,0x66,0x29,0x20,0x2d,0x20,0x28,0x70,0x2e,0x78,0x20,0x2a,
    0x20,0x28,0x2d,0x30,0x2e,0x39,0x35,0x31,0x30,0x35,0x36,0x35,0x34,0x30,0x30,0x31,
    0x32,0x33,0x35,0x39,0x36,0x31,0x39,0x31,0x34,0x30,0x36,0x32,0x35,0x66,0x29,0x29,
    0x29,0x3b,0x0a,0x7d,0x0a,0x0a,0x66,0x6c,0x6f,0x61,0x74,0x20,0x64,0x65,0x5f,0x68,
    0x6f,0x72,0x73,0x65,0x73,0x68,0x6f,0x65,0x28,0x69,0x6e,0x6f,0x75,0x74,0x20,0x66,
    0x6c,0x6f,0x61,0x74,0x32,0x20,0x70,0x2c,0x20,0x66,0x6c,0x6f,0x61,0x74,0x32,0x20,
    0x63,0x2c,0x20,0x66,0x6c,0x6f,0x61,0x74,0x20,0x72,0x2c,0x20,0x66,0x6c,0x6f,0x61,
    0x74,0x32,0x20,0x77,0x29,0x0a,0x7b,0x0a,0x20,0x20,0x20,0x20,0x70,0x2e,0x78,0x20,
    0x3d,0x20,0x61,0x62,0x73,0x28,0x70,0x2e,0x78,0x29,0x3b,0x0a,0x20,0x20,0x20,0x20,
    0x66,0x6c,0x6f,0x61,0x74,0x32,0x20,0x5f,0x32,0x35,0x34,0x20,0x3d,0x20,0x70,0x3b,
    0x0a,0x20,0x20,0x20,0x20,0x66,0x6c,0x6f,0x61,0x74,0x20,0x5f,0x32,0x35,0x35,0x20,
    0x3d,0x20,0x6c,0x65,0x6e,0x67,0x74,0x68,0x28,0x5f,0x32,0x35,0x34,0x29,0x3b,0x0a,
    0x20,0x20,0x20,0x20,0x70,0x20,0x3d,0x20,0x6d,0x75,0x6c,0x28,0x70,0x2c,0x20,0x66,
    0x6c,0x6f,0x61,0x74,0x32,0x78,0x32,0x28,0x66,0x6c,0x6f,0x61,0x74,0x32,0x28,0x2d,
    0x63,0x2e,0x78,0x2c,0x20,0x63,0x2e,0x79,0x29,0x2c,0x20,0x66,0x6c,0x6f,0x61,0x74,
    0x32,0x28,0x63,0x2e,0x79,0x2c,0x20,0x63,0x2e,0x78,0x29,0x29,0x29,0x3b,0x0a,0x20,
    0x20,0x20,0x20,0x62,0x6f,0x6f,0x6c,0x20,0x5f,0x32,0x37,0x32,0x20,0x3d,0x20,0x70,
    0x2e,0x79,0x20,0x3e,0x20,0x30,0x2e,0x30,0x66,0x3b,0x0a,0x20,0x20,0x20,0x20,0x62,
    0x6f,0x6f,0x6c,0x20,0x5f,0x32,0x37,0x39,0x3b,0x0a,0x20,0x20,0x20,0x20,0x69,0x66,
    0x20,0x28,0x21,0x5f,0x32,0x37,0x32,0x29,0x0a,0x20,0x20,0x20,0x20,0x7b,0x0a,0x20,
    0x20,0x20,0x20,0x20,0x20,0x20,0x20,0x5f,0x32,0x37,0x39,0x20,0x3d,0x20,0x70,0x2e,
    0x78,0x20,0x3e,0x20,0x30,0x2e,0x30,0x66,0x3b,0x0a,0x20,0x20,0x20,0x20,0x7d,0x0a,
    0x20,0x20,0x20,0x20,0x65,0x6c,0x73,0x65,0x0a,0x20,0x20,0x20,0x20,0x7b,0x0a,0x20,
    0x20,0x20,0x20,0x20,0x20,0x20,0x20,0x5f,0x32,0x37,0x39,0x20,0x3d,0x20,0x5f,0x32,
    0x37,0x32,0x3b,0x0a,0x20,0x20,0x20,0x20,0x7d,0x0a,0x20,0x20,0x20,0x20,0x66,0x6c,
    0x6f,0x61,0x74,0x20,0x5f,0x32,0x38,0x30,0x3b,0x0a,0x20,0x20,0x20,0x20,0x69,0x66,
    0x20,0x28,0x5f,0x32,0x37,0x39,0x29,0x0a,0x20,0x20,0x20,0x20,0x7b,0x0a,0x20,0x20,
    0x20,0x20,0x20,0x20,0x20,0x20,0x5f,0x32,0x38,0x30,0x20,0x3d,0x20,0x70,0x2e,0x78,
    0x3b,0x0a,0x20,0x20,0x20,0x20,0x7d,0x0a,0x20,0x20,0x20,0x20,0x65,0x6c,0x73,0x65,
    0x0a,0x20,0x20,0x20,0x20,0x7b,0x0a,0x20,0x20,0x20,0x20,0x20,0x20,0x20,0x20,0x5f,
    0x32,0x38,0x30,0x20,0x3d,0x20,0x5f,0x32,0x35,0x35,0x20,0x2a,0x20,0x73,0x69,0x67,
    0x6e,0x28,0x2d,0x63,0x2e,0x78,0x29,0x3b,0x0a,0x20,0x20,0x20,0x20,0x7d,0x0a,0x20,
    0x20,0x20,0x20,0x66,0x6c,0x6f,0x61,0x74,0x20,0x5f,0x32,0x39,0x36,0x3b,0x0a,0x20,
    0x20,0x20,0x20,0x69,0x66,0x20,0x28,0x70,0x2e,0x78,0x20,0x3e,0x20,0x30,0x2e,0x30,
    0x66,0x29,0x0a,0x20,0x20,0x20,0x20,0x7b,0x0a,0x20,0x20,0x20,0x20,0x20,0x20,0x20,
    0x20,0x5f,0x32,0x39,0x36,0x20,0x3d,0x20,0x70,0x2e,0x79,0x3b,0x0a,0x20,0x20,0x20,
    0x20,0x7d,0x0a,0x20,0x20,0x20,0x20,0x65,0x6c,0x73,0x65,0x0a,0x20,0x20,0x20,0x20,
    0x7b,0x0a,0x20,0x20,0x20,0x20,0x20,0x20,0x20,0x20,0x5f,0x32,0x39,0x36,0x20,0x3d,
    0x20,0x5f,0x32,0x35,0x35,0x3b,0x0a,0x20,0x20,0x20,0x20,0x7d,0x0a,0x20,0x20,0x20,
    0x20,0x70,0x20,0x3d,0x20,0x66,0x6c,0x6f,0x61,0x74,0x32,0x28,0x5f,0x32,0x38,0x30,
    0x2c,0x20,0x5f,0x32,0x39,0x36,0x29,0x3b,0x0a,0x20,0x20,0x20,0x20,0x70,0x20,0x3d,
    0x20,0x66,0x6c,0x6f,0x61,0x74,0x32,0x28,0x70,0x2e,0x78,0x2c,0x20,0x61,0x62,0x73,
    0x28,0x70,0x2e,0x79,0x20,0x2d,0x20,0x72,0x29,0x29,0x20,0x2d,0x20,0x77,0x3b,0x0a,
    0x20,0x20,0x20,0x20,0x72,0x65,0x74,0x75,0x72,0x6e,0x20,0x6c,0x65,0x6e,0x67,0x74,
    0x68,0x28,0x6d,0x61,0x78,0x28,0x70,0x2c,0x20,0x30,0x2e,0x30,0x66,0x2e,0x78,0x78,
    0x29,0x29,0x20,0x2b,0x20,0x6d,0x69,0x6e,0x28,0x30,0x2e,0x30,0x66,0x2c,0x20,0x6d,
    0x61,0x78,0x28,0x70,0x2e,0x78,0x2c,0x20,0x70,0x2e,0x79,0x29,0x29,0x3b,0x0a,0x7d,
    0x0a,0x0a,0x66,0x6c,0x6f,0x61,0x74,0x20,0x73,0x64,0x66,0x5f,0x67,0x65,0x74,0x5f,
    0x73,0x68,0x61,0x70,0x65,0x5f,0x64,0x69,0x73,0x74,0x28,0x69,0x6e,0x6f,0x75,0x74,
    0x20,0x66,0x6c,0x6f,0x61,0x74,0x32,0x20,0x70,0x2c,0x20,0x73,0x64,0x66,0x5f,0x73,
    0x68,0x61,0x70,0x65,0x20,0x73,0x68,0x61,0x70,0x65,0x29,0x0a,0x7b,0x0a,0x20,0x20,
    0x20,0x20,0x66,0x6c,0x6f,0x61,0x74,0x32,0x20,0x70,0x61,0x72,0x61,0x6d,0x20,0x3d,
    0x20,0x70,0x3b,0x0a,0x20,0x20,0x20,0x20,0x66,0x6c,0x6f,0x61,0x74,0x32,0x20,0x70,
    0x61,0x72,0x61,0x6d,0x5f,0x31,0x20,0x3d,0x20,0x73,0x68,0x61,0x70,0x65,0x2e,0x70,
    0x6f,0x73,0x69,0x74,0x69,0x6f,0x6e,0x3b,0x0a,0x20,0x20,0x20,0x20,0x66,0x6c,0x6f,
    0x61,0x74,0x20,0x70,0x61,0x72,0x61,0x6d,0x5f,0x32,0x20,0x3d,0x20,0x73,0x68,0x61,
    0x70,0x65,0x2e,0x61,0x6e,0x67,0x6c,0x65,0x3b,0x0a,0x20,0x20,0x20,0x20,0x70,0x20,
    0x3d,0x20,0x73,0x64,0x66,0x5f,0x74,0x72,0x61,0x6e,0x73,0x66,0x6f,0x72,0x6d,0x28,
    0x70,0x61,0x72,0x61,0x6d,0x2c,0x20,0x70,0x61,0x72,0x61,0x6d,0x5f,0x31,0x2c,0x20,
    0x70,0x61,0x72,0x61,0x6d,0x5f,0x32,0x29,0x3b,0x0a,0x20,0x20,0x20,0x20,0x66,0x6c,
    0x6f,0x61,0x74,0x20,0x64,0x20,0x3d,0x20,0x32,0x35,0x36,0x2e,0x30,0x66,0x3b,0x0a,
    0x20,0x20,0x20,0x20,0x73,0x77,0x69,0x74,0x63,0x68,0x20,0x28,0x73,0x68,0x61,0x70,
    0x65,0x2e,0x73,0x68,0x61,0x70,0x65,0x5f,0x74,0x79,0x70,0x65,0x29,0x0a,0x20,0x20,
    0x20,0x20,0x7b,0x0a,0x20,0x20,0x20,0x20,0x20,0x20,0x20,0x20,0x63,0x61,0x73,0x65,
    0x20,0x30,0x3a,0x0a,0x20,0x20,0x20,0x20,0x20,0x20,0x20,0x20,0x7b,0x0a,0x20,0x20,
    0x20,0x20,0x20,0x20,0x20,0x20,0x20,0x20,0x20,0x20,0x62,0x72,0x65,0x61,0x6b,0x3b,
    0x0a,0x20,0x20,0x20,0x20,0x20,0x20,0x20,0x20,0x7d,0x0a,0x20,0x20,0x20,0x20,0x20,
    0x20,0x20,0x20,0x63,0x61,0x73,0x65,0x20,0x31,0x3a,0x0a,0x20,0x20,0x20,0x20,0x20,
    0x20,0x20,0x20,0x7b,0x0a,0x20,0x20,0x20,0x20,0x20,0x20,0x20,0x20,0x20,0x20,0x20,
    0x20,0x66,0x6c,0x6f,0x61,0x74,0x32,0x20,0x70,0x61,0x72,0x61,0x6d,0x5f,0x33,0x20,
    0x3d,0x20,0x70,0x3b,0x0a,0x20,0x20,0x20,0x20,0x20,0x20,0x20,0x20,0x20,0x20,0x20,
    0x20,0x66,0x6c,0x6f,0x61,0x74,0x20,0x70,0x61,0x72,0x61,0x6d,0x5f,0x34,0x20,0x3d,
    0x20,0x73,0x68,0x61,0x70,0x65,0x2e,0x73,0x69,0x7a,0x65,0x2e,0x78,0x3b,0x0a,0x20,
    0x20,0x20,0x20,0x20,0x20,0x20,0x20,0x20,0x20,0x20,0x20,0x64,0x20,0x3d,0x20,0x64,
    0x65,0x5f,0x63,0x69,0x72,0x63,0x6c,0x65,0x28,0x70,0x61,0x72,0x61,0x6d,0x5f,0x33,
    0x2c,0x20,0x70,0x61,0x72,0x61,0x6d,0x5f,0x34,0x29,0x3b,0x0a,0x20,0x20,0x20,0x20,
    0x20,0x20,0x20,0x20,0x20,0x20,0x20,0x20,0x62,0x72,0x65,0x61,0x6b,0x3b,0x0a,0x20,
    0x20,0x20,0x20,0x20,0x20,0x20,0x20,0x7d,0x0a,0x20,0x20,0x20,0x20,0x20,0x20,0x20,
    0x20,0x63,0x61,0x73,0x65,0x20,0x32,0x3a,0x0a,0x20,0x20,0x20,0x20,0x20,0x20,0x20,
    0x20,0x7b,0x0a,0x20,0x20,0x20,0x20,0x20,0x20,0x20,0x20,0x20,0x20,0x20,0x20,0x66,
    0x6c,0x6f,0x61,0x74,0x32,0x20,0x70,0x61,0x72,0x61,0x6d,0x5f,0x35,0x20,0x3d,0x20,
    0x70,0x3b,0x0a,0x20,0x20,0x20,0x20,0x20,0x20,0x20,0x20,0x20,0x20,0x20,0x20,0x66,
    0x6c,0x6f,0x61,0x74,0x32,0x20,0x70,0x61,0x72,0x61,0x6d,0x5f,0x36,0x20,0x3d,0x20,
    0x73,0x68,0x61,0x70,0x65,0x2e,0x73,0x69,0x7a,0x65,0x3b,0x0a,0x20,0x20,0x20,0x20,
    0x20,0x20,0x20,0x20,0x20,0x20,0x20,0x20,0x64,0x20,0x3d,0x20,0x64,0x65,0x5f,0x62,
    0x6f,0x78,0x28,0x70,0x61,0x72,0x61,0x6d,0x5f,0x35,0x2c,0x20,0x70,0x61,0x72,0x61,
    0x6d,0x5f,0x36,0x29,0x3b,0x0a,0x20,0x20,0x20,0x20,0x20,0x20,0x20,0x20,0x20,0x20,
    0x20,0x20,0x62,0x72,0x65,0x61,0x6b,0x3b,0x0a,0x20,0x20,0x20,0x20,0x20,0x20,0x20,
    0x20,0x7d,0x0a,0x20,0x20,0x20,0x20,0x20,0x20,0x20,0x20,0x63,0x61,0x73,0x65,0x20,
    0x33,0x3a,0x0a,0x20,0x20,0x20,0x20,0x20,0x20,0x20,0x20,0x7b,0x0a,0x20,0x20,0x20,
    0x20,0x20,0x20,0x20,0x20,0x20,0x20,0x20,0x20,0x66,0x6c,0x6f,0x61,0x74,0x32,0x20,
    0x70,0x61,0x72,0x61,0x6d,0x5f,0x37,0x20,0x3d,0x20,0x70,0x3b,0x0a,0x20,0x20,0x20,
    0x20,0x20,0x20,0x20,0x20,0x20,0x20,0x20,0x20,0x66,0x6c,0x6f,0x61,0x74,0x20,0x70,
    0x61,0x72,0x61,0x6d,0x5f,0x38,0x20,0x3d,0x20,0x73,0x68,0x61,0x70,0x65,0x2e,0x73,
    0x69,0x7a,0x65,0x2e,0x78,0x3b,0x0a,0x20,0x20,0x20,0x20,0x20,0x20,0x20,0x20,0x20,
    0x20,0x20,0x20,0x66,0x6c,0x6f,0x61,0x74,0x20,0x5f,0x33,0x37,0x31,0x20,0x3d,0x20,
    0x64,0x65,0x5f,0x65,0x71,0x5f,0x74,0x72,0x69,0x61,0x6e,0x67,0x6c,0x65,0x28,0x70,
    0x61,0x72,0x61,0x6d,0x5f,0x37,0x2c,0x20,0x70,0x61,0x72,0x61,0x6d,0x5f,0x38,0x29,
    0x3b,0x0a,0x20,0x20,0x20,0x20,0x20,0x20,0x20,0x20,0x20,0x20,0x20,0x20,0x64,0x20,
    0x3d,0x20,0x5f,0x33,0x37,0x31,0x3b,0x0a,0x20,0x20,0x20,0x20,0x20,0x20,0x20,0x20,
    0x20,0x20,0x20,0x20,0x62,0x72,0x65,0x61,0x6b,0x3b,0x0a,0x20,0x20,0x20,0x20,0x20,
    0x20,0x20,0x20,0x7d,0x0a,0x20,0x20,0x20,0x20,0x20,0x20,0x20,0x20,0x63,0x61,0x73,
    0x65,0x20,0x34,0x3a,0x0a,0x20,0x20,0x20,0x20,0x20,0x20,0x20,0x20,0x7b,0x0a,0x20,
    0x20,0x20,0x20,0x20,0x20,0x20,0x20,0x20,0x20,0x20,0x20,0x66,0x6c,0x6f,0x61,0x74,
    0x32,0x20,0x70,0x61,0x72,0x61,0x6d,0x5f,0x39,0x20,0x3d,0x20,0x70,0x3b,0x0a,0x20,
    0x20,0x20,0x20,0x20,0x20,0x20,0x20,0x20,0x20,0x20,0x20,0x66,0x6c,0x6f,0x61,0x74,
    0x20,0x70,0x61,0x72,0x61,0x6d,0x5f,0x31,0x30,0x20,0x3d,0x20,0x73,0x68,0x61,0x70,
    0x65,0x2e,0x73,0x69,0x7a,0x65,0x2e,0x78,0x3b,0x0a,0x20,0x20,0x20,0x20,0x20,0x20,
    0x20,0x20,0x20,0x20,0x20,0x20,0x66,0x6c,0x6f,0x61,0x74,0x20,0x5f,0x33,0x37,0x38,
    0x20,0x3d,0x20,0x64,0x65,0x5f,0x70,0x65,0x6e,0x74,0x61,0x67,0x72,0x61,0x6d,0x28,
    0x70,0x61,0x72,0x61,0x6d,0x5f,0x39,0x2c,0x20,0x70,0x61,0x72,0x61,0x6d,0x5f,0x31,
    0x30,0x29,0x3b,0x0a,0x20,0x20,0x20,0x20,0x20,0x20,0x20,0x20,0x20,0x20,0x20,0x20,
    0x64,0x20,0x3d,0x20,0x5f,0x33,0x37,0x38,0x3b,0x0a,0x20,0x20,0x20,0x20,0x20,0x20,
    0x20,0x20,0x20,0x20,0x20,0x20,0x62,0x72,0x65,0x61,0x6b,0x3b,0x0a,0x20,0x20,0x20,
    0x20,0x20,0x20,0x20,0x20,0x7d,0x0a,0x20,0x20,0x20,0x20,0x20,0x20,0x20,0x20,0x63,
    0x61,0x73,0x65,0x20,0x35,0x3a,0x0a,0x20,0x20,0x20,0x20,0x20,0x20,0x20,0x20,0x7b,
    0x0a,0x20,0x20,0x20,0x20,0x20,0x20,0x20,0x20,0x20,0x20,0x20,0x20,0x66,0x6c,0x6f,
    0x61,0x74,0x32,0x20,0x70,0x61,0x72,0x61,0x6d,0x5f,0x31,0x31,0x20,0x3d,0x20,0x70,
    0x3b,0x0a,0x20,0x20,0x20,0x20,0x20,0x20,0x20,0x20,0x20,0x20,0x20,0x20,0x66,0x6c,
    0x6f,0x61,0x74,0x32,0x20,0x70,0x61,0x72,0x61,0x6d,0x5f,0x31,0x32,0x20,0x3d,0x20,
    0x66,0x6c,0x6f,0x61,0x74,0x32,0x28,0x30,0x2e,0x31,0x39,0x38,0x36,0x36,0x39,0x33,
    0x32,0x39,0x32,0x38,0x35,0x36,0x32,0x31,0x36,0x34,0x33,0x30,0x36,0x36,0x34,0x30,
    0x36,0x32,0x35,0x66,0x2c,0x20,0x30,0x2e,0x39,0x38,0x30,0x30,0x36,0x36,0x35,0x39,
    0x37,0x34,0x36,0x31,0x37,0x30,0x30,0x34,0x33,0x39,0x34,0x35,0x33,0x31,0x32,0x35,
    0x66,0x29,0x3b,0x0a,0x20,0x20,0x20,0x20,0x20,0x20,0x20,0x20,0x20,0x20,0x20,0x20,
    0x66,0x6c,0x6f,0x61,0x74,0x20,0x70,0x61,0x72,0x61,0x6d,0x5f,0x31,0x33,0x20,0x3d,
    0x20,0x30,0x2e,0x35,0x66,0x3b,0x0a,0x20,0x20,0x20,0x20,0x20,0x20,0x20,0x20,0x20,
    0x20,0x20,0x20,0x66,0x6c,0x6f,0x61,0x74,0x32,0x20,0x70,0x61,0x72,0x61,0x6d,0x5f,
    0x31,0x34,0x20,0x3d,0x20,0x66,0x6c,0x6f,0x61,0x74,0x32,0x28,0x30,0x2e,0x33,0x30,
    0x30,0x30,0x30,0x30,0x30,0x31,0x31,0x39,0x32,0x30,0x39,0x32,0x38,0x39,0x35,0x35,
    0x30,0x37,0x38,0x31,0x32,0x35,0x66,0x2c,0x20,0x30,0x2e,0x31,0x30,0x30,0x30,0x30,
    0x30,0x30,0x30,0x31,0x34,0x39,0x30,0x31,0x31,0x36,0x31,0x31,0x39,0x33,0x38,0x34,
    0x37,0x36,0x35,0x36,0x32,0x35,0x66,0x29,0x3b,0x0a,0x20,0x20,0x20,0x20,0x20,0x20,
    0x20,0x20,0x20,0x20,0x20,0x20,0x66,0x6c,0x6f,0x61,0x74,0x20,0x5f,0x33,0x39,0x32,
    0x20,0x3d,0x20,0x64,0x65,0x5f,0x68,0x6f,0x72,0x73,0x65,0x73,0x68,0x6f,0x65,0x28,
    0x70,0x61,0x72,0x61,0x6d,0x5f,0x31,0x31,0x2c,0x20,0x70,0x61,0x72,0x61,0x6d,0x5f,
    0x31,0x32,0x2c,0x20,0x70,0x61,0x72,0x61,0x6d,0x5f,0x31,0x33,0x2c,0x20,0x70,0x61,
    0x72,0x61,0x6d,0x5f,0x31,0x34,0x29,0x3b,0x0a,0x20,0x20,0x20,0x20,0x20,0x20,0x20,
    0x20,0x20,0x20,0x20,0x20,0x64,0x20,0x3d,0x20,0x5f,0x33,0x39,0x32,0x3b,0x0a,0x20,
    0x20,0x20,0x20,0x20,0x20,0x20,0x20,0x20,0x20,0x20,0x20,0x62,0x72,0x65,0x61,0x6b,
    0x3b,0x0a,0x20,0x20,0x20,0x20,0x20,0x20,0x20,0x20,0x7d,0x0a,0x20,0x20,0x20,0x20,
    0x7d,0x0a,0x20,0x20,0x20,0x20,0x72,0x65,0x74,0x75,0x72,0x6e,0x20,0x64,0x3b,0x0a,
    0x7d,0x0a,0x0a,0x66,0x6c,0x6f,0x61,0x74,0x20,0x64,0x65,0x5f,0x73,0x63,0x65,0x6e,
    0x65,0x28,0x66,0x6c,0x6f,0x61,0x74,0x32,0x20,0x70,0x29,0x0a,0x7b,0x0a,0x20,0x20,
    0x20,0x20,0x66,0x6c,0x6f,0x61,0x74,0x20,0x64,0x20,0x3d,0x20,0x32,0x35,0x36,0x2e,
    0x30,0x66,0x3b,0x0a,0x20,0x20,0x20,0x20,0x66,0x6f,0x72,0x20,0x28,0x69,0x6e,0x74,
    0x20,0x69,0x20,0x3d,0x20,0x30,0x3b,0x20,0x69,0x20,0x3c,0x20,0x5f,0x38,0x38,0x5f,
    0x6f,0x72,0x69,0x67,0x69,0x6e,0x61,0x6c,0x5f,0x73,0x64,0x66,0x5f,0x63,0x6f,0x75,
    0x6e,0x74,0x3b,0x20,0x69,0x2b,0x2b,0x29,0x0a,0x20,0x20,0x20,0x20,0x7b,0x0a,0x20,
    0x20,0x20,0x20,0x20,0x20,0x20,0x20,0x73,0x64,0x66,0x5f,0x73,0x68,0x61,0x70,0x65,
    0x20,0x5f,0x34,0x31,0x39,0x3b,0x0a,0x20,0x20,0x20,0x20,0x20,0x20,0x20,0x20,0x5f,
    0x34,0x31,0x39,0x2e,0x70,0x6f,0x73,0x69,0x74,0x69,0x6f,0x6e,0x20,0x3d,0x20,0x61,
    0x73,0x66,0x6c,0x6f,0x61,0x74,0x28,0x5f,0x34,0x31,0x35,0x2e,0x4c,0x6f,0x61,0x64,
    0x32,0x28,0x69,0x20,0x2a,0x20,0x33,0x32,0x20,0x2b,0x20,0x30,0x29,0x29,0x3b,0x0a,
    0x20,0x20,0x20,0x20,0x20,0x20,0x20,0x20,0x5f,0x34,0x31,0x39,0x2e,0x61,0x6e,0x67,
    0x6c,0x65,0x20,0x3d,0x20,0x61,0x73,0x66,0x6c,0x6f,0x61,0x74,0x28,0x5f,0x34,0x31,
    0x35,0x2e,0x4c,0x6f,0x61,0x64,0x28,0x69,0x20,0x2a,0x20,0x33,0x32,0x20,0x2b,0x20,
    0x38,0x29,0x29,0x3b,0x0a,0x20,0x20,0x20,0x20,0x20,0x20,0x20,0x20,0x5f,0x34,0x31,
    0x39,0x2e,0x73,0x68,0x61,0x70,0x65,0x5f,0x74,0x79,0x70,0x65,0x20,0x3d,0x20,0x69,
    0x6e,0x74,0x28,0x5f,0x34,0x31,0x35,0x2e,0x4c,0x6f,0x61,0x64,0x28,0x69,0x20,0x2a,
    0x20,0x33,0x32,0x20,0x2b,0x20,0x31,0x32,0x29,0x29,0x3b,0x0a,0x20,0x20,0x20,0x20,
    0x20,0x20,0x20,0x20,0x5f,0x34,0x31,0x39,0x2e,0x73,0x69,0x7a,0x65,0x20,0x3d,0x20,
    0x61,0x73,0x66,0x6c,0x6f,0x61,0x74,0x28,0x5f,0x34,0x31,0x35,0x2e,0x4c,0x6f,0x61,
    0x64,0x32,0x28,0x69,0x20,0x2a,0x20,0x33,0x32,0x20,0x2b,0x20,0x31,0x36,0x29,0x29,
    0x3b,0x0a,0x20,0x20,0x20,0x20,0x20,0x20,0x20,0x20,0x5f,0x34,0x31,0x39,0x2e,0x5f,
    0x70,0x61,0x64,0x30,0x20,0x3d,0x20,0x69,0x6e,0x74,0x28,0x5f,0x34,0x31,0x35,0x2e,
    0x4c,0x6f,0x61,0x64,0x28,0x69,0x20,0x2a,0x20,0x33,0x32,0x20,0x2b,0x20,0x32,0x34,
    0x29,0x29,0x3b,0x0a,0x20,0x20,0x20,0x20,0x20,0x20,0x20,0x20,0x5f,0x34,0x31,0x39,
    0x2e,0x5f,0x70,0x61,0x64,0x31,0x20,0x3d,0x20,0x69,0x6e,0x74,0x28,0x5f,0x34,0x31,
    0x35,0x2e,0x4c,0x6f,0x61,0x64,0x28,0x69,0x20,0x2a,0x20,0x33,0x32,0x20,0x2b,0x20,
    0x32,0x38,0x29,0x29,0x3b,0x0a,0x20,0x20,0x20,0x20,0x20,0x20,0x20,0x20,0x66,0x6c,
    0x6f,0x61,0x74,0x32,0x20,0x70,0x61,0x72,0x61,0x6d,0x20,0x3d,0x20,0x70,0x3b,0x0a,
    0x20,0x20,0x20,0x20,0x20,0x20,0x20,0x20,0x73,0x64,0x66,0x5f,0x73,0x68,0x61,0x70,
    0x65,0x20,0x5f,0x36,0x33,0x30,0x20,0x3d,0x20,0x7b,0x20,0x5f,0x34,0x31,0x39,0x2e,
    0x70,0x6f,0x73,0x69,0x74,0x69,0x6f,0x6e,0x2c,0x20,0x5f,0x34,0x31,0x39,0x2e,0x61,
    0x6e,0x67,0x6c,0x65,0x2c,0x20,0x5f,0x34,0x31,0x39,0x2e,0x73,0x68,0x61,0x70,0x65,
    0x5f,0x74,0x79,0x70,0x65,0x2c,0x20,0x5f,0x34,0x31,0x39,0x2e,0x73,0x69,0x7a,0x65,
    0x2c,0x20,0x5f,0x34,0x31,0x39,0x2e,0x5f,0x70,0x61,0x64,0x30,0x2c,0x20,0x5f,0x34,
    0x31,0x39,0x2e,0x5f,0x70,0x61,0x64,0x31,0x20,0x7d,0x3b,0x0a,0x20,0x20,0x20,0x20,
    0x20,0x20,0x20,0x20,0x73,0x64,0x66,0x5f,0x73,0x68,0x61,0x70,0x65,0x20,0x70,0x61,
    0x72,0x61,0x6d,0x5f,0x31,0x20,0x3d,0x20,0x5f,0x36,0x33,0x30,0x3b,0x0a,0x20,0x20,
    0x20,0x20,0x20,0x20,0x20,0x20,0x66,0x6c,0x6f,0x61,0x74,0x20,0x5f,0x34,0x33,0x39,
    0x20,0x3d,0x20,0x73,0x64,0x66,0x5f,0x67,0x65,0x74,0x5f,0x73,0x68,0x61,0x70,0x65,
    0x5f,0x64,0x69,0x73,0x74,0x28,0x70,0x61,0x72,0x61,0x6d,0x2c,0x20,0x70,0x61,0x72,
    0x61,0x6d,0x5f,0x31,0x29,0x3b,0x0a,0x20,0x20,0x20,0x20,0x20,0x20,0x20,0x20,0x64,
    0x20,0x3d,0x20,0x6d,0x69,0x6e,0x28,0x64,0x2c,0x20,0x5f,0x34,0x33,0x39,0x29,0x3b,
    0x0a,0x20,0x20,0x20,0x20,0x7d,0x0a,0x20,0x20,0x20,0x20,0x66,0x6c,0x6f,0x61,0x74,
    0x20,0x64,0x5f,0x64,0x65,0x63,0x6f,0x6d,0x70,0x6f,0x73,0x65,0x64,0x20,0x3d,0x20,
    0x32,0x35,0x36,0x2e,0x30,0x66,0x3b,0x0a,0x20,0x20,0x20,0x20,0x66,0x6f,0x72,0x20,
    0x28,0x69,0x6e,0x74,0x20,0x69,0x5f,0x31,0x20,0x3d,0x20,0x30,0x3b,0x20,0x69,0x5f,
    0x31,0x20,0x3c,0x20,0x5f,0x38,0x38,0x5f,0x64,0x65,0x63,0x6f,0x6d,0x70,0x6f,0x73,
    0x65,0x64,0x5f,0x73,0x64,0x66,0x5f,0x63,0x6f,0x75,0x6e,0x74,0x3b,0x20,0x69,0x5f,
    0x31,0x2b,0x2b,0x29,0x0a,0x20,0x20,0x20,0x20,0x7b,0x0a,0x20,0x20,0x20,0x20,0x20,
    0x20,0x20,0x20,0x73,0x64,0x66,0x5f,0x73,0x68,0x61,0x70,0x65,0x20,0x5f,0x34,0x36,
    0x33,0x3b,0x0a,0x20,0x20,0x20,0x20,0x20,0x20,0x20,0x20,0x5f,0x34,0x36,0x33,0x2e,
    0x70,0x6f,0x73,0x69,0x74,0x69,0x6f,0x6e,0x20,0x3d,0x20,0x61,0x73,0x66,0x6c,0x6f,
    0x61,0x74,0x28,0x5f,0x34,0x36,0x30,0x2e,0x4c,0x6f,0x61,0x64,0x32,0x28,0x69,0x5f,
    0x31,0x20,0x2a,0x20,0x33,0x32,0x20,0x2b,0x20,0x30,0x29,0x29,0x3b,0x0a,0x20,0x20,
    0x20,0x20,0x20,0x20,0x20,0x20,0x5f,0x34,0x36,0x33,0x2e,0x61,0x6e,0x67,0x6c,0x65,
    0x20,0x3d,0x20,0x61,0x73,0x66,0x6c,0x6f,0x61,0x74,0x28,0x5f,0x34,0x36,0x30,0x2e,
    0x4c,0x6f,0x61,0x64,0x28,0x69,0x5f,0x31,0x20,0x2a,0x20,0x33,0x32,0x20,0x2b,0x20,
    0x38,0x29,0x29,0x3b,0x0a,0x20,0x20,0x20,0x20,0x20,0x20,0x20,0x20,0x5f,0x34,0x36,
    0x33,0x2e,0x73,0x68,0x61,0x70,0x65,0x5f,0x74,0x79,0x70,0x65,0x20,0x3d,0x20,0x69,
    0x6e,0x74,0x28,0x5f,0x34,0x36,0x30,0x2e,0x4c,0x6f,0x61,0x64,0x28,0x69,0x5f,0x31,
    0x20,0x2a,0x20,0x33,0x32,0x20,0x2b,0x20,0x31,0x32,0x29,0x29,0x3b,0x0a,0x20,0x20,
    0x20,0x20,0x20,0x20,0x20,0x20,0x5f,0x34,0x36,0x33,0x2e,0x73,0x69,0x7a,0x65,0x20,
    0x3d,0x20,0x61,0x73,0x66,0x6c,0x6f,0x61,0x74,0x28,0x5f,0x34,0x36,0x30,0x2e,0x4c,
    0x6f,0x61,0x64,0x32,0x28,0x69,0x5f,0x31,0x20,0x2a,0x20,0x33,0x32,0x20,0x2b,0x20,
    0x31,0x36,0x29,0x29,0x3b,0x0a,0x20,0x20,0x20,0x20,0x20,0x20,0x20,0x20,0x5f,0x34,
    0x36,0x33,0x2e,0x5f,0x70,0x61,0x64,0x30,0x20,0x3d,0x20,0x69,0x6e,0x74,0x28,0x5f,
    0x34,0x36,0x30,0x2e,0x4c,0x6f,0x61,0x64,0x28,0x69,0x5f,0x31,0x20,0x2a,0x20,0x33,
    0x32,0x20,0x2b,0x20,0x32,0x34,0x29,0x29,0x3b,0x0a,0x20,0x20,0x20,0x20,0x20,0x20,
    0x20,0x20,0x5f,0x34,0x36,0x33,0x2e,0x5f,0x70,0x61,0x64,0x31,0x20,0x3d,0x20,0x69,
    0x6e,0x74,0x28,0x5f,0x34,0x36,0x30,0x2e,0x4c,0x6f,0x61,0x64,0x28,0x69,0x5f,0x31,
    0x20,0x2a,0x20,0x33,0x32,0x20,0x2b,0x20,0x32,0x38,0x29,0x29,0x3b,0x0a,0x20,0x20,
    0x20,0x20,0x20,0x20,0x20,0x20,0x66,0x6c,0x6f,0x61,0x74,0x32,0x20,0x70,0x61,0x72,
    0x61,0x6d,0x5f,0x32,0x20,0x3d,0x20,0x70,0x3b,0x0a,0x20,0x20,0x20,0x20,0x20,0x20,
    0x20,0x20,0x73,0x64,0x66,0x5f,0x73,0x68,0x61,0x70,0x65,0x20,0x5f,0x36,0x34,0x33,
    0x20,0x3d,0x20,0x7b,0x20,0x5f,0x34,0x36,0x33,0x2e,0x70,0x6f,0x73,0x69,0x74,0x69,
    0x6f,0x6e,0x2c,0x20,0x5f,0x34,0x36,0x33,0x2e,0x61,0x6e,0x67,0x6c,0x65,0x2c,0x20,
    0x5f,0x34,0x36,0x33,0x2e,0x73,0x68,0x61,0x70,0x65,0x5f,0x74,0x79,0x70,0x65,0x2c,
    0x20,0x5f,0x34,0x36,0x33,0x2e,0x73,0x69,0x7a,0x65,0x2c,0x20,0x5f,0x34,0x36,0x33,
    0x2e,0x5f,0x70,0x61,0x64,0x30,0x2c,0x20,0x5f,0x34,0x36,0x33,0x2e,0x5f,0x70,0x61,
    0x64,0x31,0x20,0x7d,0x3b,0x0a,0x20,0x20,0x20,0x20,0x20,0x20,0x20,0x20,0x73,0x64,
    0x66,0x5f,0x73,0x68,0x61,0x70,0x65,0x20,0x70,0x61,0x72,0x61,0x6d,0x5f,0x33,0x20,
    0x3d,0x20,0x5f,0x36,0x34,0x33,0x3b,0x0a,0x20,0x20,0x20,0x20,0x20,0x20,0x20,0x20,
    0x66,0x6c,0x6f,0x61,0x74,0x20,0x5f,0x34,0x38,0x31,0x20,0x3d,0x20,0x73,0x64,0x66,
    0x5f,0x67,0x65,0x74,0x5f,0x73,0x68,0x61,0x70,0x65,0x5f,0x64,0x69,0x73,0x74,0x28,
    0x70,0x61,0x72,0x61,0x6d,0x5f,0x32,0x2c,0x20,0x70,0x61,0x72,0x61,0x6d,0x5f,0x33,
    0x29,0x3b,0x0a,0x20,0x20,0x20,0x20,0x20,0x20,0x20,0x20,0x64,0x5f,0x64,0x65,0x63,
    0x6f,0x6d,0x70,0x6f,0x73,0x65,0x64,0x20,0x3d,0x20,0x6d,0x69,0x6e,0x28,0x64,0x5f,
    0x64,0x65,0x63,0x6f,0x6d,0x70,0x6f,0x73,0x65,0x64,0x2c,0x20,0x5f,0x34,0x38,0x31,
    0x29,0x3b,0x0a,0x20,0x20,0x20,0x20,0x7d,0x0a,0x20,0x20,0x20,0x20,0x72,0x65,0x74,
    0x75,0x72,0x6e,0x20,0x6d,0x61,0x78,0x28,0x64,0x2c,0x20,0x2d,0x64,0x5f,0x64,0x65,
    0x63,0x6f,0x6d,0x70,0x6f,0x73,0x65,0x64,0x29,0x3b,0x0a,0x7d,0x0a,0x0a,0x66,0x6c,
    0x6f,0x61,0x74,0x20,0x67,0x65,0x74,0x5f,0x73,0x68,0x61,0x64,0x6f,0x77,0x28,0x66,
    0x6c,0x6f,0x61,0x74,0x20,0x64,0x2c,0x20,0x66,0x6c,0x6f,0x61,0x74,0x20,0x73,0x68,
    0x61,0x64,0x6f,0x77,0x5f,0x6d,0x61,0x78,0x2c,0x20,0x66,0x6c,0x6f,0x61,0x74,0x20,
    0x73,0x68,0x61,0x64,0x6f,0x77,0x5f,0x6f,0x70,0x61,0x63,0x69,0x74,0x79,0x29,0x0a,
    0x7b,0x0a,0x20,0x20,0x20,0x20,0x72,0x65,0x74,0x75,0x72,0x6e,0x20,0x28,0x28,0x63,
    0x6c,0x61,0x6d,0x70,0x28,0x61,0x62,0x73,0x28,0x64,0x29,0x2c,0x20,0x30,0x2e,0x30,
    0x66,0x2c,0x20,0x73,0x68,0x61,0x64,0x6f,0x77,0x5f,0x6d,0x61,0x78,0x29,0x20,0x2a,
    0x20,0x28,0x31,0x2e,0x30,0x66,0x20,0x2f,0x20,0x73,0x68,0x61,0x64,0x6f,0x77,0x5f,
    0x6d,0x61,0x78,0x29,0x29,0x20,0x2a,0x20,0x73,0x68,0x61,0x64,0x6f,0x77,0x5f,0x6f,
    0x70,0x61,0x63,0x69,0x74,0x79,0x29,0x20,0x2b,0x20,0x28,0x31,0x2e,0x30,0x66,0x20,
    0x2d,0x20,0x73,0x68,0x61,0x64,0x6f,0x77,0x5f,0x6f,0x70,0x61,0x63,0x69,0x74,0x79,
    0x29,0x3b,0x0a,0x7d,0x0a,0x0a,0x76,0x6f,0x69,0x64,0x20,0x66,0x72,0x61,0x67,0x5f,
    0x6d,0x61,0x69,0x6e,0x28,0x29,0x0a,0x7b,0x0a,0x20,0x20,0x20,0x20,0x66,0x6c,0x6f,
    0x61,0x74,0x32,0x20,0x70,0x61,0x72,0x61,0x6d,0x20,0x3d,0x20,0x70,0x6f,0x73,0x3b,
    0x0a,0x20,0x20,0x20,0x20,0x66,0x6c,0x6f,0x61,0x74,0x20,0x5f,0x35,0x31,0x34,0x20,
    0x3d,0x20,0x64,0x65,0x5f,0x73,0x63,0x65,0x6e,0x65,0x28,0x70,0x61,0x72,0x61,0x6d,
    0x29,0x3b,0x0a,0x20,0x20,0x20,0x20,0x66,0x6c,0x6f,0x61,0x74,0x33,0x20,0x63,0x6f,
    0x6c,0x6f,0x72,0x20,0x3d,0x20,0x31,0x2e,0x30,0x66,0x2e,0x78,0x78,0x78,0x3b,0x0a,
    0x20,0x20,0x20,0x20,0x62,0x6f,0x6f,0x6c,0x20,0x5f,0x35,0x34,0x30,0x20,0x3d,0x20,
    0x5f,0x35,0x31,0x34,0x20,0x3e,0x20,0x30,0x2e,0x30,0x30,0x31,0x30,0x30,0x30,0x30,
    0x30,0x30,0x30,0x34,0x37,0x34,0x39,0x37,0x34,0x35,0x31,0x33,0x30,0x35,0x33,0x38,
    0x39,0x34,0x30,0x34,0x32,0x39,0x36,0x38,0x37,0x35,0x66,0x3b,0x0a,0x20,0x20,0x20,
    0x20,0x62,0x6f,0x6f,0x6c,0x20,0x5f,0x35,0x34,0x38,0x3b,0x0a,0x20,0x20,0x20,0x20,
    0x69,0x66,0x20,0x28,0x21,0x5f,0x35,0x34,0x30,0x29,0x0a,0x20,0x20,0x20,0x20,0x7b,
    0x0a,0x20,0x20,0x20,0x20,0x20,0x20,0x20,0x20,0x5f,0x35,0x34,0x38,0x20,0x3d,0x20,
    0x5f,0x35,0x31,0x34,0x20,0x3c,0x20,0x28,0x2d,0x30,0x2e,0x30,0x30,0x31,0x30,0x30,
    0x30,0x30,0x30,0x30,0x30,0x34,0x37,0x34,0x39,0x37,0x34,0x35,0x31,0x33,0x30,0x35,
    0x33,0x38,0x39,0x34,0x30,0x34,0x32,0x39,0x36,0x38,0x37,0x35,0x66,0x29,0x3b,0x0a,
    0x20,0x20,0x20,0x20,0x7d,0x0a,0x20,0x20,0x20,0x20,0x65,0x6c,0x73,0x65,0x0a,0x20,
    0x20,0x20,0x20,0x7b,0x0a,0x20,0x20,0x20,0x20,0x20,0x20,0x20,0x20,0x5f,0x35,0x34,
    0x38,0x20,0x3d,0x20,0x5f,0x35,0x34,0x30,0x3b,0x0a,0x20,0x20,0x20,0x20,0x7d,0x0a,
    0x20,0x20,0x20,0x20,0x69,0x66,0x20,0x28,0x5f,0x35,0x34,0x38,0x29,0x0a,0x20,0x20,
    0x20,0x20,0x7b,0x0a,0x20,0x20,0x20,0x20,0x20,0x20,0x20,0x20,0x66,0x6c,0x6f,0x61,
    0x74,0x20,0x5f,0x35,0x35,0x39,0x20,0x3d,0x20,0x31,0x2e,0x30,0x66,0x20,0x2d,0x20,
    0x28,0x28,0x73,0x69,0x6e,0x28,0x5f,0x35,0x31,0x34,0x20,0x2a,0x20,0x35,0x31,0x32,
    0x2e,0x30,0x66,0x29,0x20,0x2b,0x20,0x31,0x2e,0x30,0x66,0x29,0x20,0x2a,0x20,0x30,
    0x2e,0x31,0x30,0x30,0x30,0x30,0x30,0x30,0x30,0x31,0x34,0x39,0x30,0x31,0x31,0x36,
    0x31,0x31,0x39,0x33,0x38,0x34,0x37,0x36,0x35,0x36,0x32,0x35,0x66,0x29,0x3b,0x0a,
    0x20,0x20,0x20,0x20,0x20,0x20,0x20,0x20,0x66,0x6c,0x6f,0x61,0x74,0x20,0x70,0x61,
    0x72,0x61,0x6d,0x5f,0x31,0x20,0x3d,0x20,0x5f,0x35,0x31,0x34,0x3b,0x0a,0x20,0x20,
    0x20,0x20,0x20,0x20,0x20,0x20,0x66,0x6c,0x6f,0x61,0x74,0x20,0x70,0x61,0x72,0x61,
    0x6d,0x5f,0x32,0x20,0x3d,0x20,0x30,0x2e,0x30,0x35,0x30,0x30,0x30,0x30,0x30,0x30,
    0x30,0x37,0x34,0x35,0x30,0x35,0x38,0x30,0x35,0x39,0x36,0x39,0x32,0x33,0x38,0x32,
    0x38,0x31,0x32,0x35,0x66,0x3b,0x0a,0x20,0x20,0x20,0x20,0x20,0x20,0x20,0x20,0x66,
    0x6c,0x6f,0x61,0x74,0x20,0x70,0x61,0x72,0x61,0x6d,0x5f,0x33,0x20,0x3d,0x20,0x30,
    0x2e,0x35,0x66,0x3b,0x0a,0x20,0x20,0x20,0x20,0x20,0x20,0x20,0x20,0x66,0x6c,0x6f,
    0x61,0x74,0x20,0x5f,0x35,0x36,0x36,0x20,0x3d,0x20,0x67,0x65,0x74,0x5f,0x73,0x68,
    0x61,0x64,0x6f,0x77,0x28,0x70,0x61,0x72,0x61,0x6d,0x5f,0x31,0x2c,0x20,0x70,0x61,
    0x72,0x61,0x6d,0x5f,0x32,0x2c,0x20,0x70,0x61,0x72,0x61,0x6d,0x5f,0x33,0x29,0x3b,
    0x0a,0x20,0x20,0x20,0x20,0x20,0x20,0x20,0x20,0x69,0x66,0x20,0x28,0x5f,0x35,0x34,
    0x30,0x29,0x0a,0x20,0x20,0x20,0x20,0x20,0x20,0x20,0x20,0x7b,0x0a,0x20,0x20,0x20,
    0x20,0x20,0x20,0x20,0x20,0x20,0x20,0x20,0x20,0x66,0x6c,0x6f,0x61,0x74,0x20,0x70,
    0x61,0x72,0x61,0x6d,0x5f,0x34,0x20,0x3d,0x20,0x5f,0x35,0x31,0x34,0x3b,0x0a,0x20,
    0x20,0x20,0x20,0x20,0x20,0x20,0x20,0x20,0x20,0x20,0x20,0x66,0x6c,0x6f,0x61,0x74,
    0x20,0x70,0x61,0x72,0x61,0x6d,0x5f,0x35,0x20,0x3d,0x20,0x30,0x2e,0x32,0x35,0x66,
    0x3b,0x0a,0x20,0x20,0x20,0x20,0x20,0x20,0x20,0x20,0x20,0x20,0x20,0x20,0x66,0x6c,
    0x6f,0x61,0x74,0x20,0x70,0x61,0x72,0x61,0x6d,0x5f,0x36,0x20,0x3d,0x20,0x31,0x2e,
    0x30,0x66,0x3b,0x0a,0x20,0x20,0x20,0x20,0x20,0x20,0x20,0x20,0x20,0x20,0x20,0x20,
    0x66,0x6c,0x6f,0x61,0x74,0x20,0x5f,0x35,0x37,0x38,0x20,0x3d,0x20,0x67,0x65,0x74,
    0x5f,0x73,0x68,0x61,0x64,0x6f,0x77,0x28,0x70,0x61,0x72,0x61,0x6d,0x5f,0x34,0x2c,
    0x20,0x70,0x61,0x72,0x61,0x6d,0x5f,0x35,0x2c,0x20,0x70,0x61,0x72,0x61,0x6d,0x5f,
    0x36,0x29,0x3b,0x0a,0x20,0x20,0x20,0x20,0x20,0x20,0x20,0x20,0x20,0x20,0x20,0x20,
    0x63,0x6f,0x6c,0x6f,0x72,0x20,0x3d,0x20,0x28,0x28,0x28,0x66,0x6c,0x6f,0x61,0x74,
    0x33,0x28,0x30,0x2e,0x39,0x37,0x32,0x30,0x30,0x30,0x30,0x30,0x32,0x38,0x36,0x31,
    0x30,0x32,0x32,0x39,0x34,0x39,0x32,0x31,0x38,0x37,0x35,0x66,0x2c,0x20,0x30,0x2e,
    0x39,0x37,0x36,0x30,0x30,0x30,0x30,0x31,0x30,0x39,0x36,0x37,0x32,0x35,0x34,0x36,
    0x33,0x38,0x36,0x37,0x31,0x38,0x37,0x35,0x66,0x2c,0x20,0x30,0x2e,0x39,0x38,0x37,
    0x39,0x39,0x39,0x39,0x37,0x35,0x36,0x38,0x31,0x33,0x30,0x34,0x39,0x33,0x31,0x36,
    0x34,0x30,0x36,0x32,0x35,0x66,0x29,0x20,0x2a,0x20,0x5f,0x35,0x35,0x39,0x29,0x20,
    0x2a,0x20,0x28,0x31,0x2e,0x30,0x66,0x20,0x2d,0x20,0x5f,0x35,0x37,0x38,0x29,0x29,
    0x20,0x2b,0x20,0x28,0x66,0x6c,0x6f,0x61,0x74,0x33,0x28,0x30,0x2e,0x39,0x37,0x32,
    0x30,0x30,0x30,0x30,0x30,0x32,0x38,0x36,0x31,0x30,0x32,0x32,0x39,0x34,0x39,0x32,
    0x31,0x38,0x37,0x35,0x66,0x2c,0x20,0x30,0x2e,0x39,0x37,0x36,0x30,0x30,0x30,0x30,
    0x31,0x30,0x39,0x36,0x37,0x32,0x35,0x34,0x36,0x33,0x38,0x36,0x37,0x31,0x38,0x37,
    0x35,0x66,0x2c,0x20,0x30,0x2e,0x39,0x38,0x37,0x39,0x39,0x39,0x39,0x37,0x35,0x36,
    0x38,0x31,0x33,0x30,0x34,0x39,0x33,0x31,0x36,0x34,0x30,0x36,0x32,0x35,0x66,0x29,
    0x20,0x2a,0x20,0x5f,0x35,0x37,0x38,0x29,0x29,0x20,0x2a,0x20,0x5f,0x35,0x36,0x36,
    0x3b,0x0a,0x20,0x20,0x20,0x20,0x20,0x20,0x20,0x20,0x7d,0x0a,0x20,0x20,0x20,0x20,
    0x20,0x20,0x20,0x20,0x69,0x66,0x20,0x28,0x5f,0x35,0x31,0x34,0x20,0x3c,0x20,0x28,
    0x2d,0x30,0x2e,0x30,0x30,0x31,0x30,0x30,0x30,0x30,0x30,0x30,0x30,0x34,0x37,0x34,
    0x39,0x37,0x34,0x35,0x31,0x33,0x30,0x35,0x33,0x38,0x39,0x34,0x30,0x34,0x32,0x39,
    0x36,0x38,0x37,0x35,0x66,0x29,0x29,0x0a,0x20,0x20,0x20,0x20,0x20,0x20,0x20,0x20,
    0x7b,0x0a,0x20,0x20,0x20,0x20,0x20,0x20,0x20,0x20,0x20,0x20,0x20,0x20,0x63,0x6f,
    0x6c,0x6f,0x72,0x20,0x3d,0x20,0x28,0x66,0x6c,0x6f,0x61,0x74,0x33,0x28,0x31,0x2e,
    0x30,0x66,0x2c,0x20,0x30,0x2e,0x34,0x39,0x30,0x30,0x30,0x30,0x30,0x30,0x39,0x35,
    0x33,0x36,0x37,0x34,0x33,0x31,0x36,0x34,0x30,0x36,0x32,0x35,0x66,0x2c,0x20,0x30,
    0x2e,0x35,0x38,0x39,0x39,0x39,0x39,0x39,0x37,0x33,0x37,0x37,0x33,0x39,0x35,0x36,
    0x32,0x39,0x38,0x38,0x32,0x38,0x31,0x32,0x35,0x66,0x29,0x20,0x2a,0x20,0x5f,0x35,
    0x35,0x39,0x29,0x20,0x2a,0x20,0x5f,0x35,0x36,0x36,0x3b,0x0a,0x20,0x20,0x20,0x20,
    0x20,0x20,0x20,0x20,0x7d,0x0a,0x20,0x20,0x20,0x20,0x7d,0x0a,0x20,0x20,0x20,0x20,
    0x66,0x72,0x61,0x67,0x5f,0x63,0x6f,0x6c,0x6f,0x72,0x20,0x3d,0x20,0x66,0x6c,0x6f,
    0x61,0x74,0x34,0x28,0x63,0x6f,0x6c,0x6f,0x72,0x2c,0x20,0x31,0x2e,0x30,0x66,0x29,
    0x3b,0x0a,0x7d,0x0a,0x0a,0x53,0x50,0x49,0x52,0x56,0x5f,0x43,0x72,0x6f,0x73,0x73,
    0x5f,0x4f,0x75,0x74,0x70,0x75,0x74,0x20,0x6d,0x61,0x69,0x6e,0x28,0x53,0x50,0x49,
    0x52,0x56,0x5f,0x43,0x72,0x6f,0x73,0x73,0x5f,0x49,0x6e,0x70,0x75,0x74,0x20,0x73,
    0x74,0x61,0x67,0x65,0x5f,0x69,0x6e,0x70,0x75,0x74,0x29,0x0a,0x7b,0x0a,0x20,0x20,
    0x20,0x20,0x70,0x6f,0x73,0x20,0x3d,0x20,0x73,0x74,0x61,0x67,0x65,0x5f,0x69,0x6e,
    0x70,0x75,0x74,0x2e,0x70,0x6f,0x73,0x3b,0x0a,0x20,0x20,0x20,0x20,0x66,0x72,0x61,
    0x67,0x5f,0x6d,0x61,0x69,0x6e,0x28,0x29,0x3b,0x0a,0x20,0x20,0x20,0x20,0x53,0x50,
    0x49,0x52,0x56,0x5f,0x43,0x72,0x6f,0x73,0x73,0x5f,0x4f,0x75,0x74,0x70,0x75,0x74,
    0x20,0x73,0x74,0x61,0x67,0x65,0x5f,0x6f,0x75,0x74,0x70,0x75,0x74,0x3b,0x0a,0x20,
    0x20,0x20,0x20,0x73,0x74,0x61,0x67,0x65,0x5f,0x6f,0x75,0x74,0x70,0x75,0x74,0x2e,
    0x66,0x72,0x61,0x67,0x5f,0x63,0x6f,0x6c,0x6f,0x72,0x20,0x3d,0x20,0x66,0x72,0x61,
    0x67,0x5f,0x63,0x6f,0x6c,0x6f,0x72,0x3b,0x0a,0x20,0x20,0x20,0x20,0x72,0x65,0x74,
    0x75,0x72,0x6e,0x20,0x73,0x74,0x61,0x67,0x65,0x5f,0x6f,0x75,0x74,0x70,0x75,0x74,
    0x3b,0x0a,0x7d,0x0a,0x00,
};
/*
    #include <metal_stdlib>
    #include <simd/simd.h>

    using namespace metal;

    struct vs_params
    {
        float aspect;
    };

    struct main0_out
    {
        float2 pos [[user(locn0)]];
        float4 gl_Position [[position]];
    };

    struct main0_in
    {
        float4 position [[attribute(0)]];
    };

    vertex main0_out main0(main0_in in [[stage_in]], constant vs_params& _30 [[buffer(0)]])
    {
        main0_out out = {};
        out.gl_Position = in.position;
        out.pos.x = in.position.x * _30.aspect;
        out.pos.y = in.position.y;
        return out;
    }

*/
static const uint8_t vs_source_metal_macos[509] = {
    0x23,0x69,0x6e,0x63,0x6c,0x75,0x64,0x65,0x20,0x3c,0x6d,0x65,0x74,0x61,0x6c,0x5f,
    0x73,0x74,0x64,0x6c,0x69,0x62,0x3e,0x0a,0x23,0x69,0x6e,0x63,0x6c,0x75,0x64,0x65,
    0x20,0x3c,0x73,0x69,0x6d,0x64,0x2f,0x73,0x69,0x6d,0x64,0x2e,0x68,0x3e,0x0a,0x0a,
    0x75,0x73,0x69,0x6e,0x67,0x20,0x6e,0x61,0x6d,0x65,0x73,0x70,0x61,0x63,0x65,0x20,
    0x6d,0x65,0x74,0x61,0x6c,0x3b,0x0a,0x0a,0x73,0x74,0x72,0x75,0x63,0x74,0x20,0x76,
    0x73,0x5f,0x70,0x61,0x72,0x61,0x6d,0x73,0x0a,0x7b,0x0a,0x20,0x20,0x20,0x20,0x66,
    0x6c,0x6f,0x61,0x74,0x20,0x61,0x73,0x70,0x65,0x63,0x74,0x3b,0x0a,0x7d,0x3b,0x0a,
    0x0a,0x73,0x74,0x72,0x75,0x63,0x74,0x20,0x6d,0x61,0x69,0x6e,0x30,0x5f,0x6f,0x75,
    0x74,0x0a,0x7b,0x0a,0x20,0x20,0x20,0x20,0x66,0x6c,0x6f,0x61,0x74,0x32,0x20,0x70,
    0x6f,0x73,0x20,0x5b,0x5b,0x75,0x73,0x65,0x72,0x28,0x6c,0x6f,0x63,0x6e,0x30,0x29,
    0x5d,0x5d,0x3b,0x0a,0x20,0x20,0x20,0x20,0x66,0x6c,0x6f,0x61,0x74,0x34,0x20,0x67,
    0x6c,0x5f,0x50,0x6f,0x73,0x69,0x74,0x69,0x6f,0x6e,0x20,0x5b,0x5b,0x70,0x6f,0x73,
    0x69,0x74,0x69,0x6f,0x6e,0x5d,0x5d,0x3b,0x0a,0x7d,0x3b,0x0a,0x0a,0x73,0x74,0x72,
    0x75,0x63,0x74,0x20,0x6d,0x61,0x69,0x6e,0x30,0x5f,0x69,0x6e,0x0a,0x7b,0x0a,0x20,
    0x20,0x20,0x20,0x66,0x6c,0x6f,0x61,0x74,0x34,0x20,0x70,0x6f,0x73,0x69,0x74,0x69,
    0x6f,0x6e,0x20,0x5b,0x5b,0x61,0x74,0x74,0x72,0x69,0x62,0x75,0x74,0x65,0x28,0x30,
    0x29,0x5d,0x5d,0x3b,0x0a,0x7d,0x3b,0x0a,0x0a,0x76,0x65,0x72,0x74,0x65,0x78,0x20,
    0x6d,0x61,0x69,0x6e,0x30,0x5f,0x6f,0x75,0x74,0x20,0x6d,0x61,0x69,0x6e,0x30,0x28,
    0x6d,0x61,0x69,0x6e,0x30,0x5f,0x69,0x6e,0x20,0x69,0x6e,0x20,0x5b,0x5b,0x73,0x74,
    0x61,0x67,0x65,0x5f,0x69,0x6e,0x5d,0x5d,0x2c,0x20,0x63,0x6f,0x6e,0x73,0x74,0x61,
    0x6e,0x74,0x20,0x76,0x73,0x5f,0x70,0x61,0x72,0x61,0x6d,0x73,0x26,0x20,0x5f,0x33,
    0x30,0x20,0x5b,0x5b,0x62,0x75,0x66,0x66,0x65,0x72,0x28,0x30,0x29,0x5d,0x5d,0x29,
    0x0a,0x7b,0x0a,0x20,0x20,0x20,0x20,0x6d,0x61,0x69,0x6e,0x30,0x5f,0x6f,0x75,0x74,
    0x20,0x6f,0x75,0x74,0x20,0x3d,0x20,0x7b,0x7d,0x3b,0x0a,0x20,0x20,0x20,0x20,0x6f,
    0x75,0x74,0x2e,0x67,0x6c,0x5f,0x50,0x6f,0x73,0x69,0x74,0x69,0x6f,0x6e,0x20,0x3d,
    0x20,0x69,0x6e,0x2e,0x70,0x6f,0x73,0x69,0x74,0x69,0x6f,0x6e,0x3b,0x0a,0x20,0x20,
    0x20,0x20,0x6f,0x75,0x74,0x2e,0x70,0x6f,0x73,0x2e,0x78,0x20,0x3d,0x20,0x69,0x6e,
    0x2e,0x70,0x6f,0x73,0x69,0x74,0x69,0x6f,0x6e,0x2e,0x78,0x20,0x2a,0x20,0x5f,0x33,
    0x30,0x2e,0x61,0x73,0x70,0x65,0x63,0x74,0x3b,0x0a,0x20,0x20,0x20,0x20,0x6f,0x75,
    0x74,0x2e,0x70,0x6f,0x73,0x2e,0x79,0x20,0x3d,0x20,0x69,0x6e,0x2e,0x70,0x6f,0x73,
    0x69,0x74,0x69,0x6f,0x6e,0x2e,0x79,0x3b,0x0a,0x20,0x20,0x20,0x20,0x72,0x65,0x74,
    0x75,0x72,0x6e,0x20,0x6f,0x75,0x74,0x3b,0x0a,0x7d,0x0a,0x0a,0x00,
};
/*
    #pragma clang diagnostic ignored "-Wmissing-prototypes"

    #include <metal_stdlib>
    #include <simd/simd.h>

    using namespace metal;

    struct sdf_shape
    {
        float2 position;
        float angle;
        int shape_type;
        float2 size;
        int _pad0;
        int _pad1;
    };

    struct fs_params
    {
        int original_sdf_count;
        int decomposed_sdf_count;
        float2 camera_position;
        float camera_zoom;
    };

    struct sdf_shape_1
    {
        float2 position;
        float angle;
        int shape_type;
        float2 size;
        int _pad0;
        int _pad1;
    };

    struct original_sdf_buffer
    {
        sdf_shape_1 original_sdf_shapes[1];
    };

    struct decomposed_sdf_buffer
    {
        sdf_shape_1 decomposed_sdf_shapes[1];
    };

    struct main0_out
    {
        float4 frag_color [[color(0)]];
    };

    struct main0_in
    {
        float2 pos [[user(locn0)]];
    };

    static inline __attribute__((always_inline))
    float2 sdf_rotate(thread const float2& p, thread const float& angle)
    {
        float _66 = cos(angle);
        float _69 = sin(angle);
        return float2x2(float2(_66, -_69), float2(_69, _66)) * p;
    }

    static inline __attribute__((always_inline))
    float2 sdf_transform(thread const float2& p, thread const float2& position, thread const float& angle, constant fs_params& _88)
    {
        float2 param = ((p * _88.camera_zoom) - position) - _88.camera_position;
        float param_1 = angle;
        return sdf_rotate(param, param_1);
    }

    static inline __attribute__((always_inline))
    float de_circle(thread const float2& p, thread const float& r)
    {
        return length(p) - r;
    }

    static inline __attribute__((always_inline))
    float de_box(thread const float2& p, thread const float2& b)
    {
        float2 _117 = abs(p) - b;
        return length(fast::max(_117, float2(0.0))) + fast::min(fast::max(_117.x, _117.y), 0.0);
    }

    static inline __attribute__((always_inline))
    float de_eq_triangle(thread float2& p, thread const float& r)
    {
        p.x = abs(p.x) - r;
        p.y += (r * 0.57735025882720947265625);
        if ((p.x + (1.73205077648162841796875 * p.y)) > 0.0)
        {
            p = float2(p.x - (1.73205077648162841796875 * p.y), ((-1.73205077648162841796875) * p.x) - p.y) * float2(0.5);
        }
        p.x -= fast::clamp(p.x, (-2.0) * r, 0.0);
        return (-length(p)) * sign(p.y);
    }

    static inline __attribute__((always_inline))
    float de_pentagram(thread float2& p, thread const float& r)
    {
        p.x = abs(p.x);
        p -= (float2(0.809017002582550048828125, -0.587785243988037109375) * (2.0 * fast::max(dot(float2(0.809017002582550048828125, -0.587785243988037109375), p), 0.0)));
        p -= (float2(-0.809017002582550048828125, -0.587785243988037109375) * (2.0 * fast::max(dot(float2(-0.809017002582550048828125, -0.587785243988037109375), p), 0.0)));
        p.x = abs(p.x);
        p.y -= r;
        return length(p - (float2(0.309017002582550048828125, -0.951056540012359619140625) * fast::clamp(dot(p, float2(0.309017002582550048828125, -0.951056540012359619140625)), 0.0, 0.726542532444000244140625 * r))) * sign((p.y * 0.309017002582550048828125) - (p.x * (-0.951056540012359619140625)));
    }

    static inline __attribute__((always_inline))
    float de_horseshoe(thread float2& p, thread const float2& c, thread const float& r, thread const float2& w)
    {
        p.x = abs(p.x);
        float2 _254 = p;
        float _255 = length(_254);
        p = float2x2(float2(-c.x, c.y), float2(c.y, c.x)) * p;
        bool _272 = p.y > 0.0;
        bool _279;
        if (!_272)
        {
            _279 = p.x > 0.0;
        }
        else
        {
            _279 = _272;
        }
        float _280;
        if (_279)
        {
            _280 = p.x;
        }
        else
        {
            _280 = _255 * sign(-c.x);
        }
        float _296;
        if (p.x > 0.0)
        {
            _296 = p.y;
        }
        else
        {
            _296 = _255;
        }
        p = float2(_280, _296);
        p = float2(p.x, abs(p.y - r)) - w;
        return length(fast::max(p, float2(0.0))) + fast::min(0.0, fast::max(p.x, p.y));
    }

    static inline __attribute__((always_inline))
    float sdf_get_shape_dist(thread float2& p, thread const sdf_shape& shape, constant fs_params& _88)
    {
        float2 param = p;
        float2 param_1 = shape.position;
        float param_2 = shape.angle;
        p = sdf_transform(param, param_1, param_2, _88);
        float d = 256.0;
        switch (shape.shape_type)
        {
            case 0:
            {
                break;
            }
            case 1:
            {
                float2 param_3 = p;
                float param_4 = shape.size.x;
                d = de_circle(param_3, param_4);
                break;
            }
            case 2:
            {
                float2 param_5 = p;
                float2 param_6 = shape.size;
                d = de_box(param_5, param_6);
                break;
            }
            case 3:
            {
                float2 param_7 = p;
                float param_8 = shape.size.x;
                float _371 = de_eq_triangle(param_7, param_8);
                d = _371;
                break;
            }
            case 4:
            {
                float2 param_9 = p;
                float param_10 = shape.size.x;
                float _378 = de_pentagram(param_9, param_10);
                d = _378;
                break;
            }
            case 5:
            {
                float2 param_11 = p;
                float2 param_12 = float2(0.19866932928562164306640625, 0.980066597461700439453125);
                float param_13 = 0.5;
                float2 param_14 = float2(0.300000011920928955078125, 0.100000001490116119384765625);
                float _392 = de_horseshoe(param_11, param_12, param_13, param_14);
                d = _392;
                break;
            }
        }
        return d;
    }

    static inline __attribute__((always_inline))
    float de_scene(thread const float2& p, constant fs_params& _88, const device original_sdf_buffer& _415, const device decomposed_sdf_buffer& _460)
    {
        float d = 256.0;
        for (int i = 0; i < _88.original_sdf_count; i++)
        {
            float2 param = p;
            sdf_shape param_1 = sdf_shape{ _415.original_sdf_shapes[i].position, _415.original_sdf_shapes[i].angle, _415.original_sdf_shapes[i].shape_type, _415.original_sdf_shapes[i].size, _415.original_sdf_shapes[i]._pad0, _415.original_sdf_shapes[i]._pad1 };
            float _439 = sdf_get_shape_dist(param, param_1, _88);
            d = fast::min(d, _439);
        }
        float d_decomposed = 256.0;
        for (int i_1 = 0; i_1 < _88.decomposed_sdf_count; i_1++)
        {
            float2 param_2 = p;
            sdf_shape param_3 = sdf_shape{ _460.decomposed_sdf_shapes[i_1].position, _460.decomposed_sdf_shapes[i_1].angle, _460.decomposed_sdf_shapes[i_1].shape_type, _460.decomposed_sdf_shapes[i_1].size, _460.decomposed_sdf_shapes[i_1]._pad0, _460.decomposed_sdf_shapes[i_1]._pad1 };
            float _481 = sdf_get_shape_dist(param_2, param_3, _88);
            d_decomposed = fast::min(d_decomposed, _481);
        }
        return fast::max(d, -d_decomposed);
    }

    static inline __attribute__((always_inline))
    float get_shadow(thread const float& d, thread const float& shadow_max, thread const float& shadow_opacity)
    {
        return ((fast::clamp(abs(d), 0.0, shadow_max) * (1.0 / shadow_max)) * shadow_opacity) + (1.0 - shadow_opacity);
    }

    fragment main0_out main0(main0_in in [[stage_in]], constant fs_params& _88 [[buffer(1)]], const device original_sdf_buffer& _415 [[buffer(8)]], const device decomposed_sdf_buffer& _460 [[buffer(9)]])
    {
        main0_out out = {};
        float2 param = in.pos;
        float _514 = de_scene(param, _88, _415, _460);
        float3 color = float3(1.0);
        bool _540 = _514 > 0.001000000047497451305389404296875;
        bool _548;
        if (!_540)
        {
            _548 = _514 < (-0.001000000047497451305389404296875);
        }
        else
        {
            _548 = _540;
        }
        if (_548)
        {
            float _559 = 1.0 - ((sin(_514 * 512.0) + 1.0) * 0.100000001490116119384765625);
            float param_1 = _514;
            float param_2 = 0.0500000007450580596923828125;
            float param_3 = 0.5;
            float _566 = get_shadow(param_1, param_2, param_3);
            if (_540)
            {
                float param_4 = _514;
                float param_5 = 0.25;
                float param_6 = 1.0;
                float _578 = get_shadow(param_4, param_5, param_6);
                color = (((float3(0.97200000286102294921875, 0.976000010967254638671875, 0.987999975681304931640625) * _559) * (1.0 - _578)) + (float3(0.97200000286102294921875, 0.976000010967254638671875, 0.987999975681304931640625) * _578)) * _566;
            }
            if (_514 < (-0.001000000047497451305389404296875))
            {
                color = (float3(1.0, 0.4900000095367431640625, 0.589999973773956298828125) * _559) * _566;
            }
        }
        out.frag_color = float4(color, 1.0);
        return out;
    }

*/
static const uint8_t fs_source_metal_macos[8403] = {
    0x23,0x70,0x72,0x61,0x67,0x6d,0x61,0x20,0x63,0x6c,0x61,0x6e,0x67,0x20,0x64,0x69,
    0x61,0x67,0x6e,0x6f,0x73,0x74,0x69,0x63,0x20,0x69,0x67,0x6e,0x6f,0x72,0x65,0x64,
    0x20,0x22,0x2d,0x57,0x6d,0x69,0x73,0x73,0x69,0x6e,0x67,0x2d,0x70,0x72,0x6f,0x74,
    0x6f,0x74,0x79,0x70,0x65,0x73,0x22,0x0a,0x0a,0x23,0x69,0x6e,0x63,0x6c,0x75,0x64,
    0x65,0x20,0x3c,0x6d,0x65,0x74,0x61,0x6c,0x5f,0x73,0x74,0x64,0x6c,0x69,0x62,0x3e,
    0x0a,0x23,0x69,0x6e,0x63,0x6c,0x75,0x64,0x65,0x20,0x3c,0x73,0x69,0x6d,0x64,0x2f,
    0x73,0x69,0x6d,0x64,0x2e,0x68,0x3e,0x0a,0x0a,0x75,0x73,0x69,0x6e,0x67,0x20,0x6e,
    0x61,0x6d,0x65,0x73,0x70,0x61,0x63,0x65,0x20,0x6d,0x65,0x74,0x61,0x6c,0x3b,0x0a,
    0x0a,0x73,0x74,0x72,0x75,0x63,0x74,0x20,0x73,0x64,0x66,0x5f,0x73,0x68,0x61,0x70,
    0x65,0x0a,0x7b,0x0a,0x20,0x20,0x20,0x20,0x66,0x6c,0x6f,0x61,0x74,0x32,0x20,0x70,
    0x6f,0x73,0x69,0x74,0x69,0x6f,0x6e,0x3b,0x0a,0x20,0x20,0x20,0x20,0x66,0x6c,0x6f,
    0x61,0x74,0x20,0x61,0x6e,0x67,0x6c,0x65,0x3b,0x0a,0x20,0x20,0x20,0x20,0x69,0x6e,
    0x74,0x20,0x73,0x68,0x61,0x70,0x65,0x5f,0x74,0x79,0x70,0x65,0x3b,0x0a,0x20,0x20,
    0x20,0x20,0x66,0x6c,0x6f,0x61,0x74,0x32,0x20,0x73,0x69,0x7a,0x65,0x3b,0x0a,0x20,
    0x20,0x20,0x20,0x69,0x6e,0x74,0x20,0x5f,0x70,0x61,0x64,0x30,0x3b,0x0a,0x20,0x20,
    0x20,0x20,0x69,0x6e,0x74,0x20,0x5f,0x70,0x61,0x64,0x31,0x3b,0x0a,0x7d,0x3b,0x0a,
    0x0a,0x73,0x74,0x72,0x75,0x63,0x74,0x20,0x66,0x73,0x5f,0x70,0x61,0x72,0x61,0x6d,
    0x73,0x0a,0x7b,0x0a,0x20,0x20,0x20,0x20,0x69,0x6e,0x74,0x20,0x6f,0x72,0x69,0x67,
    0x69,0x6e,0x61,0x6c,0x5f,0x73,0x64,0x66,0x5f,0x63,0x6f,0x75,0x6e,0x74,0x3b,0x0a,
    0x20,0x20,0x20,0x20,0x69,0x6e,0x74,0x20,0x64,0x65,0x63,0x6f,0x6d,0x70,0x6f,0x73,
    0x65,0x64,0x5f,0x73,0x64,0x66,0x5f,0x63,0x6f,0x75,0x6e,0x74,0x3b,0x0a,0x20,0x20,
    0x20,0x20,0x66,0x6c,0x6f,0x61,0x74,0x32,0x20,0x63,0x61,0x6d,0x65,0x72,0x61,0x5f,
    0x70,0x6f,0x73,0x69,0x74,0x69,0x6f,0x6e,0x3b,0x0a,0x20,0x20,0x20,0x20,0x66,0x6c,
    0x6f,0x61,0x74,0x20,0x63,0x61,0x6d,0x65,0x72,0x61,0x5f,0x7a,0x6f,0x6f,0x6d,0x3b,
    0x0a,0x7d,0x3b,0x0a,0x0a,0x73,0x74,0x72,0x75,0x63,0x74,0x20,0x73,0x64,0x66,0x5f,
    0x73,0x68,0x61,0x70,0x65,0x5f,0x31,0x0a,0x7b,0x0a,0x20,0x20,0x20,0x20,0x66,0x6c,
    0x6f,0x61,0x74,0x32,0x20,0x70,0x6f,0x73,0x69,0x74,0x69,0x6f,0x6e,0x3b,0x0a,0x20,
    0x20,0x20,0x20,0x66,0x6c,0x6f,0x61,0x74,0x20,0x61,0x6e,0x67,0x6c,0x65,0x3b,0x0a,
    0x20,0x20,0x20,0x20,0x69,0x6e,0x74,0x20,0x73,0x68,0x61,0x70,0x65,0x5f,0x74,0x79,
    0x70,0x65,0x3b,0x0a,0x20,0x20,0x20,0x20,0x66,0x6c,0x6f,0x61,0x74,0x32,0x20,0x73,
    0x69,0x7a,0x65,0x3b,0x0a,0x20,0x20,0x20,0x20,0x69,0x6e,0x74,0x20,0x5f,0x70,0x61,
    0x64,0x30,0x3b,0x0a,0x20,0x20,0x20,0x20,0x69,0x6e,0x74,0x20,0x5f,0x70,0x61,0x64,
    0x31,0x3b,0x0a,0x7d,0x3b,0x0a,0x0a,0x73,0x74,0x72,0x75,0x63,0x74,0x20,0x6f,0x72,
    0x69,0x67,0x69,0x6e,0x61,0x6c,0x5f,0x73,0x64,0x66,0x5f,0x62,0x75,0x66,0x66,0x65,
    0x72,0x0a,0x7b,0x0a,0x20,0x20,0x20,0x20,0x73,0x64,0x66,0x5f,0x73,0x68,0x61,0x70,
    0x65,0x5f,0x31,0x20,0x6f,0x72,0x69,0x67,0x69,0x6e,0x61,0x6c,0x5f,0x73,0x64,0x66,
    0x5f,0x73,0x68,0x61,0x70,0x65,0x73,0x5b,0x31,0x5d,0x3b,0x0a,0x7d,0x3b,0x0a,0x0a,
    0x73,0x74,0x72,0x75,0x63,0x74,0x20,0x64,0x65,0x63,0x6f,0x6d,0x70,0x6f,0x73,0x65,
    0x64,0x5f,0x73,0x64,0x66,0x5f,0x62,0x75,0x66,0x66,0x65,0x72,0x0a,0x7b,0x0a,0x20,
    0x20,0x20,0x20,0x73,0x64,0x66,0x5f,0x73,0x68,0x61,0x70,0x65,0x5f,0x31,0x20,0x64,
    0x65,0x63,0x6f,0x6d,0x70,0x6f,0x73,0x65,0x64,0x5f,0x73,0x64,0x66,0x5f,0x73,0x68,
    0x61,0x70,0x65,0x73,0x5b,0x31,0x5d,0x3b,0x0a,0x7d,0x3b,0x0a,0x0a,0x73,0x74,0x72,
    0x75,0x63,0x74,0x20,0x6d,0x61,0x69,0x6e,0x30,0x5f,0x6f,0x75,0x74,0x0a,0x7b,0x0a,
    0x20,0x20,0x20,0x20,0x66,0x6c,0x6f,0x61,0x74,0x34,0x20,0x66,0x72,0x61,0x67,0x5f,
    0x63,0x6f,0x6c,0x6f,0x72,0x20,0x5b,0x5b,0x63,0x6f,0x6c,0x6f,0x72,0x28,0x30,0x29,
    0x5d,0x5d,0x3b,0x0a,0x7d,0x3b,0x0a,0x0a,0x73,0x74,0x72,0x75,0x63,0x74,0x20,0x6d,
    0x61,0x69,0x6e,0x30,0x5f,0x69,0x6e,0x0a,0x7b,0x0a,0x20,0x20,0x20,0x20,0x66,0x6c,
    0x6f,0x61,0x74,0x32,0x20,0x70,0x6f,0x73,0x20,0x5b,0x5b,0x75,0x73,0x65,0x72,0x28,
    0x6c,0x6f,0x63,0x6e,0x30,0x29,0x5d,0x5d,0x3b,0x0a,0x7d,0x3b,0x0a,0x0a,0x73,0x74,
    0x61,0x74,0x69,0x63,0x20,0x69,0x6e,0x6c,0x69,0x6e,0x65,0x20,0x5f,0x5f,0x61,0x74,
    0x74,0x72,0x69,0x62,0x75,0x74,0x65,0x5f,0x5f,0x28,0x28,0x61,0x6c,0x77,0x61,0x79,
    0x73,0x5f,0x69,0x6e,0x6c,0x69,0x6e,0x65,0x29,0x29,0x0a,0x66,0x6c,0x6f,0x61,0x74,
    0x32,0x20,0x73,0x64,0x66,0x5f,0x72,0x6f,0x74,0x61,0x74,0x65,0x28,0x74,0x68,0x72,
    0x65,0x61,0x64,0x20,0x63,0x6f,0x6e,0x73,0x74,0x20,0x66,0x6c,0x6f,0x61,0x74,0x32,
    0x26,0x20,0x70,0x2c,0x20,0x74,0x68,0x72,0x65,0x61,0x64,0x20,0x63,0x6f,0x6e,0x73,
    0x74,0x20,0x66,0x6c,0x6f,0x61,0x74,0x26,0x20,0x61,0x6e,0x67,0x6c,0x65,0x29,0x0a,
    0x7b,0x0a,0x20,0x20,0x20,0x20,0x66,0x6c,0x6f,0x61,0x74,0x20,0x5f,0x36,0x36,0x20,
    0x3d,0x20,0x63,0x6f,0x73,0x28,0x61,0x6e,0x67,0x6c,0x65,0x29,0x3b,0x0a,0x20,0x20,
    0x20,0x20,0x66,0x6c,0x6f,0x61,0x74,0x20,0x5f,0x36,0x39,0x20,0x3d,0x20,0x73,0x69,
    0x6e,0x28,0x61,0x6e,0x67,0x6c,0x65,0x29,0x3b,0x0a,0x20,0x20,0x20,0x20,0x72,0x65,
    0x74,0x75,0x72,0x6e,0x20,0x66,0x6c,0x6f,0x61,0x74,0x32,0x78,0x32,0x28,0x66,0x6c,
    0x6f,0x61,0x74,0x32,0x28,0x5f,0x36,0x36,0x2c,0x20,0x2d,0x5f,0x36,0x39,0x29,0x2c,
    0x20,0x66,0x6c,0x6f,0x61,0x74,0x32,0x28,0x5f,0x36,0x39,0x2c,0x20,0x5f,0x36,0x36,
    0x29,0x29,0x20,0x2a,0x20,0x70,0x3b,0x0a,0x7d,0x0a,0x0a,0x73,0x74,0x61,0x74,0x69,
    0x63,0x20,0x69,0x6e,0x6c,0x69,0x6e,0x65,0x20,0x5f,0x5f,0x61,0x74,0x74,0x72,0x69,
    0x62,0x75,0x74,0x65,0x5f,0x5f,0x28,0x28,0x61,0x6c,0x77,0x61,0x79,0x73,0x5f,0x69,
    0x6e,0x6c,0x69,0x6e,0x65,0x29,0x29,0x0a,0x66,0x6c,0x6f,0x61,0x74,0x32,0x20,0x73,
    0x64,0x66,0x5f,0x74,0x72,0x61,0x6e,0x73,0x66,0x6f,0x72,0x6d,0x28,0x74,0x68,0x72,
    0x65,0x61,0x64,0x20,0x63,0x6f,0x6e,0x73,0x74,0x20,0x66,0x6c,0x6f,0x61,0x74,0x32,
    0x26,0x20,0x70,0x2c,0x20,0x74,0x68,0x72,0x65,0x61,0x64,0x20,0x63,0x6f,0x6e,0x73,
    0x74,0x20,0x66,0x6c,0x6f,0x61,0x74,0x32,0x26,0x20,0x70,0x6f,0x73,0x69,0x74,0x69,
    0x6f,0x6e,0x2c,0x20,0x74,0x68,0x72,0x65,0x61,0x64,0x20,0x63,0x6f,0x6e,0x73,0x74,
    0x20,0x66,0x6c,0x6f,0x61,0x74,0x26,0x20,0x61,0x6e,0x67,0x6c,0x65,0x2c,0x20,0x63,
    0x6f,0x6e,0x73,0x74,0x61,0x6e,0x74,0x20,0x66,0x73,0x5f,0x70,0x61,0x72,0x61,0x6d,
    0x73,0x26,0x20,0x5f,0x38,0x38,0x29,0x0a,0x7b,0x0a,0x20,0x20,0x20,0x20,0x66,0x6c,
    0x6f,0x61,0x74,0x32,0x20,0x70,0x61,0x72,0x61,0x6d,0x20,0x3d,0x20,0x28,0x28,0x70,
    0x20,0x2a,0x20,0x5f,0x38,0x38,0x2e,0x63,0x61,0x6d,0x65,0x72,0x61,0x5f,0x7a,0x6f,
    0x6f,0x6d,0x29,0x20,0x2d,0x20,0x70,0x6f,0x73,0x69,0x74,0x69,0x6f,0x6e,0x29,0x20,
    0x2d,0x20,0x5f,0x38,0x38,0x2e,0x63,0x61,0x6d,0x65,0x72,0x61,0x5f,0x70,0x6f,0x73,
    0x69,0x74,0x69,0x6f,0x6e,0x3b,0x0a,0x20,0x20,0x20,0x20,0x66,0x6c,0x6f,0x61,0x74,
    0x20,0x70,0x61,0x72,0x61,0x6d,0x5f,0x31,0x20,0x3d,0x20,0x61,0x6e,0x67,0x6c,0x65,
    0x3b,0x0a,0x20,0x20,0x20,0x20,0x72,0x65,0x74,0x75,0x72,0x6e,0x20,0x73,0x64,0x66,
    0x5f,0x72,0x6f,0x74,0x61,0x74,0x65,0x28,0x70,0x61,0x72,0x61,0x6d,0x2c,0x20,0x70,
    0x61,0x72,0x61,0x6d,0x5f,0x31,0x29,0x3b,0x0a,0x7d,0x0a,0x0a,0x73,0x74,0x61,0x74,
    0x69,0x63,0x20,0x69,0x6e,0x6c,0x69,0x6e,0x65,0x20,0x5f,0x5f,0x61,0x74,0x74,0x72,
    0x69,0x62,0x75,0x74,0x65,0x5f,0x5f,0x28,0x28,0x61,0x6c,0x77,0x61,0x79,0x73,0x5f,
    0x69,0x6e,0x6c,0x69,0x6e,0x65,0x29,0x29,0x0a,0x66,0x6c,0x6f,0x61,0x74,0x20,0x64,
    0x65,0x5f,0x63,0x69,0x72,0x63,0x6c,0x65,0x28,0x74,0x68,0x72,0x65,0x61,0x64,0x20,
    0x63,0x6f,0x6e,0x73,0x74,0x20,0x66,0x6c,0x6f,0x61,0x74,0x32,0x26,0x20,0x70,0x2c,
    0x20,0x74,0x68,0x72,0x65,0x61,0x64,0x20,0x63,0x6f,0x6e,0x73,0x74,0x20,0x66,0x6c,
    0x6f,0x61,0x74,0x26,0x20,0x72,0x29,0x0a,0x7b,0x0a,0x20,0x20,0x20,0x20,0x72,0x65,
    0x74,0x75,0x72,0x6e,0x20,0x6c,0x65,0x6e,0x67,0x74,0x68,0x28,0x70,0x29,0x20,0x2d,
    0x20,0x72,0x3b,0x0a,0x7d,0x0a,0x0a,0x73,0x74,0x61,0x74,0x69,0x63,0x20,0x69,0x6e,
    0x6c,0x69,0x6e,0x65,0x20,0x5f,0x5f,0x61,0x74,0x74,0x72,0x69,0x62,0x75,0x74,0x65,
    0x5f,0x5f,0x28,0x28,0x61,0x6c,0x77,0x61,0x79,0x73,0x5f,0x69,0x6e,0x6c,0x69,0x6e,
    0x65,0x29,0x29,0x0a,0x66,0x6c,0x6f,0x61,0x74,0x20,0x64,0x65,0x5f,0x62,0x6f,0x78,
    0x28,0x74,0x68,0x72,0x65,0x61,0x64,0x20,0x63,0x6f,0x6e,0x73,0x74,0x20,0x66,0x6c,
    0x6f,0x61,0x74,0x32,0x26,0x20,0x70,0x2c,0x20,0x74,0x68,0x72,0x65,0x61,0x64,0x20,
    0x63,0x6f,0x6e,0x73,0x74,0x20,0x66,0x6c,0x6f,0x61,0x74,0x32,0x26,0x20,0x62,0x29,
    0x0a,0x7b,0x0a,0x20,0x20,0x20,0x20,0x66,0x6c,0x6f,0x61,0x74,0x32,0x20,0x5f,0x31,
    0x31,0x37,0x20,0x3d,0x20,0x61,0x62,0x73,0x28,0x70,0x29,0x20,0x2d,0x20,0x62,0x3b,
    0x0a,0x20,0x20,0x20,0x20,0x72,0x65,0x74,0x75,0x72,0x6e,0x20,0x6c,0x65,0x6e,0x67,
    0x74,0x68,0x28,0x66,0x61,0x73,0x74,0x3a,0x3a,0x6d,0x61,0x78,0x28,0x5f,0x31,0x31,
    0x37,0x2c,0x20,0x66,0x6c,0x6f,0x61,0x74,0x32,0x28,0x30,0x2e,0x30,0x29,0x29,0x29,
    0x20,0x2b,0x20,0x66,0x61,0x73,0x74,0x3a,0x3a,0x6d,0x69,0x6e,0x28,0x66,0x61,0x73,
    0x74,0x3a,0x3a,0x6d,0x61,0x78,0x28,0x5f,0x31,0x31,0x37,0x2e,0x78,0x2c,0x20,0x5f,
    0x31,0x31,0x37,0x2e,0x79,0x29,0x2c,0x20,0x30,0x2e,0x30,0x29,0x3b,0x0a,0x7d,0x0a,
    0x0a,0x73,0x74,0x61,0x74,0x69,0x63,0x20,0x69,0x6e,0x6c,0x69,0x6e,0x65,0x20,0x5f,
    0x5f,0x61,0x74,0x74,0x72,0x69,0x62,0x75,0x74,0x65,0x5f,0x5f,0x28,0x28,0x61,0x6c,
    0x77,0x61,0x79,0x73,0x5f,0x69,0x6e,0x6c,0x69,0x6e,0x65,0x29,0x29,0x0a,0x66,0x6c,
    0x6f,0x61,0x74,0x20,0x64,0x65,0x5f,0x65,0x71,0x5f,0x74,0x72,0x69,0x61,0x6e,0x67,
    0x6c,0x65,0x28,0x74,0x68,0x72,0x65,0x61,0x64,0x20,0x66,0x6c,0x6f,0x61,0x74,0x32,
    0x26,0x20,0x70,0x2c,0x20,0x74,0x68,0x72,0x65,0x61,0x64,0x20,0x63,0x6f,0x6e,0x73,
    0x74,0x20,0x66,0x6c,0x6f,0x61,0x74,0x26,0x20,0x72,0x29,0x0a,0x7b,0x0a,0x20,0x20,
    0x20,0x20,0x70,0x2e,0x78,0x20,0x3d,0x20,0x61,0x62,0x73,0x28,0x70,0x2e,0x78,0x29,
    0x20,0x2d,0x20,0x72,0x3b,0x0a,0x20,0x20,0x20,0x20,0x70,0x2e,0x79,0x20,0x2b,0x3d,
    0x20,0x28,0x72,0x20,0x2a,0x20,0x30,0x2e,0x35,0x37,0x37,0x33,0x35,0x30,0x32,0x35,
    0x38,0x38,0x32,0x37,0x32,0x30,0x39,0x34,0x37,0x32,0x36,0x35,0x36,0x32,0x35,0x29,
    0x3b,0x0a,0x20,0x20,0x20,0x20,0x69,0x66,0x20,0x28,0x28,0x70,0x2e,0x78,0x20,0x2b,
    0x20,0x28,0x31,0x2e,0x37,0x33,0x32,0x30,0x35,0x30,0x37,0x37,0x36,0x34,0x38,0x31,
    0x36,0x32,0x38,0x34,0x31,0x37,0x39,0x36,0x38,0x37,0x35,0x20,0x2a,0x20,0x70,0x2e,
    0x79,0x29,0x29,0x20,0x3e,0x20,0x30,0x2e,0x30,0x29,0x0a,0x20,0x20,0x20,0x20,0x7b,
    0x0a,0x20,0x20,0x20,0x20,0x20,0x20,0x20,0x20,0x70,0x20,0x3d,0x20,0x66,0x6c,0x6f,
    0x61,0x74,0x32,0x28,0x70,0x2e,0x78,0x20,0x2d,0x20,0x28,0x31,0x2e,0x37,0x33,0x32,
    0x30,0x35,0x30,0x37,0x37,0x36,0x34,0x38,0x31,0x36,0x32,0x38,0x34,0x31,0x37,0x39,
    0x36,0x38,0x37,0x35,0x20,0x2a,0x20,0x70,0x2e,0x79,0x29,0x2c,0x20,0x28,0x28,0x2d,
    0x31,0x2e,0x37,0x33,0x32,0x30,0x35,0x30,0x37,0x37,0x36,0x34,0x38,0x31,0x36,0x32,
    0x38,0x34,0x31,0x37,0x39,0x36,0x38,0x37,0x35,0x29,0x20,0x2a,0x20,0x70,0x2e,0x78,
    0x29,0x20,0x2d,0x20,0x70,0x2e,0x79,0x29,0x20,0x2a,0x20,0x66,0x6c,0x6f,0x61,0x74,
    0x32,0x28,0x30,0x2e,0x35,0x29,0x3b,0x0a,0x20,0x20,0x20,0x20,0x7d,0x0a,0x20,0x20,
    0x20,0x20,0x70,0x2e,0x78,0x20,0x2d,0x3d,0x20,0x66,0x61,0x73,0x74,0x3a,0x3a,0x63,
    0x6c,0x61,0x6d,0x70,0x28,0x70,0x2e,0x78,0x2c,0x20,0x28,0x2d,0x32,0x2e,0x30,0x29,
    0x20,0x2a,0x20,0x72,0x2c,0x20,0x30,0x2e,0x30,0x29,0x3b,0x0a,0x20,0x20,0x20,0x20,
    0x72,0x65,0x74,0x75,0x72,0x6e,0x20,0x28,0x2d,0x6c,0x65,0x6e,0x67,0x74,0x68,0x28,
    0x70,0x29,0x29,0x20,0x2a,0x20,0x73,0x69,0x67,0x6e,0x28,0x70,0x2e,0x79,0x29,0x3b,
    0x0a,0x7d,0x0a,0x0a,0x73,0x74,0x61,0x74,0x69,0x63,0x20,0x69,0x6e,0x6c,0x69,0x6e,
    0x65,0x20,0x5f,0x5f,0x61,0x74,0x74,0x72,0x69,0x62,0x75,0x74,0x65,0x5f,0x5f,0x28,
    0x28,0x61,0x6c,0x77,0x61,0x79,0x73,0x5f,0x69,0x6e,0x6c,0x69,0x6e,0x65,0x29,0x29,
    0x0a,0x66,0x6c,0x6f,0x61,0x74,0x20,0x64,0x65,0x5f,0x70,0x65,0x6e,0x74,0x61,0x67,
    0x72,0x61,0x6d,0x28,0x74,0x68,0x72,0x65,0x61,0x64,0x20,0x66,0x6c,0x6f,0x61,0x74,
    0x32,0x26,0x20,0x70,0x2c,0x20,0x74,0x68,0x72,0x65,0x61,0x64,0x20,0x63,0x6f,0x6e,
    0x73,0x74,0x20,0x66,0x6c,0x6f,0x61,0x74,0x26,0x20,0x72,0x29,0x0a,0x7b,0x0a,0x20,
    0x20,0x20,0x20,0x70,0x2e,0x78,0x20,0x3d,0x20,0x61,0x62,0x73,0x28,0x70,0x2e,0x78,
    0x29,0x3b,0x0a,0x20,0x20,0x20,0x20,0x70,0x20,0x2d,0x3d,0x20,0x28,0x66,0x6c,0x6f,
    0x61,0x74,0x32,0x28,0x30,0x2e,0x38,0x30,0x39,0x30,0x31,0x37,0x30,0x30,0x32,0x35,
    0x38,0x32,0x35,0x35,0x30,0x30,0x34,0x38,0x38,0x32,0x38,0x31,0x32,0x35,0x2c,0x20,
    0x2d,0x30,0x2e,0x35,0x38,0x37,0x37,0x38,0x35,0x32,0x34,0x33,0x39,0x38,0x38,0x30,
    0x33,0x37,0x31,0x30,0x39,0x33,0x37,0x35,0x29,0x20,0x2a,0x20,0x28,0x32,0x2e,0x30,
    0x20,0x2a,0x20,0x66,0x61,0x73,0x74,0x3a,0x3a,0x6d,0x61,0x78,0x28,0x64,0x6f,0x74,
    0x28,0x66,0x6c,0x6f,0x61,0x74,0x32,0x28,0x30,0x2e,0x38,0x30,0x39,0x30,0x31,0x37,
    0x30,0x30,0x32,0x35,0x38,0x32,0x35,0x35,0x30,0x30,0x34,0x38,0x38,0x32,0x38,0x31,
    0x32,0x35,0x2c,0x20,0x2d,0x30,0x2e,0x35,0x38,0x37,0x37,0x38,0x35,0x32,0x34,0x33,
    0x39,0x38,0x38,0x30,0x33,0x37,0x31,0x30,0x39,0x33,0x37,0x35,0x29,0x2c,0x20,0x70,
    0x29,0x2c,0x20,0x30,0x2e,0x30,0x29,0x29,0x29,0x3b,0x0a,0x20,0x20,0x20,0x20,0x70,
    0x20,0x2d,0x3d,0x20,0x28,0x66,0x6c,0x6f,0x61,0x74,0x32,0x28,0x2d,0x30,0x2e,0x38,
    0x30,0x39,0x30,0x31,0x37,0x30,0x30,0x32,0x35,0x38,0x32,0x35,0x35,0x30,0x30,0x34,
    0x38,0x38,0x32,0x38,0x31,0x32,0x35,0x2c,0x20,0x2d,0x30,0x2e,0x35,0x38,0x37,0x37,
    0x38,0x35,0x32,0x34,0x33,0x39,0x38,0x38,0x30,0x33,0x37,0x31,0x30,0x39,0x33,0x37,
    0x35,0x29,0x20,0x2a,0x20,0x28,0x32,0x2e,0x30,0x20,0x2a,0x20,0x66,0x61,0x73,0x74,
    0x3a,0x3a,0x6d,0x61,0x78,0x28,0x64,0x6f,0x74,0x28,0x66,0x6c,0x6f,0x61,0x74,0x32,
    0x28,0x2d,0x30,0x2e,0x38,0x30,0x39,0x30,0x31,0x37,0x30,0x30,0x32,0x35,0x38,0x32,
    0x35,0x35,0x30,0x30,0x34,0x38,0x38,0x32,0x38,0x31,0x32,0x35,0x2c,0x20,0x2d,0x30,
    0x2e,0x35,0x38,0x37,0x37,0x38,0x35,0x32,0x34,0x33,0x39,0x38,0x38,0x30,0x33,0x37,
    0x31,0x30,0x39,0x33,0x37,0x35,0x29,0x2c,0x20,0x70,0x29,0x2c,0x20,0x30,0x2e,0x30,
    0x29,0x29,0x29,0x3b,0x0a,0x20,0x20,0x20,0x20,0x70,0x2e,0x78,0x20,0x3d,0x20,0x61,
    0x62,0x73,0x28,0x70,0x2e,0x78,0x29,0x3b,0x0a,0x20,0x20,0x20,0x20,0x70,0x2e,0x79,
    0x20,0x2d,0x3d,0x20,0x72,0x3b,0x0a,0x20,0x20,0x20,0x20,0x72,0x65,0x74,0x75,0x72,
    0x6e,0x20,0x6c,0x65,0x6e,0x67,0x74,0x68,0x28,0x70,0x20,0x2d,0x20,0x28,0x66,0x6c,
    0x6f,0x61,0x74,0x32,0x28,0x30,0x2e,0x33,0x30,0x39,0x30,0x31,0x37,0x30,0x30,0x32,
    0x35,0x38,0x32,0x35,0x35,0x30,0x30,0x34,0x38,0x38,0x32,0x38,0x31,0x32,0x35,0x2c,
    0x20,0x2d,0x30,0x2e,0x39,0x35,0x31,0x30,0x35,0x36,0x35,0x34,0x30,0x30,0x31,0x32,
    0x33,0x35,0x39,0x36,0x31,0x39,0x31,0x34,0x30,0x36,0x32,0x35,0x29,0x20,0x2a,0x20,
    0x66,0x61,0x73,0x74,0x3a,0x3a,0x63,0x6c,0x61,0x6d,0x70,0x28,0x64,0x6f,0x74,0x28,
    0x70,0x2c,0x20,0x66,0x6c,0x6f,0x61,0x74,0x32,0x28,0x30,0x2e,0x33,0x30,0x39,0x30,
    0x31,0x37,0x30,0x30,0x32,0x35,0x38,0x32,0x35,0x35,0x30,0x30,0x34,0x38,0x38,0x32,
    0x38,0x31,0x32,0x35,0x2c,0x20,0x2d,0x30,0x2e,0x39,0x35,0x31,0x30,0x35,0x36,0x35,
    0x34,0x30,0x30,0x31,0x32,0x33,0x35,0x39,0x36,0x31,0x39,0x31,0x34,0x30,0x36,0x32,
    0x35,0x29,0x29,0x2c,0x20,0x30,0x2e,0x30,0x2c,0x20,0x30,0x2e,0x37,0x32,0x36,0x35,
    0x34,0x32,0x35,0x33,0x32,0x34,0x34,0x34,0x30,0x30,0x30,0x32,0x34,0x34,0x31,0x34,
    0x30,0x36,0x32,0x35,0x20,0x2a,0x20,0x72,0x29,0x29,0x29,0x20,0x2a,0x20,0x73,0x69,
    0x67,0x6e,0x28,0x28,0x70,0x2e,0x79,0x20,0x2a,0x20,0x30,0x2e,0x33,0x30,0x39,0x30,
    0x31,0x37,0x30,0x30,0x32,0x35,0x38,0x32,0x35,0x35,0x30,0x30,0x34,0x38,0x38,0x32,
    0x38,0x31,0x32,0x35,0x29,0x20,0x2d,0x20,0x28,0x70,0x2e,0x78,0x20,0x2a,0x20,0x28,
    0x2d,0x30,0x2e,0x39,0x35,0x31,0x30,0x35,0x36,0x35,0x34,0x30,0x30,0x31,0x32,0x33,
    0x35,0x39,0x36,0x31,0x39,0x31,0x34,0x30,0x36,0x32,0x35,0x29,0x29,0x29,0x3b,0x0a,
    0x7d,0x0a,0x0a,0x73,0x74,0x61,0x74,0x69,0x63,0x20,0x69,0x6e,0x6c,0x69,0x6e,0x65,
    0x20,0x5f,0x5f,0x61,0x74,0x74,0x72,0x69,0x62,0x75,0x74,0x65,0x5f,0x5f,0x28,0x28,
    0x61,0x6c,0x77,0x61,0x79,0x73,0x5f,0x69,0x6e,0x6c,0x69,0x6e,0x65,0x29,0x29,0x0a,
    0x66,0x6c,0x6f,0x61,0x74,0x20,0x64,0x65,0x5f,0x68,0x6f,0x72,0x73,0x65,0x73,0x68,
    0x6f,0x65,0x28,0x74,0x68,0x72,0x65,0x61,0x64,0x20,0x66,0x6c,0x6f,0x61,0x74,0x32,
    0x26,0x20,0x70,0x2c,0x20,0x74,0x68,0x72,0x65,0x61,0x64,0x20,0x63,0x6f,0x6e,0x73,
    0x74,0x20,0x66,0x6c,0x6f,0x61,0x74,0x32,0x26,0x20,0x63,0x2c,0x20,0x74,0x68,0x72,
    0x65,0x61,0x64,0x20,0x63,0x6f,0x6e,0x73,0x74,0x20,0x66,0x6c,0x6f,0x61,0x74,0x26,
    0x20,0x72,0x2c,0x20,0x74,0x68,0x72,0x65,0x61,0x64,0x20,0x63,0x6f,0x6e,0x73,0x74,
    0x20,0x66,0x6c,0x6f,0x61,0x74,0x32,0x26,0x20,0x77,0x29,0x0a,0x7b,0x0a,0x20,0x20,
    0x20,0x20,0x70,0x2e,0x78,0x20,0x3d,0x20,0x61,0x62,0x73,0x28,0x70,0x2e,0x78,0x29,
    0x3b,0x0a,0x20,0x20,0x20,0x20,0x66,0x6c,0x6f,0x61,0x74,0x32,0x20,0x5f,0x32,0x35,
    0x34,0x20,0x3d,0x20,0x70,0x3b,0x0a,0x20,0x20,0x20,0x20,0x66,0x6c,0x6f,0x61,0x74,
    0x20,0x5f,0x32,0x35,0x35,0x20,0x3d,0x20,0x6c,0x65,0x6e,0x67,0x74,0x68,0x28,0x5f,
    0x32,0x35,0x34,0x29,0x3b,0x0a,0x20,0x20,0x20,0x20,0x70,0x20,0x3d,0x20,0x66,0x6c,
    0x6f,0x61,0x74,0x32,0x78,0x32,0x28,0x66,0x6c,0x6f,0x61,0x74,0x32,0x28,0x2d,0x63,
    0x2e,0x78,0x2c,0x20,0x63,0x2e,0x79,0x29,0x2c,0x20,0x66,0x6c,0x6f,0x61,0x74,0x32,
    0x28,0x63,0x2e,0x79,0x2c,0x20,0x63,0x2e,0x78,0x29,0x29,0x20,0x2a,0x20,0x70,0x3b,
    0x0a,0x20,0x20,0x20,0x20,0x62,0x6f,0x6f,0x6c,0x20,0x5f,0x32,0x37,0x32,0x20,0x3d,
    0x20,0x70,0x2e,0x79,0x20,0x3e,0x20,0x30,0x2e,0x30,0x3b,0x0a,0x20,0x20,0x20,0x20,
    0x62,0x6f,0x6f,0x6c,0x20,0x5f,0x32,0x37,0x39,0x3b,0x0a,0x20,0x20,0x20,0x20,0x69,
    0x66,0x20,0x28,0x21,0x5f,0x32,0x37,0x32,0x29,0x0a,0x20,0x20,0x20,0x20,0x7b,0x0a,
    0x20,0x20,0x20,0x20,0x20,0x20,0x20,0x20,0x5f,0x32,0x37,0x39,0x20,0x3d,0x20,0x70,
    0x2e,0x78,0x20,0x3e,0x20,0x30,0x2e,0x30,0x3b,0x0a,0x20,0x20,0x20,0x20,0x7d,0x0a,
    0x20,0x20,0x20,0x20,0x65,0x6c,0x73,0x65,0x0a,0x20,0x20,0x20,0x20,0x7b,0x0a,0x20,
    0x20,0x20,0x20,0x20,0x20,0x20,0x20,0x5f,0x32,0x37,0x39,0x20,0x3d,0x20,0x5f,0x32,
    0x37,0x32,0x3b,0x0a,0x20,0x20,0x20,0x20,0x7d,0x0a,0x20,0x20,0x20,0x20,0x66,0x6c,
    0x6f,0x61,0x74,0x20,0x5f,0x32,0x38,0x30,0x3b,0x0a,0x20,0x20,0x20,0x20,0x69,0x66,
    0x20,0x28,0x5f,0x32,0x37,0x39,0x29,0x0a,0x20,0x20,0x20,0x20,0x7b,0x0a,0x20,0x20,
    0x20,0x20,0x20,0x20,0x20,0x20,0x5f,0x32,0x38,0x30,0x20,0x3d,0x20,0x70,0x2e,0x78,
    0x3b,0x0a,0x20,0x20,0x20,0x20,0x7d,0x0a,0x20,0x20,0x20,0x20,0x65,0x6c,0x73,0x65,
    0x0a,0x20,0x20,0x20,0x20,0x7b,0x0a,0x20,0x20,0x20,0x20,0x20,0x20,0x20,0x20,0x5f,
    0x32,0x38,0x30,0x20,0x3d,0x20,0x5f,0x32,0x35,0x35,0x20,0x2a,0x20,0x73,0x69,0x67,
    0x6e,0x28,0x2d,0x63,0x2e,0x78,0x29,0x3b,0x0a,0x20,0x20,0x20,0x20,0x7d,0x0a,0x20,
    0x20,0x20,0x20,0x66,0x6c,0x6f,0x61,0x74,0x20,0x5f,0x32,0x39,0x36,0x3b,0x0a,0x20,
    0x20,0x20,0x20,0x69,0x66,0x20,0x28,0x70,0x2e,0x78,0x20,0x3e,0x20,0x30,0x2e,0x30,
    0x29,0x0a,0x20,0x20,0x20,0x20,0x7b,0x0a,0x20,0x20,0x20,0x20,0x20,0x20,0x20,0x20,
    0x5f,0x32,0x39,0x36,0x20,0x3d,0x20,0x70,0x2e,0x79,0x3b,0x0a,0x20,0x20,0x20,0x20,
    0x7d,0x0a,0x20,0x20,0x20,0x20,0x65,0x6c,0x73,0x65,0x0a,0x20,0x20,0x20,0x20,0x7b,
    0x0a,0x20,0x20,0x20,0x20,0x20,0x20,0x20,0x20,0x5f,0x32,0x39,0x36,0x20,0x3d,0x20,
    0x5f,0x32,0x35,0x35,0x3b,0x0a,0x20,0x20,0x20,0x20,0x7d,0x0a,0x20,0x20,0x20,0x20,
    0x70,0x20,0x3d,0x20,0x66,0x6c,0x6f,0x61,0x74,0x32,0x28,0x5f,0x32,0x38,0x30,0x2c,
    0x20,0x5f,0x32,0x39,0x36,0x29,0x3b,0x0a,0x20,0x20,0x20,0x20,0x70,0x20,0x3d,0x20,
    0x66,0x6c,0x6f,0x61,0x74,0x32,0x28,0x70,0x2e,0x78,0x2c,0x20,0x61,0x62,0x73,0x28,
    0x70,0x2e,0x79,0x20,0x2d,0x20,0x72,0x29,0x29,0x20,0x2d,0x20,0x77,0x3b,0x0a,0x20,
    0x20,0x20,0x20,0x72,0x65,0x74,0x75,0x72,0x6e,0x20,0x6c,0x65,0x6e,0x67,0x74,0x68,
    0x28,0x66,0x61,0x73,0x74,0x3a,0x3a,0x6d,0x61,0x78,0x28,0x70,0x2c,0x20,0x66,0x6c,
    0x6f,0x61,0x74,0x32,0x28,0x30,0x2e,0x30,0x29,0x29,0x29,0x20,0x2b,0x20,0x66,0x61,
    0x73,0x74,0x3a,0x3a,0x6d,0x69,0x6e,0x28,0x30,0x2e,0x30,0x2c,0x20,0x66,0x61,0x73,
    0x74,0x3a,0x3a,0x6d,0x61,0x78,0x28,0x70,0x2e,0x78,0x2c,0x20,0x70,0x2e,0x79,0x29,
    0x29,0x3b,0x0a,0x7d,0x0a,0x0a,0x73,0x74,0x61,0x74,0x69,0x63,0x20,0x69,0x6e,0x6c,
    0x69,0x6e,0x65,0x20,0x5f,0x5f,0x61,0x74,0x74,0x72,0x69,0x62,0x75,0x74,0x65,0x5f,
    0x5f,0x28,0x28,0x61,0x6c,0x77,0x61,0x79,0x73,0x5f,0x69,0x6e,0x6c,0x69,0x6e,0x65,
    0x29,0x29,0x0a,0x66,0x6c,0x6f,0x61,0x74,0x20,0x73,0x64,0x66,0x5f,0x67,0x65,0x74,
    0x5f,0x73,0x68,0x61,0x70,0x65,0x5f,0x64,0x69,0x73,0x74,0x28,0x74,0x68,0x72,0x65,
    0x61,0x64,0x20,0x66,0x6c,0x6f,0x61,0x74,0x32,0x26,0x20,0x70,0x2c,0x20,0x74,0x68,
    0x72,0x65,0x61,0x64,0x20,0x63,0x6f,0x6e,0x73,0x74,0x20,0x73,0x64,0x66,0x5f,0x73,
    0x68,0x61,0x70,0x65,0x26,0x20,0x73,0x68,0x61,0x70,0x65,0x2c,0x20,0x63,0x6f,0x6e,
    0x73,0x74,0x61,0x6e,0x74,0x20,0x66,0x73,0x5f,0x70,0x61,0x72,0x61,0x6d,0x73,0x26,
    0x20,0x5f,0x38,0x38,0x29,0x0a,0x7b,0x0a,0x20,0x20,0x20,0x20,0x66,0x6c,0x6f,0x61,
    0x74,0x32,0x20,0x70,0x61,0x72,0x61,0x6d,0x20,0x3d,0x20,0x70,0x3b,0x0a,0x20,0x20,
    0x20,0x20,0x66,0x6c,0x6f,0x61,0x74,0x32,0x20,0x70,0x61,0x72,0x61,0x6d,0x5f,0x31,
    0x20,0x3d,0x20,0x73,0x68,0x61,0x70,0x65,0x2e,0x70,0x6f,0x73,0x69,0x74,0x69,0x6f,
    0x6e,0x3b,0x0a,0x20,0x20,0x20,0x20,0x66,0x6c,0x6f,0x61,0x74,0x20,0x70,0x61,0x72,
    0x61,0x6d,0x5f,0x32,0x20,0x3d,0x20,0x73,0x68,0x61,0x70,0x65,0x2e,0x61,0x6e,0x67,
    0x6c,0x65,0x3b,0x0a,0x20,0x20,0x20,0x20,0x70,0x20,0x3d,0x20,0x73,0x64,0x66,0x5f,
    0x74,0x72,0x61,0x6e,0x73,0x66,0x6f,0x72,0x6d,0x28,0x70,0x61,0x72,0x61,0x6d,0x2c,
    0x20,0x70,0x61,0x72,0x61,0x6d,0x5f,0x31,0x2c,0x20,0x70,0x61,0x72,0x61,0x6d,0x5f,
    0x32,0x2c,0x20,0x5f,0x38,0x38,0x29,0x3b,0x0a,0x20,0x20,0x20,0x20,0x66,0x6c,0x6f,
    0x61,0x74,0x20,0x64,0x20,0x3d,0x20,0x32,0x35,0x36,0x2e,0x30,0x3b,0x0a,0x20,0x20,
    0x20,0x20,0x73,0x77,0x69,0x74,0x63,0x68,0x20,0x28,0x73,0x68,0x61,0x70,0x65,0x2e,
    0x73,0x68,0x61,0x70,0x65,0x5f,0x74,0x79,0x70,0x65,0x29,0x0a,0x20,0x20,0x20,0x20,
    0x7b,0x0a,0x20,0x20,0x20,0x20,0x20,0x20,0x20,0x20,0x63,0x61,0x73,0x65,0x20,0x30,
    0x3a,0x0a,0x20,0x20,0x20,0x20,0x20,0x20,0x20,0x20,0x7b,0x0a,0x20,0x20,0x20,0x20,
    0x20,0x20,0x20,0x20,0x20,0x20,0x20,0x20,0x62,0x72,0x65,0x61,0x6b,0x3b,0x0a,0x20,
    0x20,0x20,0x20,0x20,0x20,0x20,0x20,0x7d,0x0a,0x20,0x20,0x20,0x20,0x20,0x20,0x20,
    0x20,0x63,0x61,0x73,0x65,0x20,0x31,0x3a,0x0a,0x20,0x20,0x20,0x20,0x20,0x20,0x20,
    0x20,0x7b,0x0a,0x20,0x20,0x20,0x20,0x20,0x20,0x20,0x20,0x20,0x20,0x20,0x20,0x66,
    0x6c,0x6f,0x61,0x74,0x32,0x20,0x70,0x61,0x72,0x61,0x6d,0x5f,0x33,0x20,0x3d,0x20,
    0x70,0x3b,0x0a,0x20,0x20,0x20,0x20,0x20,0x20,0x20,0x20,0x20,0x20,0x20,0x20,0x66,
    0x6c,0x6f,0x61,0x74,0x20,0x70,0x61,0x72,0x61,0x6d,0x5f,0x34,0x20,0x3d,0x20,0x73,
    0x68,0x61,0x70,0x65,0x2e,0x73,0x69,0x7a,0x65,0x2e,0x78,0x3b,0x0a,0x20,0x20,0x20,
    0x20,0x20,0x20,0x20,0x20,0x20,0x20,0x20,0x20,0x64,0x20,0x3d,0x20,0x64,0x65,0x5f,
    0x63,0x69,0x72,0x63,0x6c,0x65,0x28,0x70,0x61,0x72,0x61,0x6d,0x5f,0x33,0x2c,0x20,
    0x70,0x61,0x72,0x61,0x6d,0x5f,0x34,0x29,0x3b,0x0a,0x20,0x20,0x20,0x20,0x20,0x20,
    0x20,0x20,0x20,0x20,0x20,0x20,0x62,0x72,0x65,0x61,0x6b,0x3b,0x0a,0x20,0x20,0x20,
    0x20,0x20,0x20,0x20,0x20,0x7d,0x0a,0x20,0x20,0x20,0x20,0x20,0x20,0x20,0x20,0x63,
    0x61,0x73,0x65,0x20,0x32,0x3a,0x0a,0x20,0x20,0x20,0x20,0x20,0x20,0x20,0x20,0x7b,
    0x0a,0x20,0x20,0x20,0x20,0x20,0x20,0x20,0x20,0x20,0x20,0x20,0x20,0x66,0x6c,0x6f,
    0x61,0x74,0x32,0x20,0x70,0x61,0x72,0x61,0x6d,0x5f,0x35,0x20,0x3d,0x20,0x70,0x3b,
    0x0a,0x20,0x20,0x20,0x20,0x20,0x20,0x20,0x20,0x20,0x20,0x20,0x20,0x66,0x6c,0x6f,
    0x61,0x74,0x32,0x20,0x70,0x61,0x72,0x61,0x6d,0x5f,0x36,0x20,0x3d,0x20,0x73,0x68,
    0x61,0x70,0x65,0x2e,0x73,0x69,0x7a,0x65,0x3b,0x0a,0x20,0x20,0x20,0x20,0x20,0x20,
    0x20,0x20,0x20,0x20,0x20,0x20,0x64,0x20,0x3d,0x20,0x64,0x65,0x5f,0x62,0x6f,0x78,
    0x28,0x70,0x61,0x72,0x61,0x6d,0x5f,0x35,0x2c,0x20,0x70,0x61,0x72,0x61,0x6d,0x5f,
    0x36,0x29,0x3b,0x0a,0x20,0x20,0x20,0x20,0x20,0x20,0x20,0x20,0x20,0x20,0x20,0x20,
    0x62,0x72,0x65,0x61,0x6b,0x3b,0x0a,0x20,0x20,0x20,0x20,0x20,0x20,0x20,0x20,0x7d,
    0x0a,0x20,0x20,0x20,0x20,0x20,0x20,0x20,0x20,0x63,0x61,0x73,0x65,0x20,0x33,0x3a,
    0x0a,0x20,0x20,0x20,0x20,0x20,0x20,0x20,0x20,0x7b,0x0a,0x20,0x20,0x20,0x20,0x20,
    0x20,0x20,0x20,0x20,0x20,0x20,0x20,0x66,0x6c,0x6f,0x61,0x74,0x32,0x20,0x70,0x61,
    0x72,0x61,0x6d,0x5f,0x37,0x20,0x3d,0x20,0x70,0x3b,0x0a,0x20,0x20,0x20,0x20,0x20,
    0x20,0x20,0x20,0x20,0x20,0x20,0x20,0x66,0x6c,0x6f,0x61,0x74,0x20,0x70,0x61,0x72,
    0x61,0x6d,0x5f,0x38,0x20,0x3d,0x20,0x73,0x68,0x61,0x70,0x65,0x2e,0x73,0x69,0x7a,
    0x65,0x2e,0x78,0x3b,0x0a,0x20,0x20,0x20,0x20,0x20,0x20,0x20,0x20,0x20,0x20,0x20,
    0x20,0x66,0x6c,0x6f,0x61,0x74,0x20,0x5f,0x33,0x37,0x31,0x20,0x3d,0x20,0x64,0x65,
    0x5f,0x65,0x71,0x5f,0x74,0x72,0x69,0x61,0x6e,0x67,0x6c,0x65,0x28,0x70,0x61,0x72,
    0x61,0x6d,0x5f,0x37,0x2c,0x20,0x70,0x61,0x72,0x61,0x6d,0x5f,0x38,0x29,0x3b,0x0a,
    0x20,0x20,0x20,0x20,0x20,0x20,0x20,0x20,0x20,0x20,0x20,0x20,0x64,0x20,0x3d,0x20,
    0x5f,0x33,0x37,0x31,0x3b,0x0a,0x20,0x20,0x20,0x20,0x20,0x20,0x20,0x20,0x20,0x20,
    0x20,0x20,0x62,0x72,0x65,0x61,0x6b,0x3b,0x0a,0x20,0x20,0x20,0x20,0x20,0x20,0x20,
    0x20,0x7d,0x0a,0x20,0x20,0x20,0x20,0x20,0x20,0x20,0x20,0x63,0x61,0x73,0x65,0x20,
    0x34,0x3a,0x0a,0x20,0x20,0x20,0x20,0x20,0x20,0x20,0x20,0x7b,0x0a,0x20,0x20,0x20,
    0x20,0x20,0x20,0x20,0x20,0x20,0x20,0x20,0x20,0x66,0x6c,0x6f,0x61,0x74,0x32,0x20,
    0x70,0x61,0x72,0x61,0x6d,0x5f,0x39,0x20,0x3d,0x20,0x70,0x3b,0x0a,0x20,0x20,0x20,
    0x20,0x20,0x20,0x20,0x20,0x20,0x20,0x20,0x20,0x66,0x6c,0x6f,0x61,0x74,0x20,0x70,
    0x61,0x72,0x61,0x6d,0x5f,0x31,0x30,0x20,0x3d,0x20,0x73,0x68,0x61,0x70,0x65,0x2e,
    0x73,0x69,0x7a,0x65,0x2e,0x78,0x3b,0x0a,0x20,0x20,0x20,0x20,0x20,0x20,0x20,0x20,
    0x20,0x20,0x20,0x20,0x66,0x6c,0x6f,0x61,0x74,0x20,0x5f,0x33,0x37,0x38,0x20,0x3d,
    0x20,0x64,0x65,0x5f,0x70,0x65,0x6e,0x74,0x61,0x67,0x72,0x61,0x6d,0x28,0x70,0x61,
    0x72,0x61,0x6d,0x5f,0x39,0x2c,0x20,0x70,0x61,0x72,0x61,0x6d,0x5f,0x31,0x30,0x29,
    0x3b,0x0a,0x20,0x20,0x20,0x20,0x20,0x20,0x20,0x20,0x20,0x20,0x20,0x20,0x64,0x20,
    0x3d,0x20,0x5f,0x33,0x37,0x38,0x3b,0x0a,0x20,0x20,0x20,0x20,0x20,0x20,0x20,0x20,
    0x20,0x20,0x20,0x20,0x62,0x72,0x65,0x61,0x6b,0x3b,0x0a,0x20,0x20,0x20,0x20,0x20,
    0x20,0x20,0x20,0x7d,0x0a,0x20,0x20,0x20,0x20,0x20,0x20,0x20,0x20,0x63,0x61,0x73,
    0x65,0x20,0x35,0x3a,0x0a,0x20,0x20,0x20,0x20,0x20,0x20,0x20,0x20,0x7b,0x0a,0x20,
    0x20,0x20,0x20,0x20,0x20,0x20,0x20,0x20,0x20,0x20,0x20,0x66,0x6c,0x6f,0x61,0x74,
    0x32,0x20,0x70,0x61,0x72,0x61,0x6d,0x5f,0x31,0x31,0x20,0x3d,0x20,0x70,0x3b,0x0a,
    0x20,0x20,0x20,0x20,0x20,0x20,0x20,0x20,0x20,0x20,0x20,0x20,0x66,0x6c,0x6f,0x61,
    0x74,0x32,0x20,0x70,0x61,0x72,0x61,0x6d,0x5f,0x31,0x32,0x20,0x3d,0x20,0x66,0x6c,
    0x6f,0x61,0x74,0x32,0x28,0x30,0x2e,0x31,0x39,0x38,0x36,0x36,0x39,0x33,0x32,0x39,
    0x32,0x38,0x35,0x36,0x32,0x31,0x36,0x34,0x33,0x30,0x36,0x36,0x34,0x30,0x36,0x32,
    0x35,0x2c,0x20,0x30,0x2e,0x39,0x38,0x30,0x30,0x36,0x36,0x35,0x39,0x37,0x34,0x36,
    0x31,0x37,0x30,0x30,0x34,0x33,0x39,0x34,0x35,0x33,0x31,0x32,0x35,0x29,0x3b,0x0a,
    0x20,0x20,0x20,0x20,0x20,0x20,0x20,0x20,0x20,0x20,0x20,0x20,0x66,0x6c,0x6f,0x61,
    0x74,0x20,0x70,0x61,0x72,0x61,0x6d,0x5f,0x31,0x33,0x20,0x3d,0x20,0x30,0x2e,0x35,
    0x3b,0x0a,0x20,0x20,0x20,0x20,0x20,0x20,0x20,0x20,0x20,0x20,0x20,0x20,0x66,0x6c,
    0x6f,0x61,0x74,0x32,0x20,0x70,0x61,0x72,0x61,0x6d,0x5f,0x31,0x34,0x20,0x3d,0x20,
    0x66,0x6c,0x6f,0x61,0x74,0x32,0x28,0x30,0x2e,0x33,0x30,0x30,0x30,0x30,0x30,0x30,
    0x31,0x31,0x39,0x32,0x30,0x39,0x32,0x38,0x39,0x35,0x35,0x30,0x37,0x38,0x31,0x32,
    0x35,0x2c,0x20,0x30,0x2e,0x31,0x30,0x30,0x30,0x30,0x30,0x30,0x30,0x31,0x34,0x39,
    0x30,0x31,0x31,0x36,0x31,0x31,0x39,0x33,0x38,0x34,0x37,0x36,0x35,0x36,0x32,0x35,
    0x29,0x3b,0x0a,0x20,0x20,0x20,0x20,0x20,0x20,0x20,0x20,0x20,0x20,0x20,0x20,0x66,
    0x6c,0x6f,0x61,0x74,0x20,0x5f,0x33,0x39,0x32,0x20,0x3d,0x20,0x64,0x65,0x5f,0x68,
    0x6f,0x72,0x73,0x65,0x73,0x68,0x6f,0x65,0x28,0x70,0x61,0x72,0x61,0x6d,0x5f,0x31,
    0x31,0x2c,0x20,0x70,0x61,0x72,0x61,0x6d,0x5f,0x31,0x32,0x2c,0x20,0x70,0x61,0x72,
    0x61,0x6d,0x5f,0x31,0x33,0x2c,0x20,0x70,0x61,0x72,0x61,0x6d,0x5f,0x31,0x34,0x29,
    0x3b,0x0a,0x20,0x20,0x20,0x20,0x20,0x20,0x20,0x20,0x20,0x20,0x20,0x20,0x64,0x20,
    0x3d,0x20,0x5f,0x33,0x39,0x32,0x3b,0x0a,0x20,0x20,0x20,0x20,0x20,0x20,0x20,0x20,
    0x20,0x20,0x20,0x20,0x62,0x72,0x65,0x61,0x6b,0x3b,0x0a,0x20,0x20,0x20,0x20,0x20,
    0x20,0x20,0x20,0x7d,0x0a,0x20,0x20,0x20,0x20,0x7d,0x0a,0x20,0x20,0x20,0x20,0x72,
    0x65,0x74,0x75,0x72,0x6e,0x20,0x64,0x3b,0x0a,0x7d,0x0a,0x0a,0x73,0x74,0x61,0x74,
    0x69,0x63,0x20,0x69,0x6e,0x6c,0x69,0x6e,0x65,0x20,0x5f,0x5f,0x61,0x74,0x74,0x72,
    0x69,0x62,0x75,0x74,0x65,0x5f,0x5f,0x28,0x28,0x61,0x6c,0x77,0x61,0x79,0x73,0x5f,
    0x69,0x6e,0x6c,0x69,0x6e,0x65,0x29,0x29,0x0a,0x66,0x6c,0x6f,0x61,0x74,0x20,0x64,
    0x65,0x5f,0x73,0x63,0x65,0x6e,0x65,0x28,0x74,0x68,0x72,0x65,0x61,0x64,0x20,0x63,
    0x6f,0x6e,0x73,0x74,0x20,0x66,0x6c,0x6f,0x61,0x74,0x32,0x26,0x20,0x70,0x2c,0x20,
    0x63,0x6f,0x6e,0x73,0x74,0x61,0x6e,0x74,0x20,0x66,0x73,0x5f,0x70,0x61,0x72,0x61,
    0x6d,0x73,0x26,0x20,0x5f,0x38,0x38,0x2c,0x20,0x63,0x6f,0x6e,0x73,0x74,0x20,0x64,
    0x65,0x76,0x69,0x63,0x65,0x20,0x6f,0x72,0x69,0x67,0x69,0x6e,0x61,0x6c,0x5f,0x73,
    0x64,0x66,0x5f,0x62,0x75,0x66,0x66,0x65,0x72,0x26,0x20,0x5f,0x34,0x31,0x35,0x2c,
    0x20,0x63,0x6f,0x6e,0x73,0x74,0x20,0x64,0x65,0x76,0x69,0x63,0x65,0x20,0x64,0x65,
    0x63,0x6f,0x6d,0x70,0x6f,0x73,0x65,0x64,0x5f,0x73,0x64,0x66,0x5f,0x62,0x75,0x66,
    0x66,0x65,0x72,0x26,0x20,0x5f,0x34,0x36,0x30,0x29,0x0a,0x7b,0x0a,0x20,0x20,0x20,
    0x20,0x66,0x6c,0x6f,0x61,0x74,0x20,0x64,0x20,0x3d,0x20,0x32,0x35,0x36,0x2e,0x30,
    0x3b,0x0a,0x20,0x20,0x20,0x20,0x66,0x6f,0x72,0x20,0x28,0x69,0x6e,0x74,0x20,0x69,
    0x20,0x3d,0x20,0x30,0x3b,0x20,0x69,0x20,0x3c,0x20,0x5f,0x38,0x38,0x2e,0x6f,0x72,
    0x69,0x67,0x69,0x6e,0x61,0x6c,0x5f,0x73,0x64,0x66,0x5f,0x63,0x6f,0x75,0x6e,0x74,
    0x3b,0x20,0x69,0x2b,0x2b,0x29,0x0a,0x20,0x20,0x20,0x20,0x7b,0x0a,0x20,0x20,0x20,
    0x20,0x20,0x20,0x20,0x20,0x66,0x6c,0x6f,0x61,0x74,0x32,0x20,0x70,0x61,0x72,0x61,
    0x6d,0x20,0x3d,0x20,0x70,0x3b,0x0a,0x20,0x20,0x20,0x20,0x20,0x20,0x20,0x20,0x73,
    0x64,0x66,0x5f,0x73,0x68,0x61,0x70,0x65,0x20,0x70,0x61,0x72,0x61,0x6d,0x5f,0x31,
    0x20,0x3d,0x20,0x73,0x64,0x66,0x5f,0x73,0x68,0x61,0x70,0x65,0x7b,0x20,0x5f,0x34,
    0x31,0x35,0x2e,0x6f,0x72,0x69,0x67,0x69,0x6e,0x61,0x6c,0x5f,0x73,0x64,0x66,0x5f,
    0x73,0x68,0x61,0x70,0x65,0x73,0x5b,0x69,0x5d,0x2e,0x70,0x6f,0x73,0x69,0x74,0x69,
    0x6f,0x6e,0x2c,0x20,0x5f,0x34,0x31,0x35,0x2e,0x6f,0x72,0x69,0x67,0x69,0x6e,0x61,
    0x6c,0x5f,0x73,0x64,0x66,0x5f,0x73,0x68,0x61,0x70,0x65,0x73,0x5b,0x69,0x5d,0x2e,
    0x61,0x6e,0x67,0x6c,0x65,0x2c,0x20,0x5f,0x34,0x31,0x35,0x2e,0x6f,0x72,0x69,0x67,
    0x69,0x6e,0x61,0x6c,0x5f,0x73,0x64,0x66,0x5f,0x73,0x68,0x61,0x70,0x65,0x73,0x5b,
    0x69,0x5d,0x2e,0x73,0x68,0x61,0x70,0x65,0x5f,0x74,0x79,0x70,0x65,0x2c,0x20,0x5f,
    0x34,0x31,0x35,0x2e,0x6f,0x72,0x69,0x67,0x69,0x6e,0x61,0x6c,0x5f,0x73,0x64,0x66,
    0x5f,0x73,0x68,0x61,0x70,0x65,0x73,0x5b,0x69,0x5d,0x2e,0x73,0x69,0x7a,0x65,0x2c,
    0x20,0x5f,0x34,0x31,0x35,0x2e,0x6f,0x72,0x69,0x67,0x69,0x6e,0x61,0x6c,0x5f,0x73,
    0x64,0x66,0x5f,0x73,0x68,0x61,0x70,0x65,0x73,0x5b,0x69,0x5d,0x2e,0x5f,0x70,0x61,
    0x64,0x30,0x2c,0x20,0x5f,0x34,0x31,0x35,0x2e,0x6f,0x72,0x69,0x67,0x69,0x6e,0x61,
    0x6c,0x5f,0x73,0x64,0x66,0x5f,0x73,0x68,0x61,0x70,0x65,0x73,0x5b,0x69,0x5d,0x2e,
    0x5f,0x70,0x61,0x64,0x31,0x20,0x7d,0x3b,0x0a,0x20,0x20,0x20,0x20,0x20,0x20,0x20,
    0x20,0x66,0x6c,0x6f,0x61,0x74,0x20,0x5f,0x34,0x33,0x39,0x20,0x3d,0x20,0x73,0x64,
    0x66,0x5f,0x67,0x65,0x74,0x5f,0x73,0x68,0x61,0x70,0x65,0x5f,0x64,0x69,0x73,0x74,
    0x28,0x70,0x61,0x72,0x61,0x6d,0x2c,0x20,0x70,0x61,0x72,0x61,0x6d,0x5f,0x31,0x2c,
    0x20,0x5f,0x38,0x38,0x29,0x3b,0x0a,0x20,0x20,0x20,0x20,0x20,0x20,0x20,0x20,0x64,
    0x20,0x3d,0x20,0x66,0x61,0x73,0x74,0x3a,0x3a,0x6d,0x69,0x6e,0x28,0x64,0x2c,0x20,
    0x5f,0x34,0x33,0x39,0x29,0x3b,0x0a,0x20,0x20,0x20,0x20,0x7d,0x0a,0x20,0x20,0x20,
    0x20,0x66,0x6c,0x6f,0x61,0x74,0x20,0x64,0x5f,0x64,0x65,0x63,0x6f,0x6d,0x70,0x6f,
    0x73,0x65,0x64,0x20,0x3d,0x20,0x32,0x35,0x36,0x2e,0x30,0x3b,0x0a,0x20,0x20,0x20,
    0x20,0x66,0x6f,0x72,0x20,0x28,0x69,0x6e,0x74,0x20,0x69,0x5f,0x31,0x20,0x3d,0x20,
    0x30,0x3b,0x20,0x69,0x5f,0x31,0x20,0x3c,0x20,0x5f,0x38,0x38,0x2e,0x64,0x65,0x63,
    0x6f,0x6d,0x70,0x6f,0x73,0x65,0x64,0x5f,0x73,0x64,0x66,0x5f,0x63,0x6f,0x75,0x6e,
    0x74,0x3b,0x20,0x69,0x5f,0x31,0x2b,0x2b,0x29,0x0a,0x20,0x20,0x20,0x20,0x7b,0x0a,
    0x20,0x20,0x20,0x20,0x20,0x20,0x20,0x20,0x66,0x6c,0x6f,0x61,0x74,0x32,0x20,0x70,
    0x61,0x72,0x61,0x6d,0x5f,0x32,0x20,0x3d,0x20,0x70,0x3b,0x0a,0x20,0x20,0x20,0x20,
    0x20,0x20,0x20,0x20,0x73,0x64,0x66,0x5f,0x73,0x68,0x61,0x70,0x65,0x20,0x70,0x61,
    0x72,0x61,0x6d,0x5f,0x33,0x20,0x3d,0x20,0x73,0x64,0x66,0x5f,0x73,0x68,0x61,0x70,
    0x65,0x7b,0x20,0x5f,0x34,0x36,0x30,0x2e,0x64,0x65,0x63,0x6f,0x6d,0x70,0x6f,0x73,
    0x65,0x64,0x5f,0x73,0x64,0x66,0x5f,0x73,0x68,0x61,0x70,0x65,0x73,0x5b,0x69,0x5f,
    0x31,0x5d,0x2e,0x70,0x6f,0x73,0x69,0x74,0x69,0x6f,0x6e,0x2c,0x20,0x5f,0x34,0x36,
    0x30,0x2e,0x64,0x65,0x63,0x6f,0x6d,0x70,0x6f,0x73,0x65,0x64,0x5f,0x73,0x64,0x66,
    0x5f,0x73,0x68,0x61,0x70,0x65,0x73,0x5b,0x69,0x5f,0x31,0x5d,0x2e,0x61,0x6e,0x67,
    0x6c,0x65,0x2c,0x20,0x5f,0x34,0x36,0x30,0x2e,0x64,0x65,0x63,0x6f,0x6d,0x70,0x6f,
    0x73,0x65,0x64,0x5f,0x73,0x64,0x66,0x5f,0x73,0x68,0x61,0x70,0x65,0x73,0x5b,0x69,
    0x5f,0x31,0x5d,0x2e,0x73,0x68,0x61,0x70,0x65,0x5f,0x74,0x79,0x70,0x65,0x2c,0x20,
    0x5f,0x34,0x36,0x30,0x2e,0x64,0x65,0x63,0x6f,0x6d,0x70,0x6f,0x73,0x65,0x64,0x5f,
    0x73,0x64,0x66,0x5f,0x73,0x68,0x61,0x70,0x65,0x73,0x5b,0x69,0x5f,0x31,0x5d,0x2e,
    0x73,0x69,0x7a,0x65,0x2c,0x20,0x5f,0x34,0x36,0x30,0x2e,0x64,0x65,0x63,0x6f,0x6d,
    0x70,0x6f,0x73,0x65,0x64,0x5f,0x73,0x64,0x66,0x5f,0x73,0x68,0x61,0x70,0x65,0x73,
    0x5b,0x69,0x5f,0x31,0x5d,0x2e,0x5f,0x70,0x61,0x64,0x30,0x2c,0x20,0x5f,0x34,0x36,
    0x30,0x2e,0x64,0x65,0x63,0x6f,0x6d,0x70,0x6f,0x73,0x65,0x64,0x5f,0x73,0x64,0x66,
    0x5f,0x73,0x68,0x61,0x70,0x65,0x73,0x5b,0x69,0x5f,0x31,0x5d,0x2e,0x5f,0x70,0x61,
    0x64,0x31,0x20,0x7d,0x3b,0x0a,0x20,0x20,0x20,0x20,0x20,0x20,0x20,0x20,0x66,0x6c,
    0x6f,0x61,0x74,0x20,0x5f,0x34,0x38,0x31,0x20,0x3d,0x20,0x73,0x64,0x66,0x5f,0x67,
    0x65,0x74,0x5f,0x73,0x68,0x61,0x70,0x65,0x5f,0x64,0x69,0x73,0x74,0x28,0x70,0x61,
    0x72,0x61,0x6d,0x5f,0x32,0x2c,0x20,0x70,0x61,0x72,0x61,0x6d,0x5f,0x33,0x2c,0x20,
    0x5f,0x38,0x38,0x29,0x3b,0x0a,0x20,0x20,0x20,0x20,0x20,0x20,0x20,0x20,0x64,0x5f,
    0x64,0x65,0x63,0x6f,0x6d,0x70,0x6f,0x73,0x65,0x64,0x20,0x3d,0x20,0x66,0x61,0x73,
    0x74,0x3a,0x3a,0x6d,0x69,0x6e,0x28,0x64,0x5f,0x64,0x65,0x63,0x6f,0x6d,0x70,0x6f,
    0x73,0x65,0x64,0x2c,0x20,0x5f,0x34,0x38,0x31,0x29,0x3b,0x0a,0x20,0x20,0x20,0x20,
    0x7d,0x0a,0x20,0x20,0x20,0x20,0x72,0x65,0x74,0x75,0x72,0x6e,0x20,0x66,0x61,0x73,
    0x74,0x3a,0x3a,0x6d,0x61,0x78,0x28,0x64,0x2c,0x20,0x2d,0x64,0x5f,0x64,0x65,0x63,
    0x6f,0x6d,0x70,0x6f,0x73,0x65,0x64,0x29,0x3b,0x0a,0x7d,0x0a,0x0a,0x73,0x74,0x61,
    0x74,0x69,0x63,0x20,0x69,0x6e,0x6c,0x69,0x6e,0x65,0x20,0x5f,0x5f,0x61,0x74,0x74,
    0x72,0x69,0x62,0x75,0x74,0x65,0x5f,0x5f,0x28,0x28,0x61,0x6c,0x77,0x61,0x79,0x73,
    0x5f,0x69,0x6e,0x6c,0x69,0x6e,0x65,0x29,0x29,0x0a,0x66,0x6c,0x6f,0x61,0x74,0x20,
    0x67,0x65,0x74,0x5f,0x73,0x68,0x61,0x64,0x6f,0x77,0x28,0x74,0x68,0x72,0x65,0x61,
    0x64,0x20,0x63,0x6f,0x6e,0x73,0x74,0x20,0x66,0x6c,0x6f,0x61,0x74,0x26,0x20,0x64,
    0x2c,0x20,0x74,0x68,0x72,0x65,0x61,0x64,0x20,0x63,0x6f,0x6e,0x73,0x74,0x20,0x66,
    0x6c,0x6f,0x61,0x74,0x26,0x20,0x73,0x68,0x61,0x64,0x6f,0x77,0x5f,0x6d,0x61,0x78,
    0x2c,0x20,0x74,0x68,0x72,0x65,0x61,0x64,0x20,0x63,0x6f,0x6e,0x73,0x74,0x20,0x66,
    0x6c,0x6f,0x61,0x74,0x26,0x20,0x73,0x68,0x61,0x64,0x6f,0x77,0x5f,0x6f,0x70,0x61,
    0x63,0x69,0x74,0x79,0x29,0x0a,0x7b,0x0a,0x20,0x20,0x20,0x20,0x72,0x65,0x74,0x75,
    0x72,0x6e,0x20,0x28,0x28,0x66,0x61,0x73,0x74,0x3a,0x3a,0x63,0x6c,0x61,0x6d,0x70,
    0x28,0x61,0x62,0x73,0x28,0x64,0x29,0x2c,0x20,0x30,0x2e,0x30,0x2c,0x20,0x73,0x68,
    0x61,0x64,0x6f,0x77,0x5f,0x6d,0x61,0x78,0x29,0x20,0x2a,0x20,0x28,0x31,0x2e,0x30,
    0x20,0x2f,0x20,0x73,0x68,0x61,0x64,0x6f,0x77,0x5f,0x6d,0x61,0x78,0x29,0x29,0x20,
    0x2a,0x20,0x73,0x68,0x61,0x64,0x6f,0x77,0x5f,0x6f,0x70,0x61,0x63,0x69,0x74,0x79,
    0x29,0x20,0x2b,0x20,0x28,0x31,0x2e,0x30,0x20,0x2d,0x20,0x73,0x68,0x61,0x64,0x6f,
    0x77,0x5f,0x6f,0x70,0x61,0x63,0x69,0x74,0x79,0x29,0x3b,0x0a,0x7d,0x0a,0x0a,0x66,
    0x72,0x61,0x67,0x6d,0x65,0x6e,0x74,0x20,0x6d,0x61,0x69,0x6e,0x30,0x5f,0x6f,0x75,
    0x74,0x20,0x6d,0x61,0x69,0x6e,0x30,0x28,0x6d,0x61,0x69,0x6e,0x30,0x5f,0x69,0x6e,
    0x20,0x69,0x6e,0x20,0x5b,0x5b,0x73,0x74,0x61,0x67,0x65,0x5f,0x69,0x6e,0x5d,0x5d,
    0x2c,0x20,0x63,0x6f,0x6e,0x73,0x74,0x61,0x6e,0x74,0x20,0x66,0x73,0x5f,0x70,0x61,
    0x72,0x61,0x6d,0x73,0x26,0x20,0x5f,0x38,0x38,0x20,0x5b,0x5b,0x62,0x75,0x66,0x66,
    0x65,0x72,0x28,0x31,0x29,0x5d,0x5d,0x2c,0x20,0x63,0x6f,0x6e,0x73,0x74,0x20,0x64,
    0x65,0x76,0x69,0x63,0x65,0x20,0x6f,0x72,0x69,0x67,0x69,0x6e,0x61,0x6c,0x5f,0x73,
    0x64,0x66,0x5f,0x62,0x75,0x66,0x66,0x65,0x72,0x26,0x20,0x5f,0x34,0x31,0x35,0x20,
    0x5b,0x5b,0x62,0x75,0x66,0x66,0x65,0x72,0x28,0x38,0x29,0x5d,0x5d,0x2c,0x20,0x63,
    0x6f,0x6e,0x73,0x74,0x20,0x64,0x65,0x76,0x69,0x63,0x65,0x20,0x64,0x65,0x63,0x6f,
    0x6d,0x70,0x6f,0x73,0x65,0x64,0x5f,0x73,0x64,0x66,0x5f,0x62,0x75,0x66,0x66,0x65,
    0x72,0x26,0x20,0x5f,0x34,0x36,0x30,0x20,0x5b,0x5b,0x62,0x75,0x66,0x66,0x65,0x72,
    0x28,0x39,0x29,0x5d,0x5d,0x29,0x0a,0x7b,0x0a,0x20,0x20,0x20,0x20,0x6d,0x61,0x69,
    0x6e,0x30,0x5f,0x6f,0x75,0x74,0x20,0x6f,0x75,0x74,0x20,0x3d,0x20,0x7b,0x7d,0x3b,
    0x0a,0x20,0x20,0x20,0x20,0x66,0x6c,0x6f,0x61,0x74,0x32,0x20,0x70,0x61,0x72,0x61,
    0x6d,0x20,0x3d,0x20,0x69,0x6e,0x2e,0x70,0x6f,0x73,0x3b,0x0a,0x20,0x20,0x20,0x20,
    0x66,0x6c,0x6f,0x61,0x74,0x20,0x5f,0x35,0x31,0x34,0x20,0x3d,0x20,0x64,0x65,0x5f,
    0x73,0x63,0x65,0x6e,0x65,0x28,0x70,0x61,0x72,0x61,0x6d,0x2c,0x20,0x5f,0x38,0x38,
    0x2c,0x20,0x5f,0x34,0x31,0x35,0x2c,0x20,0x5f,0x34,0x36,0x30,0x29,0x3b,0x0a,0x20,
    0x20,0x20,0x20,0x66,0x6c,0x6f,0x61,0x74,0x33,0x20,0x63,0x6f,0x6c,0x6f,0x72,0x20,
    0x3d,0x20,0x66,0x6c,0x6f,0x61,0x74,0x33,0x28,0x31,0x2e,0x30,0x29,0x3b,0x0a,0x20,
    0x20,0x20,0x20,0x62,0x6f,0x6f,0x6c,0x20,0x5f,0x35,0x34,0x30,0x20,0x3d,0x20,0x5f,
    0x35,0x31,0x34,0x20,0x3e,0x20,0x30,0x2e,0x30,0x30,0x31,0x30,0x30,0x30,0x30,0x30,
    0x30,0x30,0x34,0x37,0x34,0x39,0x37,0x34,0x35,0x31,0x33,0x30,0x35,0x33,0x38,0x39,
    0x34,0x30,0x34,0x32,0x39,0x36,0x38,0x37,0x35,0x3b,0x0a,0x20,0x20,0x20,0x20,0x62,
    0x6f,0x6f,0x6c,0x20,0x5f,0x35,0x34,0x38,0x3b,0x0a,0x20,0x20,0x20,0x20,0x69,0x66,
    0x20,0x28,0x21,0x5f,0x35,0x34,0x30,0x29,0x0a,0x20,0x20,0x20,0x20,0x7b,0x0a,0x20,
    0x20,0x20,0x20,0x20,0x20,0x20,0x20,0x5f,0x35,0x34,0x38,0x20,0x3d,0x20,0x5f,0x35,
    0x31,0x34,0x20,0x3c,0x20,0x28,0x2d,0x30,0x2e,0x30,0x30,0x31,0x30,0x30,0x30,0x30,
    0x30,0x30,0x30,0x34,0x37,0x34,0x39,0x37,0x34,0x35,0x31,0x33,0x30,0x35,0x33,0x38,
    0x39,0x34,0x30,0x34,0x32,0x39,0x36,0x38,0x37,0x35,0x29,0x3b,0x0a,0x20,0x20,0x20,
    0x20,0x7d,0x0a,0x20,0x20,0x20,0x20,0x65,0x6c,0x73,0x65,0x0a,0x20,0x20,0x20,0x20,
    0x7b,0x0a,0x20,0x20,0x20,0x20,0x20,0x20,0x20,0x20,0x5f,0x35,0x34,0x38,0x20,0x3d,
    0x20,0x5f,0x35,0x34,0x30,0x3b,0x0a,0x20,0x20,0x20,0x20,0x7d,0x0a,0x20,0x20,0x20,
    0x20,0x69,0x66,0x20,0x28,0x5f,0x35,0x34,0x38,0x29,0x0a,0x20,0x20,0x20,0x20,0x7b,
    0x0a,0x20,0x20,0x20,0x20,0x20,0x20,0x20,0x20,0x66,0x6c,0x6f,0x61,0x74,0x20,0x5f,
    0x35,0x35,0x39,0x20,0x3d,0x20,0x31,0x2e,0x30,0x20,0x2d,0x20,0x28,0x28,0x73,0x69,
    0x6e,0x28,0x5f,0x35,0x31,0x34,0x20,0x2a,0x20,0x35,0x31,0x32,0x2e,0x30,0x29,0x20,
    0x2b,0x20,0x31,0x2e,0x30,0x29,0x20,0x2a,0x20,0x30,0x2e,0x31,0x30,0x30,0x30,0x30,
    0x30,0x30,0x30,0x31,0x34,0x39,0x30,0x31,0x31,0x36,0x31,0x31,0x39,0x33,0x38,0x34,
    0x37,0x36,0x35,0x36,0x32,0x35,0x29,0x3b,0x0a,0x20,0x20,0x20,0x20,0x20,0x20,0x20,
    0x20,0x66,0x6c,0x6f,0x61,0x74,0x20,0x70,0x61,0x72,0x61,0x6d,0x5f,0x31,0x20,0x3d,
    0x20,0x5f,0x35,0x31,0x34,0x3b,0x0a,0x20,0x20,0x20,0x20,0x20,0x20,0x20,0x20,0x66,
    0x6c,0x6f,0x61,0x74,0x20,0x70,0x61,0x72,0x61,0x6d,0x5f,0x32,0x20,0x3d,0x20,0x30,
    0x2e,0x30,0x35,0x30,0x30,0x30,0x30,0x30,0x30,0x30,0x37,0x34,0x35,0x30,0x35,0x38,
    0x30,0x35,0x39,0x36,0x39,0x32,0x33,0x38,0x32,0x38,0x31,0x32,0x35,0x3b,0x0a,0x20,
    0x20,0x20,0x20,0x20,0x20,0x20,0x20,0x66,0x6c,0x6f,0x61,0x74,0x20,0x70,0x61,0x72,
    0x61,0x6d,0x5f,0x33,0x20,0x3d,0x20,0x30,0x2e,0x35,0x3b,0x0a,0x20,0x20,0x20,0x20,
    0x20,0x20,0x20,0x20,0x66,0x6c,0x6f,0x61,0x74,0x20,0x5f,0x35,0x36,0x36,0x20,0x3d,
    0x20,0x67,0x65,0x74,0x5f,0x73,0x68,0x61,0x64,0x6f,0x77,0x28,0x70,0x61,0x72,0x61,
    0x6d,0x5f,0x31,0x2c,0x20,0x70,0x61,0x72,0x61,0x6d,0x5f,0x32,0x2c,0x20,0x70,0x61,
    0x72,0x61,0x6d,0x5f,0x33,0x29,0x3b,0x0a,0x20,0x20,0x20,0x20,0x20,0x20,0x20,0x20,
    0x69,0x66,0x20,0x28,0x5f,0x35,0x34,0x30,0x29,0x0a,0x20,0x20,0x20,0x20,0x20,0x20,
    0x20,0x20,0x7b,0x0a,0x20,0x20,0x20,0x20,0x20,0x20,0x20,0x20,0x20,0x20,0x20,0x20,
    0x66,0x6c,0x6f,0x61,0x74,0x20,0x70,0x61,0x72,0x61,0x6d,0x5f,0x34,0x20,0x3d,0x20,
    0x5f,0x35,0x31,0x34,0x3b,0x0a,0x20,0x20,0x20,0x20,0x20,0x20,0x20,0x20,0x20,0x20,
    0x20,0x20,0x66,0x6c,0x6f,0x61,0x74,0x20,0x70,0x61,0x72,0x61,0x6d,0x5f,0x35,0x20,
    0x3d,0x20,0x30,0x2e,0x32,0x35,0x3b,0x0a,0x20,0x20,0x20,0x20,0x20,0x20,0x20,0x20,
    0x20,0x20,0x20,0x20,0x66,0x6c,0x6f,0x61,0x74,0x20,0x70,0x61,0x72,0x61,0x6d,0x5f,
    0x36,0x20,0x3d,0x20,0x31,0x2e,0x30,0x3b,0x0a,0x20,0x20,0x20,0x20,0x20,0x20,0x20,
    0x20,0x20,0x20,0x20,0x20,0x66,0x6c,0x6f,0x61,0x74,0x20,0x5f,0x35,0x37,0x38,0x20,
    0x3d,0x20,0x67,0x65,0x74,0x5f,0x73,0x68,0x61,0x64,0x6f,0x77,0x28,0x70,0x61,0x72,
    0x61,0x6d,0x5f,0x34,0x2c,0x20,0x70,0x61,0x72,0x61,0x6d,0x5f,0x35,0x2c,0x20,0x70,
    0x61,0x72,0x61,0x6d,0x5f,0x36,0x29,0x3b,0x0a,0x20,0x20,0x20,0x20,0x20,0x20,0x20,
    0x20,0x20,0x20,0x20,0x20,0x63,0x6f,0x6c,0x6f,0x72,0x20,0x3d,0x20,0x28,0x28,0x28,
    0x66,0x6c,0x6f,0x61,0x74,0x33,0x28,0x30,0x2e,0x39,0x37,0x32,0x30,0x30,0x30,0x30,
    0x30,0x32,0x38,0x36,0x31,0x30,0x32,0x32,0x39,0x34,0x39,0x32,0x31,0x38,0x37,0x35,
    0x2c,0x20,0x30,0x2e,0x39,0x37,0x36,0x30,0x30,0x30,0x30,0x31,0x30,0x39,0x36,0x37,
    0x32,0x35,0x34,0x36,0x33,0x38,0x36,0x37,0x31,0x38,0x37,0x35,0x2c,0x20,0x30,0x2e,
    0x39,0x38,0x37,0x39,0x39,0x39,0x39,0x37,0x35,0x36,0x38,0x31,0x33,0x30,0x34,0x39,
    0x33,0x31,0x36,0x34,0x30,0x36,0x32,0x35,0x29,0x20,0x2a,0x20,0x5f,0x35,0x35,0x39,
    0x29,0x20,0x2a,0x20,0x28,0x31,0x2e,0x30,0x20,0x2d,0x20,0x5f,0x35,0x37,0x38,0x29,
    0x29,0x20,0x2b,0x20,0x28,0x66,0x6c,0x6f,0x61,0x74,0x33,0x28,0x30,0x2e,0x39,0x37,
    0x32,0x30,0x30,0x30,0x30,0x30,0x32,0x38,0x36,0x31,0x30,0x32,0x32,0x39,0x34,0x39,
    0x32,0x31,0x38,0x37,0x35,0x2c,0x20,0x30,0x2e,0x39,0x37,0x36,0x30,0x30,0x30,0x30,
    0x31,0x30,0x39,0x36,0x37,0x32,0x35,0x34,0x36,0x33,0x38,0x36,0x37,0x31,0x38,0x37,
    0x35,0x2c,0x20,0x30,0x2e,0x39,0x38,0x37,0x39,0x39,0x39,0x39,0x37,0x35,0x36,0x38,
    0x31,0x33,0x30,0x34,0x39,0x33,0x31,0x36,0x34,0x30,0x36,0x32,0x35,0x29,0x20,0x2a,
    0x20,0x5f,0x35,0x37,0x38,0x29,0x29,0x20,0x2a,0x20,0x5f,0x35,0x36,0x36,0x3b,0x0a,
    0x20,0x20,0x20,0x20,0x20,0x20,0x20,0x20,0x7d,0x0a,0x20,0x20,0x20,0x20,0x20,0x20,
    0x20,0x20,0x69,0x66,0x20,0x28,0x5f,0x35,0x31,0x34,0x20,0x3c,0x20,0x28,0x2d,0x30,
    0x2e,0x30,0x30,0x31,0x30,0x30,0x30,0x30,0x30,0x30,0x30,0x34,0x37,0x34,0x39,0x37,
    0x34,0x35,0x31,0x33,0x30,0x35,0x33,0x38,0x39,0x34,0x30,0x34,0x32,0x39,0x36,0x38,
    0x37,0x35,0x29,0x29,0x0a,0x20,0x20,0x20,0x20,0x20,0x20,0x20,0x20,0x7b,0x0a,0x20,
    0x20,0x20,0x20,0x20,0x20,0x20,0x20,0x20,0x20,0x20,0x20,0x63,0x6f,0x6c,0x6f,0x72,
    0x20,0x3d,0x20,0x28,0x66,0x6c,0x6f,0x61,0x74,0x33,0x28,0x31,0x2e,0x30,0x2c,0x20,
    0x30,0x2e,0x34,0x39,0x30,0x30,0x30,0x30,0x30,0x30,0x39,0x35,0x33,0x36,0x37,0x34,
    0x33,0x31,0x36,0x34,0x30,0x36,0x32,0x35,0x2c,0x20,0x30,0x2e,0x35,0x38,0x39,0x39,
    0x39,0x39,0x39,0x37,0x33,0x37,0x37,0x33,0x39,0x35,0x36,0x32,0x39,0x38,0x38,0x32,
    0x38,0x31,0x32,0x35,0x29,0x20,0x2a,0x20,0x5f,0x35,0x35,0x39,0x29,0x20,0x2a,0x20,
    0x5f,0x35,0x36,0x36,0x3b,0x0a,0x20,0x20,0x20,0x20,0x20,0x20,0x20,0x20,0x7d,0x0a,
    0x20,0x20,0x20,0x20,0x7d,0x0a,0x20,0x20,0x20,0x20,0x6f,0x75,0x74,0x2e,0x66,0x72,
    0x61,0x67,0x5f,0x63,0x6f,0x6c,0x6f,0x72,0x20,0x3d,0x20,0x66,0x6c,0x6f,0x61,0x74,
    0x34,0x28,0x63,0x6f,0x6c,0x6f,0x72,0x2c,0x20,0x31,0x2e,0x30,0x29,0x3b,0x0a,0x20,
    0x20,0x20,0x20,0x72,0x65,0x74,0x75,0x72,0x6e,0x20,0x6f,0x75,0x74,0x3b,0x0a,0x7d,
    0x0a,0x0a,0x00,
};
/*
    diagnostic(off, derivative_uniformity);

    struct vs_params {
      /_ @offset(0) _/
      aspect : f32,
    }

    var<private> position_1 : vec4f;

    var<private> pos : vec2f;

    @binding(0) @group(0) var<uniform> x_30 : vs_params;

    var<private> gl_Position : vec4f;

    fn main_1() {
      gl_Position = position_1;
      pos.x = (position_1.x * x_30.aspect);
      pos.y = position_1.y;
      return;
    }

    struct main_out {
      @builtin(position)
      gl_Position : vec4f,
      @location(0)
      pos_1 : vec2f,
    }

    @vertex
    fn main(@location(0) position_1_param : vec4f) -> main_out {
      position_1 = position_1_param;
      main_1();
      return main_out(gl_Position, pos);
    }
*/
static const uint8_t vs_source_wgsl[618] = {
    0x64,0x69,0x61,0x67,0x6e,0x6f,0x73,0x74,0x69,0x63,0x28,0x6f,0x66,0x66,0x2c,0x20,
    0x64,0x65,0x72,0x69,0x76,0x61,0x74,0x69,0x76,0x65,0x5f,0x75,0x6e,0x69,0x66,0x6f,
    0x72,0x6d,0x69,0x74,0x79,0x29,0x3b,0x0a,0x0a,0x73,0x74,0x72,0x75,0x63,0x74,0x20,
    0x76,0x73,0x5f,0x70,0x61,0x72,0x61,0x6d,0x73,0x20,0x7b,0x0a,0x20,0x20,0x2f,0x2a,
    0x20,0x40,0x6f,0x66,0x66,0x73,0x65,0x74,0x28,0x30,0x29,0x20,0x2a,0x2f,0x0a,0x20,
    0x20,0x61,0x73,0x70,0x65,0x63,0x74,0x20,0x3a,0x20,0x66,0x33,0x32,0x2c,0x0a,0x7d,
    0x0a,0x0a,0x76,0x61,0x72,0x3c,0x70,0x72,0x69,0x76,0x61,0x74,0x65,0x3e,0x20,0x70,
    0x6f,0x73,0x69,0x74,0x69,0x6f,0x6e,0x5f,0x31,0x20,0x3a,0x20,0x76,0x65,0x63,0x34,
    0x66,0x3b,0x0a,0x0a,0x76,0x61,0x72,0x3c,0x70,0x72,0x69,0x76,0x61,0x74,0x65,0x3e,
    0x20,0x70,0x6f,0x73,0x20,0x3a,0x20,0x76,0x65,0x63,0x32,0x66,0x3b,0x0a,0x0a,0x40,
    0x62,0x69,0x6e,0x64,0x69,0x6e,0x67,0x28,0x30,0x29,0x20,0x40,0x67,0x72,0x6f,0x75,
    0x70,0x28,0x30,0x29,0x20,0x76,0x61,0x72,0x3c,0x75,0x6e,0x69,0x66,0x6f,0x72,0x6d,
    0x3e,0x20,0x78,0x5f,0x33,0x30,0x20,0x3a,0x20,0x76,0x73,0x5f,0x70,0x61,0x72,0x61,
    0x6d,0x73,0x3b,0x0a,0x0a,0x76,0x61,0x72,0x3c,0x70,0x72,0x69,0x76,0x61,0x74,0x65,
    0x3e,0x20,0x67,0x6c,0x5f,0x50,0x6f,0x73,0x69,0x74,0x69,0x6f,0x6e,0x20,0x3a,0x20,
    0x76,0x65,0x63,0x34,0x66,0x3b,0x0a,0x0a,0x66,0x6e,0x20,0x6d,0x61,0x69,0x6e,0x5f,
    0x31,0x28,0x29,0x20,0x7b,0x0a,0x20,0x20,0x67,0x6c,0x5f,0x50,0x6f,0x73,0x69,0x74,
    0x69,0x6f,0x6e,0x20,0x3d,0x20,0x70,0x6f,0x73,0x69,0x74,0x69,0x6f,0x6e,0x5f,0x31,
    0x3b,0x0a,0x20,0x20,0x70,0x6f,0x73,0x2e,0x78,0x20,0x3d,0x20,0x28,0x70,0x6f,0x73,
    0x69,0x74,0x69,0x6f,0x6e,0x5f,0x31,0x2e,0x78,0x20,0x2a,0x20,0x78,0x5f,0x33,0x30,
    0x2e,0x61,0x73,0x70,0x65,0x63,0x74,0x29,0x3b,0x0a,0x20,0x20,0x70,0x6f,0x73,0x2e,
    0x79,0x20,0x3d,0x20,0x70,0x6f,0x73,0x69,0x74,0x69,0x6f,0x6e,0x5f,0x31,0x2e,0x79,
    0x3b,0x0a,0x20,0x20,0x72,0x65,0x74,0x75,0x72,0x6e,0x3b,0x0a,0x7d,0x0a,0x0a,0x73,
    0x74,0x72,0x75,0x63,0x74,0x20,0x6d,0x61,0x69,0x6e,0x5f,0x6f,0x75,0x74,0x20,0x7b,
    0x0a,0x20,0x20,0x40,0x62,0x75,0x69,0x6c,0x74,0x69,0x6e,0x28,0x70,0x6f,0x73,0x69,
    0x74,0x69,0x6f,0x6e,0x29,0x0a,0x20,0x20,0x67,0x6c,0x5f,0x50,0x6f,0x73,0x69,0x74,
    0x69,0x6f,0x6e,0x20,0x3a,0x20,0x76,0x65,0x63,0x34,0x66,0x2c,0x0a,0x20,0x20,0x40,
    0x6c,0x6f,0x63,0x61,0x74,0x69,0x6f,0x6e,0x28,0x30,0x29,0x0a,0x20,0x20,0x70,0x6f,
    0x73,0x5f,0x31,0x20,0x3a,0x20,0x76,0x65,0x63,0x32,0x66,0x2c,0x0a,0x7d,0x0a,0x0a,
    0x40,0x76,0x65,0x72,0x74,0x65,0x78,0x0a,0x66,0x6e,0x20,0x6d,0x61,0x69,0x6e,0x28,
    0x40,0x6c,0x6f,0x63,0x61,0x74,0x69,0x6f,0x6e,0x28,0x30,0x29,0x20,0x70,0x6f,0x73,
    0x69,0x74,0x69,0x6f,0x6e,0x5f,0x31,0x5f,0x70,0x61,0x72,0x61,0x6d,0x20,0x3a,0x20,
    0x76,0x65,0x63,0x34,0x66,0x29,0x20,0x2d,0x3e,0x20,0x6d,0x61,0x69,0x6e,0x5f,0x6f,
    0x75,0x74,0x20,0x7b,0x0a,0x20,0x20,0x70,0x6f,0x73,0x69,0x74,0x69,0x6f,0x6e,0x5f,
    0x31,0x20,0x3d,0x20,0x70,0x6f,0x73,0x69,0x74,0x69,0x6f,0x6e,0x5f,0x31,0x5f,0x70,
    0x61,0x72,0x61,0x6d,0x3b,0x0a,0x20,0x20,0x6d,0x61,0x69,0x6e,0x5f,0x31,0x28,0x29,
    0x3b,0x0a,0x20,0x20,0x72,0x65,0x74,0x75,0x72,0x6e,0x20,0x6d,0x61,0x69,0x6e,0x5f,
    0x6f,0x75,0x74,0x28,0x67,0x6c,0x5f,0x50,0x6f,0x73,0x69,0x74,0x69,0x6f,0x6e,0x2c,
    0x20,0x70,0x6f,0x73,0x29,0x3b,0x0a,0x7d,0x0a,0x00,
};
/*
    diagnostic(off, derivative_uniformity);

    struct sdf_shape {
      position : vec2f,
      angle : f32,
      shape_type : i32,
      size : vec2f,
      x_pad0 : i32,
      x_pad1 : i32,
    }

    struct fs_params {
      /_ @offset(0) _/
      original_sdf_count : i32,
      /_ @offset(4) _/
      decomposed_sdf_count : i32,
      /_ @offset(8) _/
      camera_position : vec2f,
      /_ @offset(16) _/
      camera_zoom : f32,
    }

    struct sdf_shape_1 {
      /_ @offset(0) _/
      position : vec2f,
      /_ @offset(8) _/
      angle : f32,
      /_ @offset(12) _/
      shape_type : i32,
      /_ @offset(16) _/
      size : vec2f,
      /_ @offset(24) _/
      x_pad0 : i32,
      /_ @offset(28) _/
      x_pad1 : i32,
    }

    alias RTArr = array<sdf_shape_1>;

    struct original_sdf_buffer {
      /_ @offset(0) _/
      original_sdf_shapes : RTArr,
    }

    alias RTArr_1 = array<sdf_shape_1>;

    struct decomposed_sdf_buffer {
      /_ @offset(0) _/
      decomposed_sdf_shapes : RTArr_1,
    }

    @binding(1) @group(0) var<uniform> x_88 : fs_params;

    @binding(0) @group(1) var<storage, read> x_415 : original_sdf_buffer;

    @binding(1) @group(1) var<storage, read> x_460 : decomposed_sdf_buffer;

    var<private> pos : vec2f;

    var<private> frag_color : vec4f;

    fn sdf_rotate_vf2_f1_(p : ptr<function, vec2f>, angle : ptr<function, f32>) -> vec2f {
      var cosA : f32;
      var sinA : f32;
      cosA = cos(*(angle));
      sinA = sin(*(angle));
      let x_70 = cosA;
      let x_71 = sinA;
      let x_73 = sinA;
      let x_74 = cosA;
      let x_81 = *(p);
      return (mat2x2f(vec2f(x_70, -(x_71)), vec2f(x_73, x_74)) * x_81);
    }

    fn sdf_transform_vf2_vf2_f1_(p_1 : ptr<function, vec2f>, position_1 : ptr<function, vec2f>, angle_1 : ptr<function, f32>) -> vec2f {
      var param : vec2f;
      var param_1 : f32;
      param = (((*(p_1) * x_88.camera_zoom) - *(position_1)) - x_88.camera_position);
      param_1 = *(angle_1);
      let x_104 = sdf_rotate_vf2_f1_(&(param), &(param_1));
      return x_104;
    }

    fn de_circle_vf2_f1_(p_2 : ptr<function, vec2f>, r : ptr<function, f32>) -> f32 {
      let x_107 = *(p_2);
      let x_109 = *(r);
      return (length(x_107) - x_109);
    }

    fn de_box_vf2_vf2_(p_3 : ptr<function, vec2f>, b : ptr<function, vec2f>) -> f32 {
      var d_1 : vec2f;
      d_1 = (abs(*(p_3)) - *(b));
      let x_118 = d_1;
      let x_125 = d_1.x;
      let x_128 = d_1.y;
      return (length(max(x_118, vec2f(0.0f))) + min(max(x_125, x_128), 0.0f));
    }

    fn de_eq_triangle_vf2_f1_(p_4 : ptr<function, vec2f>, r_1 : ptr<function, f32>) -> f32 {
      (*(p_4)).x = (abs((*(p_4)).x) - *(r_1));
      (*(p_4)).y = ((*(p_4)).y + (*(r_1) / 1.73205077648162841797f));
      if ((((*(p_4)).x + (1.73205077648162841797f * (*(p_4)).y)) > 0.0f)) {
        *(p_4) = (vec2f(((*(p_4)).x - (1.73205077648162841797f * (*(p_4)).y)), ((-1.73205077648162841797f * (*(p_4)).x) - (*(p_4)).y)) / vec2f(2.0f));
      }
      (*(p_4)).x = ((*(p_4)).x - clamp((*(p_4)).x, (-2.0f * *(r_1)), 0.0f));
      let x_184 = *(p_4);
      let x_188 = (*(p_4)).y;
      return (-(length(x_184)) * sign(x_188));
    }

    const x_199 = vec2f(0.80901700258255004883f, -0.58778524398803710938f);

    const x_208 = vec2f(-0.80901700258255004883f, -0.58778524398803710938f);

    const x_228 = vec2f(0.30901700258255004883f, -0.95105654001235961914f);

    fn de_pentagram_vf2_f1_(p_5 : ptr<function, vec2f>, r_2 : ptr<function, f32>) -> f32 {
      (*(p_5)).x = abs((*(p_5)).x);
      *(p_5) = (*(p_5) - (x_199 * (2.0f * max(dot(x_199, *(p_5)), 0.0f))));
      *(p_5) = (*(p_5) - (x_208 * (2.0f * max(dot(x_208, *(p_5)), 0.0f))));
      (*(p_5)).x = abs((*(p_5)).x);
      (*(p_5)).y = ((*(p_5)).y - *(r_2));
      let x_225 = *(p_5);
      let x_229 = *(p_5);
      let x_232 = *(r_2);
      let x_239 = (*(p_5)).y;
      let x_242 = (*(p_5)).x;
      return (length((x_225 - (x_228 * clamp(dot(x_229, x_228), 0.0f, (0.72654253244400024414f * x_232))))) * sign(((x_239 * 0.30901700258255004883f) - (x_242 * -0.95105654001235961914f))));
    }

    fn de_horseshoe_vf2_vf2_f1_vf2_(p_6 : ptr<function, vec2f>, c : ptr<function, vec2f>, r_3 : ptr<function, f32>, w : ptr<function, vec2f>) -> f32 {
      var l : f32;
      var x_280 : f32;
      var x_296 : f32;
      var x_278 : bool;
      var x_279 : bool;
      (*(p_6)).x = abs((*(p_6)).x);
      l = length(*(p_6));
      *(p_6) = (mat2x2f(vec2f(-((*(c)).x), (*(c)).y), vec2f((*(c)).y, (*(c)).x)) * *(p_6));
      let x_272 = ((*(p_6)).y > 0.0f);
      x_279 = x_272;
      if (!(x_272)) {
        x_278 = ((*(p_6)).x > 0.0f);
        x_279 = x_278;
      }
      if (x_279) {
        x_280 = (*(p_6)).x;
      } else {
        x_280 = (l * sign(-((*(c)).x)));
      }
      let x_292 = x_280;
      if (((*(p_6)).x > 0.0f)) {
        x_296 = (*(p_6)).y;
      } else {
        x_296 = l;
      }
      *(p_6) = vec2f(x_292, x_296);
      *(p_6) = (vec2f((*(p_6)).x, abs(((*(p_6)).y - *(r_3)))) - *(w));
      let x_315 = *(p_6);
      let x_320 = (*(p_6)).x;
      let x_322 = (*(p_6)).y;
      return (length(max(x_315, vec2f(0.0f))) + min(0.0f, max(x_320, x_322)));
    }

    fn sdf_get_shape_dist_vf2_struct_sdf_shape_vf2_f1_i1_vf2_i1_i11_(p_7 : ptr<function, vec2f>, shape : ptr<function, sdf_shape>) -> f32 {
      var param_2 : vec2f;
      var param_3 : vec2f;
      var param_4 : f32;
      var d_2 : f32;
      var param_5 : vec2f;
      var param_6 : f32;
      var param_7 : vec2f;
      var param_8 : vec2f;
      var param_9 : vec2f;
      var param_10 : f32;
      var param_11 : vec2f;
      var param_12 : f32;
      var param_13 : vec2f;
      var param_14 : vec2f;
      var param_15 : f32;
      var param_16 : vec2f;
      param_2 = *(p_7);
      param_3 = (*(shape)).position;
      param_4 = (*(shape)).angle;
      let x_338 = sdf_transform_vf2_vf2_f1_(&(param_2), &(param_3), &(param_4));
      *(p_7) = x_338;
      d_2 = 256.0f;
      let x_343 = (*(shape)).shape_type;
      switch(x_343) {
        case 5i: {
          param_13 = *(p_7);
          param_14 = vec2f(0.19866932928562164307f, 0.98006659746170043945f);
          param_15 = 0.5f;
          param_16 = vec2f(0.30000001192092895508f, 0.10000000149011611938f);
          let x_392 = de_horseshoe_vf2_vf2_f1_vf2_(&(param_13), &(param_14), &(param_15), &(param_16));
          d_2 = x_392;
        }
        case 4i: {
          param_11 = *(p_7);
          param_12 = (*(shape)).size.x;
          let x_378 = de_pentagram_vf2_f1_(&(param_11), &(param_12));
          d_2 = x_378;
        }
        case 3i: {
          param_9 = *(p_7);
          param_10 = (*(shape)).size.x;
          let x_371 = de_eq_triangle_vf2_f1_(&(param_9), &(param_10));
          d_2 = x_371;
        }
        case 2i: {
          param_7 = *(p_7);
          param_8 = (*(shape)).size;
          let x_364 = de_box_vf2_vf2_(&(param_7), &(param_8));
          d_2 = x_364;
        }
        case 1i: {
          param_5 = *(p_7);
          param_6 = (*(shape)).size.x;
          let x_357 = de_circle_vf2_f1_(&(param_5), &(param_6));
          d_2 = x_357;
        }
        case 0i: {
        }
        default: {
        }
      }
      let x_395 = d_2;
      return x_395;
    }

    fn de_scene_vf2_(p_8 : ptr<function, vec2f>) -> f32 {
      var d_3 : f32;
      var i : i32;
      var shape_1 : sdf_shape;
      var d_shape : f32;
      var param_17 : vec2f;
      var param_18 : sdf_shape;
      var d_decomposed : f32;
      var i_1 : i32;
      var shape_2 : sdf_shape;
      var d_shape_1 : f32;
      var param_19 : vec2f;
      var param_20 : sdf_shape;
      d_3 = 256.0f;
      i = 0i;
      loop {
        if ((i < x_88.original_sdf_count)) {
        } else {
          break;
        }
        let x_419 = x_415.original_sdf_shapes[i];
        shape_1.position = x_419.position;
        shape_1.angle = x_419.angle;
        shape_1.shape_type = x_419.shape_type;
        shape_1.size = x_419.size;
        shape_1.x_pad0 = x_419.x_pad0;
        shape_1.x_pad1 = x_419.x_pad1;
        param_17 = *(p_8);
        param_18 = shape_1;
        let x_439 = sdf_get_shape_dist_vf2_struct_sdf_shape_vf2_f1_i1_vf2_i1_i11_(&(param_17), &(param_18));
        d_shape = x_439;
        d_3 = min(d_3, d_shape);

        continuing {
          i = (i + 1i);
        }
      }
      d_decomposed = 256.0f;
      i_1 = 0i;
      loop {
        if ((i_1 < x_88.decomposed_sdf_count)) {
        } else {
          break;
        }
        let x_463 = x_460.decomposed_sdf_shapes[i_1];
        shape_2.position = x_463.position;
        shape_2.angle = x_463.angle;
        shape_2.shape_type = x_463.shape_type;
        shape_2.size = x_463.size;
        shape_2.x_pad0 = x_463.x_pad0;
        shape_2.x_pad1 = x_463.x_pad1;
        param_19 = *(p_8);
        param_20 = shape_2;
        let x_481 = sdf_get_shape_dist_vf2_struct_sdf_shape_vf2_f1_i1_vf2_i1_i11_(&(param_19), &(param_20));
        d_shape_1 = x_481;
        d_decomposed = min(d_decomposed, d_shape_1);

        continuing {
          i_1 = (i_1 + 1i);
        }
      }
      let x_487 = d_3;
      let x_488 = d_decomposed;
      return max(x_487, -(x_488));
    }

    fn get_shadow_f1_f1_f1_(d : ptr<function, f32>, shadow_max : ptr<function, f32>, shadow_opacity : ptr<function, f32>) -> f32 {
      var shadow : f32;
      shadow = (((clamp(abs(*(d)), 0.0f, *(shadow_max)) * (1.0f / *(shadow_max))) * *(shadow_opacity)) + (1.0f - *(shadow_opacity)));
      let x_506 = shadow;
      return x_506;
    }

    fn main_1() {
      var d_4 : f32;
      var param_21 : vec2f;
      var color : vec3f;
      var iso : f32;
      var lind : f32;
      var wave : f32;
      var shadow_1 : f32;
      var param_22 : f32;
      var param_23 : f32;
      var param_24 : f32;
      var blend : f32;
      var param_25 : f32;
      var param_26 : f32;
      var param_27 : f32;
      var bg : vec3f;
      var x_547 : bool;
      var x_548 : bool;
      param_21 = pos;
      let x_514 = de_scene_vf2_(&(param_21));
      d_4 = x_514;
      color = vec3f(1.0f);
      iso = 0.00100000004749745131f;
      lind = ((clamp(((sqrt(abs(d_4)) * sign(d_4)) + (sin((d_4 * 512.0f)) * 0.10000000149011611938f)), -1.0f, 1.0f) + 1.0f) / 2.0f);
      let x_540 = (d_4 > iso);
      x_548 = x_540;
      if (!(x_540)) {
        x_547 = (d_4 < -(iso));
        x_548 = x_547;
      }
      if (x_548) {
        wave = (1.0f - (((sin((d_4 * 512.0f)) + 1.0f) * 0.5f) * 0.20000000298023223877f));
        param_22 = d_4;
        param_23 = 0.05000000074505805969f;
        param_24 = 0.5f;
        let x_566 = get_shadow_f1_f1_f1_(&(param_22), &(param_23), &(param_24));
        shadow_1 = x_566;
        if ((d_4 > iso)) {
          param_25 = d_4;
          param_26 = 0.25f;
          param_27 = 1.0f;
          let x_578 = get_shadow_f1_f1_f1_(&(param_25), &(param_26), &(param_27));
          blend = x_578;
          bg = vec3f(0.97200000286102294922f, 0.97600001096725463867f, 0.98799997568130493164f);
          color = (((bg * wave) * (1.0f - blend)) + (bg * blend));
          color = (color * shadow_1);
        }
        if ((d_4 < -(iso))) {
          color = ((vec3f(1.0f, 0.49000000953674316406f, 0.58999997377395629883f) * wave) * shadow_1);
        }
      }
      frag_color = vec4f(color.x, color.y, color.z, 1.0f);
      return;
    }

    struct main_out {
      @location(0)
      frag_color_1 : vec4f,
    }

    @fragment
    fn main(@location(0) pos_param : vec2f) -> main_out {
      pos = pos_param;
      main_1();
      return main_out(frag_color);
    }
*/
static const uint8_t fs_source_wgsl[10268] = {
    0x64,0x69,0x61,0x67,0x6e,0x6f,0x73,0x74,0x69,0x63,0x28,0x6f,0x66,0x66,0x2c,0x20,
    0x64,0x65,0x72,0x69,0x76,0x61,0x74,0x69,0x76,0x65,0x5f,0x75,0x6e,0x69,0x66,0x6f,
    0x72,0x6d,0x69,0x74,0x79,0x29,0x3b,0x0a,0x0a,0x73,0x74,0x72,0x75,0x63,0x74,0x20,
    0x73,0x64,0x66,0x5f,0x73,0x68,0x61,0x70,0x65,0x20,0x7b,0x0a,0x20,0x20,0x70,0x6f,
    0x73,0x69,0x74,0x69,0x6f,0x6e,0x20,0x3a,0x20,0x76,0x65,0x63,0x32,0x66,0x2c,0x0a,
    0x20,0x20,0x61,0x6e,0x67,0x6c,0x65,0x20,0x3a,0x20,0x66,0x33,0x32,0x2c,0x0a,0x20,
    0x20,0x73,0x68,0x61,0x70,0x65,0x5f,0x74,0x79,0x70,0x65,0x20,0x3a,0x20,0x69,0x33,
    0x32,0x2c,0x0a,0x20,0x20,0x73,0x69,0x7a,0x65,0x20,0x3a,0x20,0x76,0x65,0x63,0x32,
    0x66,0x2c,0x0a,0x20,0x20,0x78,0x5f,0x70,0x61,0x64,0x30,0x20,0x3a,0x20,0x69,0x33,
    0x32,0x2c,0x0a,0x20,0x20,0x78,0x5f,0x70,0x61,0x64,0x31,0x20,0x3a,0x20,0x69,0x33,
    0x32,0x2c,0x0a,0x7d,0x0a,0x0a,0x73,0x74,0x72,0x75,0x63,0x74,0x20,0x66,0x73,0x5f,
    0x70,0x61,0x72,0x61,0x6d,0x73,0x20,0x7b,0x0a,0x20,0x20,0x2f,0x2a,0x20,0x40,0x6f,
    0x66,0x66,0x73,0x65,0x74,0x28,0x30,0x29,0x20,0x2a,0x2f,0x0a,0x20,0x20,0x6f,0x72,
    0x69,0x67,0x69,0x6e,0x61,0x6c,0x5f,0x73,0x64,0x66,0x5f,0x63,0x6f,0x75,0x6e,0x74,
    0x20,0x3a,0x20,0x69,0x33,0x32,0x2c,0x0a,0x20,0x20,0x2f,0x2a,0x20,0x40,0x6f,0x66,
    0x66,0x73,0x65,0x74,0x28,0x34,0x29,0x20,0x2a,0x2f,0x0a,0x20,0x20,0x64,0x65,0x63,
    0x6f,0x6d,0x70,0x6f,0x73,0x65,0x64,0x5f,0x73,0x64,0x66,0x5f,0x63,0x6f,0x75,0x6e,
    0x74,0x20,0x3a,0x20,0x69,0x33,0x32,0x2c,0x0a,0x20,0x20,0x2f,0x2a,0x20,0x40,0x6f,
    0x66,0x66,0x73,0x65,0x74,0x28,0x38,0x29,0x20,0x2a,0x2f,0x0a,0x20,0x20,0x63,0x61,
    0x6d,0x65,0x72,0x61,0x5f,0x70,0x6f,0x73,0x69,0x74,0x69,0x6f,0x6e,0x20,0x3a,0x20,
    0x76,0x65,0x63,0x32,0x66,0x2c,0x0a,0x20,0x20,0x2f,0x2a,0x20,0x40,0x6f,0x66,0x66,
    0x73,0x65,0x74,0x28,0x31,0x36,0x29,0x20,0x2a,0x2f,0x0a,0x20,0x20,0x63,0x61,0x6d,
    0x65,0x72,0x61,0x5f,0x7a,0x6f,0x6f,0x6d,0x20,0x3a,0x20,0x66,0x33,0x32,0x2c,0x0a,
    0x7d,0x0a,0x0a,0x73,0x74,0x72,0x75,0x63,0x74,0x20,0x73,0x64,0x66,0x5f,0x73,0x68,
    0x61,0x70,0x65,0x5f,0x31,0x20,0x7b,0x0a,0x20,0x20,0x2f,0x2a,0x20,0x40,0x6f,0x66,
    0x66,0x73,0x65,0x74,0x28,0x30,0x29,0x20,0x2a,0x2f,0x0a,0x20,0x20,0x70,0x6f,0x73,
    0x69,0x74,0x69,0x6f,0x6e,0x20,0x3a,0x20,0x76,0x65,0x63,0x32,0x66,0x2c,0x0a,0x20,
    0x20,0x2f,0x2a,0x20,0x40,0x6f,0x66,0x66,0x73,0x65,0x74,0x28,0x38,0x29,0x20,0x2a,
    0x2f,0x0a,0x20,0x20,0x61,0x6e,0x67,0x6c,0x65,0x20,0x3a,0x20,0x66,0x33,0x32,0x2c,
    0x0a,0x20,0x20,0x2f,0x2a,0x20,0x40,0x6f,0x66,0x66,0x73,0x65,0x74,0x28,0x31,0x32,
    0x29,0x20,0x2a,0x2f,0x0a,0x20,0x20,0x73,0x68,0x61,0x70,0x65,0x5f,0x74,0x79,0x70,
    0x65,0x20,0x3a,0x20,0x69,0x33,0x32,0x2c,0x0a,0x20,0x20,0x2f,0x2a,0x20,0x40,0x6f,
    0x66,0x66,0x73,0x65,0x74,0x28,0x31,0x36,0x29,0x20,0x2a,0x2f,0x0a,0x20,0x20,0x73,
    0x69,0x7a,0x65,0x20,0x3a,0x20,0x76,0x65,0x63,0x32,0x66,0x2c,0x0a,0x20,0x20,0x2f,
    0x2a,0x20,0x40,0x6f,0x66,0x66,0x73,0x65,0x74,0x28,0x32,0x34,0x29,0x20,0x2a,0x2f,
    0x0a,0x20,0x20,0x78,0x5f,0x70,0x61,0x64,0x30,0x20,0x3a,0x20,0x69,0x33,0x32,0x2c,
    0x0a,0x20,0x20,0x2f,0x2a,0x20,0x40,0x6f,0x66,0x66,0x73,0x65,0x74,0x28,0x32,0x38,
    0x29,0x20,0x2a,0x2f,0x0a,0x20,0x20,0x78,0x5f,0x70,0x61,0x64,0x31,0x20,0x3a,0x20,
    0x69,0x33,0x32,0x2c,0x0a,0x7d,0x0a,0x0a,0x61,0x6c,0x69,0x61,0x73,0x20,0x52,0x54,
    0x41,0x72,0x72,0x20,0x3d,0x20,0x61,0x72,0x72,0x61,0x79,0x3c,0x73,0x64,0x66,0x5f,
    0x73,0x68,0x61,0x70,0x65,0x5f,0x31,0x3e,0x3b,0x0a,0x0a,0x73,0x74,0x72,0x75,0x63,
    0x74,0x20,0x6f,0x72,0x69,0x67,0x69,0x6e,0x61,0x6c,0x5f,0x73,0x64,0x66,0x5f,0x62,
    0x75,0x66,0x66,0x65,0x72,0x20,0x7b,0x0a,0x20,0x20,0x2f,0x2a,0x20,0x40,0x6f,0x66,
    0x66,0x73,0x65,0x74,0x28,0x30,0x29,0x20,0x2a,0x2f,0x0a,0x20,0x20,0x6f,0x72,0x69,
    0x67,0x69,0x6e,0x61,0x6c,0x5f,0x73,0x64,0x66,0x5f,0x73,0x68,0x61,0x70,0x65,0x73,
    0x20,0x3a,0x20,0x52,0x54,0x41,0x72,0x72,0x2c,0x0a,0x7d,0x0a,0x0a,0x61,0x6c,0x69,
    0x61,0x73,0x20,0x52,0x54,0x41,0x72,0x72,0x5f,0x31,0x20,0x3d,0x20,0x61,0x72,0x72,
    0x61,0x79,0x3c,0x73,0x64,0x66,0x5f,0x73,0x68,0x61,0x70,0x65,0x5f,0x31,0x3e,0x3b,
    0x0a,0x0a,0x73,0x74,0x72,0x75,0x63,0x74,0x20,0x64,0x65,0x63,0x6f,0x6d,0x70,0x6f,
    0x73,0x65,0x64,0x5f,0x73,0x64,0x66,0x5f,0x62,0x75,0x66,0x66,0x65,0x72,0x20,0x7b,
    0x0a,0x20,0x20,0x2f,0x2a,0x20,0x40,0x6f,0x66,0x66,0x73,0x65,0x74,0x28,0x30,0x29,
    0x20,0x2a,0x2f,0x0a,0x20,0x20,0x64,0x65,0x63,0x6f,0x6d,0x70,0x6f,0x73,0x65,0x64,
    0x5f,0x73,0x64,0x66,0x5f,0x73,0x68,0x61,0x70,0x65,0x73,0x20,0x3a,0x20,0x52,0x54,
    0x41,0x72,0x72,0x5f,0x31,0x2c,0x0a,0x7d,0x0a,0x0a,0x40,0x62,0x69,0x6e,0x64,0x69,
    0x6e,0x67,0x28,0x31,0x29,0x20,0x40,0x67,0x72,0x6f,0x75,0x70,0x28,0x30,0x29,0x20,
    0x76,0x61,0x72,0x3c,0x75,0x6e,0x69,0x66,0x6f,0x72,0x6d,0x3e,0x20,0x78,0x5f,0x38,
    0x38,0x20,0x3a,0x20,0x66,0x73,0x5f,0x70,0x61,0x72,0x61,0x6d,0x73,0x3b,0x0a,0x0a,
    0x40,0x62,0x69,0x6e,0x64,0x69,0x6e,0x67,0x28,0x30,0x29,0x20,0x40,0x67,0x72,0x6f,
    0x75,0x70,0x28,0x31,0x29,0x20,0x76,0x61,0x72,0x3c,0x73,0x74,0x6f,0x72,0x61,0x67,
    0x65,0x2c,0x20,0x72,0x65,0x61,0x64,0x3e,0x20,0x78,0x5f,0x34,0x31,0x35,0x20,0x3a,
    0x20,0x6f,0x72,0x69,0x67,0x69,0x6e,0x61,0x6c,0x5f,0x73,0x64,0x66,0x5f,0x62,0x75,
    0x66,0x66,0x65,0x72,0x3b,0x0a,0x0a,0x40,0x62,0x69,0x6e,0x64,0x69,0x6e,0x67,0x28,
    0x31,0x29,0x20,0x40,0x67,0x72,0x6f,0x75,0x70,0x28,0x31,0x29,0x20,0x76,0x61,0x72,
    0x3c,0x73,0x74,0x6f,0x72,0x61,0x67,0x65,0x2c,0x20,0x72,0x65,0x61,0x64,0x3e,0x20,
    0x78,0x5f,0x34,0x36,0x30,0x20,0x3a,0x20,0x64,0x65,0x63,0x6f,0x6d,0x70,0x6f,0x73,
    0x65,0x64,0x5f,0x73,0x64,0x66,0x5f,0x62,0x75,0x66,0x66,0x65,0x72,0x3b,0x0a,0x0a,
    0x76,0x61,0x72,0x3c,0x70,0x72,0x69,0x76,0x61,0x74,0x65,0x3e,0x20,0x70,0x6f,0x73,
    0x20,0x3a,0x20,0x76,0x65,0x63,0x32,0x66,0x3b,0x0a,0x0a,0x76,0x61,0x72,0x3c,0x70,
    0x72,0x69,0x76,0x61,0x74,0x65,0x3e,0x20,0x66,0x72,0x61,0x67,0x5f,0x63,0x6f,0x6c,
    0x6f,0x72,0x20,0x3a,0x20,0x76,0x65,0x63,0x34,0x66,0x3b,0x0a,0x0a,0x66,0x6e,0x20,
    0x73,0x64,0x66,0x5f,0x72,0x6f,0x74,0x61,0x74,0x65,0x5f,0x76,0x66,0x32,0x5f,0x66,
    0x31,0x5f,0x28,0x70,0x20,0x3a,0x20,0x70,0x74,0x72,0x3c,0x66,0x75,0x6e,0x63,0x74,
    0x69,0x6f,0x6e,0x2c,0x20,0x76,0x65,0x63,0x32,0x66,0x3e,0x2c,0x20,0x61,0x6e,0x67,
    0x6c,0x65,0x20,0x3a,0x20,0x70,0x74,0x72,0x3c,0x66,0x75,0x6e,0x63,0x74,0x69,0x6f,
    0x6e,0x2c,0x20,0x66,0x33,0x32,0x3e,0x29,0x20,0x2d,0x3e,0x20,0x76,0x65,0x63,0x32,
    0x66,0x20,0x7b,0x0a,0x20,0x20,0x76,0x61,0x72,0x20,0x63,0x6f,0x73,0x41,0x20,0x3a,
    0x20,0x66,0x33,0x32,0x3b,0x0a,0x20,0x20,0x76,0x61,0x72,0x20,0x73,0x69,0x6e,0x41,
    0x20,0x3a,0x20,0x66,0x33,0x32,0x3b,0x0a,0x20,0x20,0x63,0x6f,0x73,0x41,0x20,0x3d,
    0x20,0x63,0x6f,0x73,0x28,0x2a,0x28,0x61,0x6e,0x67,0x6c,0x65,0x29,0x29,0x3b,0x0a,
    0x20,0x20,0x73,0x69,0x6e,0x41,0x20,0x3d,0x20,0x73,0x69,0x6e,0x28,0x2a,0x28,0x61,
    0x6e,0x67,0x6c,0x65,0x29,0x29,0x3b,0x0a,0x20,0x20,0x6c,0x65,0x74,0x20,0x78,0x5f,
    0x37,0x30,0x20,0x3d,0x20,0x63,0x6f,0x73,0x41,0x3b,0x0a,0x20,0x20,0x6c,0x65,0x74,
    0x20,0x78,0x5f,0x37,0x31,0x20,0x3d,0x20,0x73,0x69,0x6e,0x41,0x3b,0x0a,0x20,0x20,
    0x6c,0x65,0x74,0x20,0x78,0x5f,0x37,0x33,0x20,0x3d,0x20,0x73,0x69,0x6e,0x41,0x3b,
    0x0a,0x20,0x20,0x6c,0x65,0x74,0x20,0x78,0x5f,0x37,0x34,0x20,0x3d,0x20,0x63,0x6f,
    0x73,0x41,0x3b,0x0a,0x20,0x20,0x6c,0x65,0x74,0x20,0x78,0x5f,0x38,0x31,0x20,0x3d,
    0x20,0x2a,0x28,0x70,0x29,0x3b,0x0a,0x20,0x20,0x72,0x65,0x74,0x75,0x72,0x6e,0x20,
    0x28,0x6d,0x61,0x74,0x32,0x78,0x32,0x66,0x28,0x76,0x65,0x63,0x32,0x66,0x28,0x78,
    0x5f,0x37,0x30,0x2c,0x20,0x2d,0x28,0x78,0x5f,0x37,0x31,0x29,0x29,0x2c,0x20,0x76,
    0x65,0x63,0x32,0x66,0x28,0x78,0x5f,0x37,0x33,0x2c,0x20,0x78,0x5f,0x37,0x34,0x29,
    0x29,0x20,0x2a,0x20,0x78,0x5f,0x38,0x31,0x29,0x3b,0x0a,0x7d,0x0a,0x0a,0x66,0x6e,
    0x20,0x73,0x64,0x66,0x5f,0x74,0x72,0x61,0x6e,0x73,0x66,0x6f,0x72,0x6d,0x5f,0x76,
    0x66,0x32,0x5f,0x76,0x66,0x32,0x5f,0x66,0x31,0x5f,0x28,0x70,0x5f,0x31,0x20,0x3a,
    0x20,0x70,0x74,0x72,0x3c,0x66,0x75,0x6e,0x63,0x74,0x69,0x6f,0x6e,0x2c,0x20,0x76,
    0x65,0x63,0x32,0x66,0x3e,0x2c,0x20,0x70,0x6f,0x73,0x69,0x74,0x69,0x6f,0x6e,0x5f,
    0x31,0x20,0x3a,0x20,0x70,0x74,0x72,0x3c,0x66,0x75,0x6e,0x63,0x74,0x69,0x6f,0x6e,
    0x2c,0x20,0x76,0x65,0x63,0x32,0x66,0x3e,0x2c,0x20,0x61,0x6e,0x67,0x6c,0x65,0x5f,
    0x31,0x20,0x3a,0x20,0x70,0x74,0x72,0x3c,0x66,0x75,0x6e,0x63,0x74,0x69,0x6f,0x6e,
    0x2c,0x20,0x66,0x33,0x32,0x3e,0x29,0x20,0x2d,0x3e,0x20,0x76,0x65,0x63,0x32,0x66,
    0x20,0x7b,0x0a,0x20,0x20,0x76,0x61,0x72,0x20,0x70,0x61,0x72,0x61,0x6d,0x20,0x3a,
    0x20,0x76,0x65,0x63,0x32,0x66,0x3b,0x0a,0x20,0x20,0x76,0x61,0x72,0x20,0x70,0x61,
    0x72,0x61,0x6d,0x5f,0x31,0x20,0x3a,0x20,0x66,0x33,0x32,0x3b,0x0a,0x20,0x20,0x70,
    0x61,0x72,0x61,0x6d,0x20,0x3d,0x20,0x28,0x28,0x28,0x2a,0x28,0x70,0x5f,0x31,0x29,
    0x20,0x2a,0x20,0x78,0x5f,0x38,0x38,0x2e,0x63,0x61,0x6d,0x65,0x72,0x61,0x5f,0x7a,
    0x6f,0x6f,0x6d,0x29,0x20,0x2d,0x20,0x2a,0x28,0x70,0x6f,0x73,0x69,0x74,0x69,0x6f,
    0x6e,0x5f,0x31,0x29,0x29,0x20,0x2d,0x20,0x78,0x5f,0x38,0x38,0x2e,0x63,0x61,0x6d,
    0x65,0x72,0x61,0x5f,0x70,0x6f,0x73,0x69,0x74,0x69,0x6f,0x6e,0x29,0x3b,0x0a,0x20,
    0x20,0x70,0x61,0x72,0x61,0x6d,0x5f,0x31,0x20,0x3d,0x20,0x2a,0x28,0x61,0x6e,0x67,
    0x6c,0x65,0x5f,0x31,0x29,0x3b,0x0a,0x20,0x20,0x6c,0x65,0x74,0x20,0x78,0x5f,0x31,
    0x30,0x34,0x20,0x3d,0x20,0x73,0x64,0x66,0x5f,0x72,0x6f,0x74,0x61,0x74,0x65,0x5f,
    0x76,0x66,0x32,0x5f,0x66,0x31,0x5f,0x28,0x26,0x28,0x70,0x61,0x72,0x61,0x6d,0x29,
    0x2c,0x20,0x26,0x28,0x70,0x61,0x72,0x61,0x6d,0x5f,0x31,0x29,0x29,0x3b,0x0a,0x20,
    0x20,0x72,0x65,0x74,0x75,0x72,0x6e,0x20,0x78,0x5f,0x31,0x30,0x34,0x3b,0x0a,0x7d,
    0x0a,0x0a,0x66,0x6e,0x20,0x64,0x65,0x5f,0x63,0x69,0x72,0x63,0x6c,0x65,0x5f,0x76,
    0x66,0x32,0x5f,0x66,0x31,0x5f,0x28,0x70,0x5f,0x32,0x20,0x3a,0x20,0x70,0x74,0x72,
    0x3c,0x66,0x75,0x6e,0x63,0x74,0x69,0x6f,0x6e,0x2c,0x20,0x76,0x65,0x63,0x32,0x66,
    0x3e,0x2c,0x20,0x72,0x20,0x3a,0x20,0x70,0x74,0x72,0x3c,0x66,0x75,0x6e,0x63,0x74,
    0x69,0x6f,0x6e,0x2c,0x20,0x66,0x33,0x32,0x3e,0x29,0x20,0x2d,0x3e,0x20,0x66,0x33,
    0x32,0x20,0x7b,0x0a,0x20,0x20,0x6c,0x65,0x74,0x20,0x78,0x5f,0x31,0x30,0x37,0x20,
    0x3d,0x20,0x2a,0x28,0x70,0x5f,0x32,0x29,0x3b,0x0a,0x20,0x20,0x6c,0x65,0x74,0x20,
    0x78,0x5f,0x31,0x30,0x39,0x20,0x3d,0x20,0x2a,0x28,0x72,0x29,0x3b,0x0a,0x20,0x20,
    0x72,0x65,0x74,0x75,0x72,0x6e,0x20,0x28,0x6c,0x65,0x6e,0x67,0x74,0x68,0x28,0x78,
    0x5f,0x31,0x30,0x37,0x29,0x20,0x2d,0x20,0x78,0x5f,0x31,0x30,0x39,0x29,0x3b,0x0a,
    0x7d,0x0a,0x0a,0x66,0x6e,0x20,0x64,0x65,0x5f,0x62,0x6f,0x78,0x5f,0x76,0x66,0x32,
    0x5f,0x76,0x66,0x32,0x5f,0x28,0x70,0x5f,0x33,0x20,0x3a,0x20,0x70,0x74,0x72,0x3c,
    0x66,0x75,0x6e,0x63,0x74,0x69,0x6f,0x6e,0x2c,0x20,0x76,0x65,0x63,0x32,0x66,0x3e,
    0x2c,0x20,0x62,0x20,0x3a,0x20,0x70,0x74,0x72,0x3c,0x66,0x75,0x6e,0x63,0x74,0x69,
    0x6f,0x6e,0x2c,0x20,0x76,0x65,0x63,0x32,0x66,0x3e,0x29,0x20,0x2d,0x3e,0x20,0x66,
    0x33,0x32,0x20,0x7b,0x0a,0x20,0x20,0x76,0x61,0x72,0x20,0x64,0x5f,0x31,0x20,0x3a,
    0x20,0x76,0x65,0x63,0x32,0x66,0x3b,0x0a,0x20,0x20,0x64,0x5f,0x31,0x20,0x3d,0x20,
    0x28,0x61,0x62,0x73,0x28,0x2a,0x28,0x70,0x5f,0x33,0x29,0x29,0x20,0x2d,0x20,0x2a,
    0x28,0x62,0x29,0x29,0x3b,0x0a,0x20,0x20,0x6c,0x65,0x74,0x20,0x78,0x5f,0x31,0x31,
    0x38,0x20,0x3d,0x20,0x64,0x5f,0x31,0x3b,0x0a,0x20,0x20,0x6c,0x65,0x74,0x20,0x78,
    0x5f,0x31,0x32,0x35,0x20,0x3d,0x20,0x64,0x5f,0x31,0x2e,0x78,0x3b,0x0a,0x20,0x20,
    0x6c,0x65,0x74,0x20,0x78,0x5f,0x31,0x32,0x38,0x20,0x3d,0x20,0x64,0x5f,0x31,0x2e,
    0x79,0x3b,0x0a,0x20,0x20,0x72,0x65,0x74,0x75,0x72,0x6e,0x20,0x28,0x6c,0x65,0x6e,
    0x67,0x74,0x68,0x28,0x6d,0x61,0x78,0x28,0x78,0x5f,0x31,0x31,0x38,0x2c,0x20,0x76,
    0x65,0x63,0x32,0x66,0x28,0x30,0x2e,0x30,0x66,0x29,0x29,0x29,0x20,0x2b,0x20,0x6d,
    0x69,0x6e,0x28,0x6d,0x61,0x78,0x28,0x78,0x5f,0x31,0x32,0x35,0x2c,0x20,0x78,0x5f,
    0x31,0x32,0x38,0x29,0x2c,0x20,0x30,0x2e,0x30,0x66,0x29,0x29,0x3b,0x0a,0x7d,0x0a,
    0x0a,0x66,0x6e,0x20,0x64,0x65,0x5f,0x65,0x71,0x5f,0x74,0x72,0x69,0x61,0x6e,0x67,
    0x6c,0x65,0x5f,0x76,0x66,0x32,0x5f,0x66,0x31,0x5f,0x28,0x70,0x5f,0x34,0x20,0x3a,
    0x20,0x70,0x74,0x72,0x3c,0x66,0x75,0x6e,0x63,0x74,0x69,0x6f,0x6e,0x2c,0x20,0x76,
    0x65,0x63,0x32,0x66,0x3e,0x2c,0x20,0x72,0x5f,0x31,0x20,0x3a,0x20,0x70,0x74,0x72,
    0x3c,0x66,0x75,0x6e,0x63,0x74,0x69,0x6f,0x6e,0x2c,0x20,0x66,0x33,0x32,0x3e,0x29,
    0x20,0x2d,0x3e,0x20,0x66,0x33,0x32,0x20,0x7b,0x0a,0x20,0x20,0x28,0x2a,0x28,0x70,
    0x5f,0x34,0x29,0x29,0x2e,0x78,0x20,0x3d,0x20,0x28,0x61,0x62,0x73,0x28,0x28,0x2a,
    0x28,0x70,0x5f,0x34,0x29,0x29,0x2e,0x78,0x29,0x20,0x2d,0x20,0x2a,0x28,0x72,0x5f,
    0x31,0x29,0x29,0x3b,0x0a,0x20,0x20,0x28,0x2a,0x28,0x70,0x5f,0x34,0x29,0x29,0x2e,
    0x79,0x20,0x3d,0x20,0x28,0x28,0x2a,0x28,0x70,0x5f,0x34,0x29,0x29,0x2e,0x79,0x20,
    0x2b,0x20,0x28,0x2a,0x28,0x72,0x5f,0x31,0x29,0x20,0x2f,0x20,0x31,0x2e,0x37,0x33,
    0x32,0x30,0x35,0x30,0x37,0x37,0x36,0x34,0x38,0x31,0x36,0x32,0x38,0x34,0x31,0x37,
    0x39,0x37,0x66,0x29,0x29,0x3b,0x0a,0x20,0x20,0x69,0x66,0x20,0x28,0x28,0x28,0x28,
    0x2a,0x28,0x70,0x5f,0x34,0x29,0x29,0x2e,0x78,0x20,0x2b,0x20,0x28,0x31,0x2e,0x37,
    0x33,0x32,0x30,0x35,0x30,0x37,0x37,0x36,0x34,0x38,0x31,0x36,0x32,0x38,0x34,0x31,
    0x37,0x39,0x37,0x66,0x20,0x2a,0x20,0x28,0x2a,0x28,0x70,0x5f,0x34,0x29,0x29,0x2e,
    0x79,0x29,0x29,0x20,0x3e,0x20,0x30,0x2e,0x30,0x66,0x29,0x29,0x20,0x7b,0x0a,0x20,
    0x20,0x20,0x20,0x2a,0x28,0x70,0x5f,0x34,0x29,0x20,0x3d,0x20,0x28,0x76,0x65,0x63,
    0x32,0x66,0x28,0x28,0x28,0x2a,0x28,0x70,0x5f,0x34,0x29,0x29,0x2e,0x78,0x20,0x2d,
    0x20,0x28,0x31,0x2e,0x37,0x33,0x32,0x30,0x35,0x30,0x37,0x37,0x36,0x34,0x38,0x31,
    0x36,0x32,0x38,0x34,0x31,0x37,0x39,0x37,0x66,0x20,0x2a,0x20,0x28,0x2a,0x28,0x70,
    0x5f,0x34,0x29,0x29,0x2e,0x79,0x29,0x29,0x2c,0x20,0x28,0x28,0x2d,0x31,0x2e,0x37,
    0x33,0x32,0x30,0x35,0x30,0x37,0x37,0x36,0x34,0x38,0x31,0x36,0x32,0x38,0x34,0x31,
    0x37,0x39,0x37,0x66,0x20,0x2a,0x20,0x28,0x2a,0x28,0x70,0x5f,0x34,0x29,0x29,0x2e,
    0x78,0x29,0x20,0x2d,0x20,0x28,0x2a,0x28,0x70,0x5f,0x34,0x29,0x29,0x2e,0x79,0x29,
    0x29,0x20,0x2f,0x20,0x76,0x65,0x63,0x32,0x66,0x28,0x32,0x2e,0x30,0x66,0x29,0x29,
    0x3b,0x0a,0x20,0x20,0x7d,0x0a,0x20,0x20,0x28,0x2a,0x28,0x70,0x5f,0x34,0x29,0x29,
    0x2e,0x78,0x20,0x3d,0x20,0x28,0x28,0x2a,0x28,0x70,0x5f,0x34,0x29,0x29,0x2e,0x78,
    0x20,0x2d,0x20,0x63,0x6c,0x61,0x6d,0x70,0x28,0x28,0x2a,0x28,0x70,0x5f,0x34,0x29,
    0x29,0x2e,0x78,0x2c,0x20,0x28,0x2d,0x32,0x2e,0x30,0x66,0x20,0x2a,0x20,0x2a,0x28,
    0x72,0x5f,0x31,0x29,0x29,0x2c,0x20,0x30,0x2e,0x30,0x66,0x29,0x29,0x3b,0x0a,0x20,
    0x20,0x6c,0x65,0x74,0x20,0x78,0x5f,0x31,0x38,0x34,0x20,0x3d,0x20,0x2a,0x28,0x70,
    0x5f,0x34,0x29,0x3b,0x0a,0x20,0x20,0x6c,0x65,0x74,0x20,0x78,0x5f,0x31,0x38,0x38,
    0x20,0x3d,0x20,0x28,0x2a,0x28,0x70,0x5f,0x34,0x29,0x29,0x2e,0x79,0x3b,0x0a,0x20,
    0x20,0x72,0x65,0x74,0x75,0x72,0x6e,0x20,0x28,0x2d,0x28,0x6c,0x65,0x6e,0x67,0x74,
    0x68,0x28,0x78,0x5f,0x31,0x38,0x34,0x29,0x29,0x20,0x2a,0x20,0x73,0x69,0x67,0x6e,
    0x28,0x78,0x5f,0x31,0x38,0x38,0x29,0x29,0x3b,0x0a,0x7d,0x0a,0x0a,0x63,0x6f,0x6e,
    0x73,0x74,0x20,0x78,0x5f,0x31,0x39,0x39,0x20,0x3d,0x20,0x76,0x65,0x63,0x32,0x66,
    0x28,0x30,0x2e,0x38,0x30,0x39,0x30,0x31,0x37,0x30,0x30,0x32,0x35,0x38,0x32,0x35,
    0x35,0x30,0x30,0x34,0x38,0x38,0x33,0x66,0x2c,0x20,0x2d,0x30,0x2e,0x35,0x38,0x37,
    0x37,0x38,0x35,0x32,0x34,0x33,0x39,0x38,0x38,0x30,0x33,0x37,0x31,0x30,0x39,0x33,
    0x38,0x66,0x29,0x3b,0x0a,0x0a,0x63,0x6f,0x6e,0x73,0x74,0x20,0x78,0x5f,0x32,0x30,
    0x38,0x20,0x3d,0x20,0x76,0x65,0x63,0x32,0x66,0x28,0x2d,0x30,0x2e,0x38,0x30,0x39,
    0x30,0x31,0x37,0x30,0x30,0x32,0x35,0x38,0x32,0x35,0x35,0x30,0x30,0x34,0x38,0x38,
    0x33,0x66,0x2c,0x20,0x2d,0x30,0x2e,0x35,0x38,0x37,0x37,0x38,0x35,0x32,0x34,0x33,
    0x39,0x38,0x38,0x30,0x33,0x37,0x31,0x30,0x39,0x33,0x38,0x66,0x29,0x3b,0x0a,0x0a,
    0x63,0x6f,0x6e,0x73,0x74,0x20,0x78,0x5f,0x32,0x32,0x38,0x20,0x3d,0x20,0x76,0x65,
    0x63,0x32,0x66,0x28,0x30,0x2e,0x33,0x30,0x39,0x30,0x31,0x37,0x30,0x30,0x32,0x35,
    0x38,0x32,0x35,0x35,0x30,0x30,0x34,0x38,0x38,0x33,0x66,0x2c,0x20,0x2d,0x30,0x2e,
    0x39,0x35,0x31,0x30,0x35,0x36,0x35,0x34,0x30,0x30,0x31,0x32,0x33,0x35,0x39,0x36,
    0x31,0x39,0x31,0x34,0x66,0x29,0x3b,0x0a,0x0a,0x66,0x6e,0x20,0x64,0x65,0x5f,0x70,
    0x65,0x6e,0x74,0x61,0x67,0x72,0x61,0x6d,0x5f,0x76,0x66,0x32,0x5f,0x66,0x31,0x5f,
    0x28,0x70,0x5f,0x35,0x20,0x3a,0x20,0x70,0x74,0x72,0x3c,0x66,0x75,0x6e,0x63,0x74,
    0x69,0x6f,0x6e,0x2c,0x20,0x76,0x65,0x63,0x32,0x66,0x3e,0x2c,0x20,0x72,0x5f,0x32,
    0x20,0x3a,0x20,0x70,0x74,0x72,0x3c,0x66,0x75,0x6e,0x63,0x74,0x69,0x6f,0x6e,0x2c,
    0x20,0x66,0x33,0x32,0x3e,0x29,0x20,0x2d,0x3e,0x20,0x66,0x33,0x32,0x20,0x7b,0x0a,
    0x20,0x20,0x28,0x2a,0x28,0x70,0x5f,0x35,0x29,0x29,0x2e,0x78,0x20,0x3d,0x20,0x61,
    0x62,0x73,0x28,0x28,0x2a,0x28,0x70,0x5f,0x35,0x29,0x29,0x2e,0x78,0x29,0x3b,0x0a,
    0x20,0x20,0x2a,0x28,0x70,0x5f,0x35,0x29,0x20,0x3d,0x20,0x28,0x2a,0x28,0x70,0x5f,
    0x35,0x29,0x20,0x2d,0x20,0x28,0x78,0x5f,0x31,0x39,0x39,0x20,0x2a,0x20,0x28,0x32,
    0x2e,0x30,0x66,0x20,0x2a,0x20,0x6d,0x61,0x78,0x28,0x64,0x6f,0x74,0x28,0x78,0x5f,
    0x31,0x39,0x39,0x2c,0x20,0x2a,0x28,0x70,0x5f,0x35,0x29,0x29,0x2c,0x20,0x30,0x2e,
    0x30,0x66,0x29,0x29,0x29,0x29,0x3b,0x0a,0x20,0x20,0x2a,0x28,0x70,0x5f,0x35,0x29,
    0x20,0x3d,0x20,0x28,0x2a,0x28,0x70,0x5f,0x35,0x29,0x20,0x2d,0x20,0x28,0x78,0x5f,
    0x32,0x30,0x38,0x20,0x2a,0x20,0x28,0x32,0x2e,0x30,0x66,0x20,0x2a,0x20,0x6d,0x61,
    0x78,0x28,0x64,0x6f,0x74,0x28,0x78,0x5f,0x32,0x30,0x38,0x2c,0x20,0x2a,0x28,0x70,
    0x5f,0x35,0x29,0x29,0x2c,0x20,0x30,0x2e,0x30,0x66,0x29,0x29,0x29,0x29,0x3b,0x0a,
    0x20,0x20,0x28,0x2a,0x28,0x70,0x5f,0x35,0x29,0x29,0x2e,0x78,0x20,0x3d,0x20,0x61,
    0x62,0x73,0x28,0x28,0x2a,0x28,0x70,0x5f,0x35,0x29,0x29,0x2e,0x78,0x29,0x3b,0x0a,
    0x20,0x20,0x28,0x2a,0x28,0x70,0x5f,0x35,0x29,0x29,0x2e,0x79,0x20,0x3d,0x20,0x28,
    0x28,0x2a,0x28,0x70,0x5f,0x35,0x29,0x29,0x2e,0x79,0x20,0x2d,0x20,0x2a,0x28,0x72,
    0x5f,0x32,0x29,0x29,0x3b,0x0a,0x20,0x20,0x6c,0x65,0x74,0x20,0x78,0x5f,0x32,0x32,
    0x35,0x20,0x3d,0x20,0x2a,0x28,0x70,0x5f,0x35,0x29,0x3b,0x0a,0x20,0x20,0x6c,0x65,
    0x74,0x20,0x78,0x5f,0x32,0x32,0x39,0x20,0x3d,0x20,0x2a,0x28,0x70,0x5f,0x35,0x29,
    0x3b,0x0a,0x20,0x20,0x6c,0x65,0x74,0x20,0x78,0x5f,0x32,0x33,0x32,0x20,0x3d,0x20,
    0x2a,0x28,0x72,0x5f,0x32,0x29,0x3b,0x0a,0x20,0x20,0x6c,0x65,0x74,0x20,0x78,0x5f,
    0x32,0x33,0x39,0x20,0x3d,0x20,0x28,0x2a,0x28,0x70,0x5f,0x35,0x29,0x29,0x2e,0x79,
    0x3b,0x0a,0x20,0x20,0x6c,0x65,0x74,0x20,0x78,0x5f,0x32,0x34,0x32,0x20,0x3d,0x20,
    0x28,0x2a,0x28,0x70,0x5f,0x35,0x29,0x29,0x2e,0x78,0x3b,0x0a,0x20,0x20,0x72,0x65,
    0x74,0x75,0x72,0x6e,0x20,0x28,0x6c,0x65,0x6e,0x67,0x74,0x68,0x28,0x28,0x78,0x5f,
    0x32,0x32,0x35,0x20,0x2d,0x20,0x28,0x78,0x5f,0x32,0x32,0x38,0x20,0x2a,0x20,0x63,
    0x6c,0x61,0x6d,0x70,0x28,0x64,0x6f,0x74,0x28,0x78,0x5f,0x32,0x32,0x39,0x2c,0x20,
    0x78,0x5f,0x32,0x32,0x38,0x29,0x2c,0x20,0x30,0x2e,0x30,0x66,0x2c,0x20,0x28,0x30,
    0x2e,0x37,0x32,0x36,0x35,0x34,0x32,0x35,0x33,0x32,0x34,0x34,0x34,0x30,0x30,0x30,
    0x32,0x34,0x34,0x31,0x34,0x66,0x20,0x2a,0x20,0x78,0x5f,0x32,0x33,0x32,0x29,0x29,
    0x29,0x29,0x29,0x20,0x2a,0x20,0x73,0x69,0x67,0x6e,0x28,0x28,0x28,0x78,0x5f,0x32,
    0x33,0x39,0x20,0x2a,0x20,0x30,0x2e,0x33,0x30,0x39,0x30,0x31,0x37,0x30,0x30,0x32,
    0x35,0x38,0x32,0x35,0x35,0x30,0x30,0x34,0x38,0x38,0x33,0x66,0x29,0x20,0x2d,0x20,
    0x28,0x78,0x5f,0x32,0x34,0x32,0x20,0x2a,0x20,0x2d,0x30,0x2e,0x39,0x35,0x31,0x30,
    0x35,0x36,0x35,0x34,0x30,0x30,0x31,0x32,0x33,0x35,0x39,0x36,0x31,0x39,0x31,0x34,
    0x66,0x29,0x29,0x29,0x29,0x3b,0x0a,0x7d,0x0a,0x0a,0x66,0x6e,0x20,0x64,0x65,0x5f,
    0x68,0x6f,0x72,0x73,0x65,0x73,0x68,0x6f,0x65,0x5f,0x76,0x66,0x32,0x5f,0x76,0x66,
    0x32,0x5f,0x66,0x31,0x5f,0x76,0x66,0x32,0x5f,0x28,0x70,0x5f,0x36,0x20,0x3a,0x20,
    0x70,0x74,0x72,0x3c,0x66,0x75,0x6e,0x63,0x74,0x69,0x6f,0x6e,0x2c,0x20,0x76,0x65,
    0x63,0x32,0x66,0x3e,0x2c,0x20,0x63,0x20,0x3a,0x20,0x70,0x74,0x72,0x3c,0x66,0x75,
    0x6e,0x63,0x74,0x69,0x6f,0x6e,0x2c,0x20,0x76,0x65,0x63,0x32,0x66,0x3e,0x2c,0x20,
    0x72,0x5f,0x33,0x20,0x3a,0x20,0x70,0x74,0x72,0x3c,0x66,0x75,0x6e,0x63,0x74,0x69,
    0x6f,0x6e,0x2c,0x20,0x66,0x33,0x32,0x3e,0x2c,0x20,0x77,0x20,0x3a,0x20,0x70,0x74,
    0x72,0x3c,0x66,0x75,0x6e,0x63,0x74,0x69,0x6f,0x6e,0x2c,0x20,0x76,0x65,0x63,0x32,
    0x66,0x3e,0x29,0x20,0x2d,0x3e,0x20,0x66,0x33,0x32,0x20,0x7b,0x0a,0x20,0x20,0x76,
    0x61,0x72,0x20,0x6c,0x20,0x3a,0x20,0x66,0x33,0x32,0x3b,0x0a,0x20,0x20,0x76,0x61,
    0x72,0x20,0x78,0x5f,0x32,0x38,0x30,0x20,0x3a,0x20,0x66,0x33,0x32,0x3b,0x0a,0x20,
    0x20,0x76,0x61,0x72,0x20,0x78,0x5f,0x32,0x39,0x36,0x20,0x3a,0x20,0x66,0x33,0x32,
    0x3b,0x0a,0x20,0x20,0x76,0x61,0x72,0x20,0x78,0x5f,0x32,0x37,0x38,0x20,0x3a,0x20,
    0x62,0x6f,0x6f,0x6c,0x3b,0x0a,0x20,0x20,0x76,0x61,0x72,0x20,0x78,0x5f,0x32,0x37,
    0x39,0x20,0x3a,0x20,0x62,0x6f,0x6f,0x6c,0x3b,0x0a,0x20,0x20,0x28,0x2a,0x28,0x70,
    0x5f,0x36,0x29,0x29,0x2e,0x78,0x20,0x3d,0x20,0x61,0x62,0x73,0x28,0x28,0x2a,0x28,
    0x70,0x5f,0x36,0x29,0x29,0x2e,0x78,0x29,0x3b,0x0a,0x20,0x20,0x6c,0x20,0x3d,0x20,
    0x6c,0x65,0x6e,0x67,0x74,0x68,0x28,0x2a,0x28,0x70,0x5f,0x36,0x29,0x29,0x3b,0x0a,
    0x20,0x20,0x2a,0x28,0x70,0x5f,0x36,0x29,0x20,0x3d,0x20,0x28,0x6d,0x61,0x74,0x32,
    0x78,0x32,0x66,0x28,0x76,0x65,0x63,0x32,0x66,0x28,0x2d,0x28,0x28,0x2a,0x28,0x63,
    0x29,0x29,0x2e,0x78,0x29,0x2c,0x20,0x28,0x2a,0x28,0x63,0x29,0x29,0x2e,0x79,0x29,
    0x2c,0x20,0x76,0x65,0x63,0x32,0x66,0x28,0x28,0x2a,0x28,0x63,0x29,0x29,0x2e,0x79,
    0x2c,0x20,0x28,0x2a,0x28,0x63,0x29,0x29,0x2e,0x78,0x29,0x29,0x20,0x2a,0x20,0x2a,
    0x28,0x70,0x5f,0x36,0x29,0x29,0x3b,0x0a,0x20,0x20,0x6c,0x65,0x74,0x20,0x78,0x5f,
    0x32,0x37,0x32,0x20,0x3d,0x20,0x28,0x28,0x2a,0x28,0x70,0x5f,0x36,0x29,0x29,0x2e,
    0x79,0x20,0x3e,0x20,0x30,0x2e,0x30,0x66,0x29,0x3b,0x0a,0x20,0x20,0x78,0x5f,0x32,
    0x37,0x39,0x20,0x3d,0x20,0x78,0x5f,0x32,0x37,0x32,0x3b,0x0a,0x20,0x20,0x69,0x66,
    0x20,0x28,0x21,0x28,0x78,0x5f,0x32,0x37,0x32,0x29,0x29,0x20,0x7b,0x0a,0x20,0x20,
    0x20,0x20,0x78,0x5f,0x32,0x37,0x38,0x20,0x3d,0x20,0x28,0x28,0x2a,0x28,0x70,0x5f,
    0x36,0x29,0x29,0x2e,0x78,0x20,0x3e,0x20,0x30,0x2e,0x30,0x66,0x29,0x3b,0x0a,0x20,
    0x20,0x20,0x20,0x78,0x5f,0x32,0x37,0x39,0x20,0x3d,0x20,0x78,0x5f,0x32,0x37,0x38,
    0x3b,0x0a,0x20,0x20,0x7d,0x0a,0x20,0x20,0x69,0x66,0x20,0x28,0x78,0x5f,0x32,0x37,
    0x39,0x29,0x20,0x7b,0x0a,0x20,0x20,0x20,0x20,0x78,0x5f,0x32,0x38,0x30,0x20,0x3d,
    0x20,0x28,0x2a,0x28,0x70,0x5f,0x36,0x29,0x29,0x2e,0x78,0x3b,0x0a,0x20,0x20,0x7d,
    0x20,0x65,0x6c,0x73,0x65,0x20,0x7b,0x0a,0x20,0x20,0x20,0x20,0x78,0x5f,0x32,0x38,
    0x30,0x20,0x3d,0x20,0x28,0x6c,0x20,0x2a,0x20,0x73,0x69,0x67,0x6e,0x28,0x2d,0x28,
    0x28,0x2a,0x28,0x63,0x29,0x29,0x2e,0x78,0x29,0x29,0x29,0x3b,0x0a,0x20,0x20,0x7d,
    0x0a,0x20,0x20,0x6c,0x65,0x74,0x20,0x78,0x5f,0x32,0x39,0x32,0x20,0x3d,0x20,0x78,
    0x5f,0x32,0x38,0x30,0x3b,0x0a,0x20,0x20,0x69,0x66,0x20,0x28,0x28,0x28,0x2a,0x28,
    0x70,0x5f,0x36,0x29,0x29,0x2e,0x78,0x20,0x3e,0x20,0x30,0x2e,0x30,0x66,0x29,0x29,
    0x20,0x7b,0x0a,0x20,0x20,0x20,0x20,0x78,0x5f,0x32,0x39,0x36,0x20,0x3d,0x20,0x28,
    0x2a,0x28,0x70,0x5f,0x36,0x29,0x29,0x2e,0x79,0x3b,0x0a,0x20,0x20,0x7d,0x20,0x65,
    0x6c,0x73,0x65,0x20,0x7b,0x0a,0x20,0x20,0x20,0x20,0x78,0x5f,0x32,0x39,0x36,0x20,
    0x3d,0x20,0x6c,0x3b,0x0a,0x20,0x20,0x7d,0x0a,0x20,0x20,0x2a,0x28,0x70,0x5f,0x36,
    0x29,0x20,0x3d,0x20,0x76,0x65,0x63,0x32,0x66,0x28,0x78,0x5f,0x32,0x39,0x32,0x2c,
    0x20,0x78,0x5f,0x32,0x39,0x36,0x29,0x3b,0x0a,0x20,0x20,0x2a,0x28,0x70,0x5f,0x36,
    0x29,0x20,0x3d,0x20,0x28,0x76,0x65,0x63,0x32,0x66,0x28,0x28,0x2a,0x28,0x70,0x5f,
    0x36,0x29,0x29,0x2e,0x78,0x2c,0x20,0x61,0x62,0x73,0x28,0x28,0x28,0x2a,0x28,0x70,
    0x5f,0x36,0x29,0x29,0x2e,0x79,0x20,0x2d,0x20,0x2a,0x28,0x72,0x5f,0x33,0x29,0x29,
    0x29,0x29,0x20,0x2d,0x20,0x2a,0x28,0x77,0x29,0x29,0x3b,0x0a,0x20,0x20,0x6c,0x65,
    0x74,0x20,0x78,0x5f,0x33,0x31,0x35,0x20,0x3d,0x20,0x2a,0x28,0x70,0x5f,0x36,0x29,
    0x3b,0x0a,0x20,0x20,0x6c,0x65,0x74,0x20,0x78,0x5f,0x33,0x32,0x30,0x20,0x3d,0x20,
    0x28,0x2a,0x28,0x70,0x5f,0x36,0x29,0x29,0x2e,0x78,0x3b,0x0a,0x20,0x20,0x6c,0x65,
    0x74,0x20,0x78,0x5f,0x33,0x32,0x32,0x20,0x3d,0x20,0x28,0x2a,0x28,0x70,0x5f,0x36,
    0x29,0x29,0x2e,0x79,0x3b,0x0a,0x20,0x20,0x72,0x65,0x74,0x75,0x72,0x6e,0x20,0x28,
    0x6c,0x65,0x6e,0x67,0x74,0x68,0x28,0x6d,0x61,0x78,0x28,0x78,0x5f,0x33,0x31,0x35,
    0x2c,0x20,0x76,0x65,0x63,0x32,0x66,0x28,0x30,0x2e,0x30,0x66,0x29,0x29,0x29,0x20,
    0x2b,0x20,0x6d,0x69,0x6e,0x28,0x30,0x2e,0x30,0x66,0x2c,0x20,0x6d,0x61,0x78,0x28,
    0x78,0x5f,0x33,0x32,0x30,0x2c,0x20,0x78,0x5f,0x33,0x32,0x32,0x29,0x29,0x29,0x3b,
    0x0a,0x7d,0x0a,0x0a,0x66,0x6e,0x20,0x73,0x64,0x66,0x5f,0x67,0x65,0x74,0x5f,0x73,
    0x68,0x61,0x70,0x65,0x5f,0x64,0x69,0x73,0x74,0x5f,0x76,0x66,0x32,0x5f,0x73,0x74,
    0x72,0x75,0x63,0x74,0x5f,0x73,0x64,0x66,0x5f,0x73,0x68,0x61,0x70,0x65,0x5f,0x76,
    0x66,0x32,0x5f,0x66,0x31,0x5f,0x69,0x31,0x5f,0x76,0x66,0x32,0x5f,0x69,0x31,0x5f,
    0x69,0x31,0x31,0x5f,0x28,0x70,0x5f,0x37,0x20,0x3a,0x20,0x70,0x74,0x72,0x3c,0x66,
    0x75,0x6e,0x63,0x74,0x69,0x6f,0x6e,0x2c,0x20,0x76,0x65,0x63,0x32,0x66,0x3e,0x2c,
    0x20,0x73,0x68,0x61,0x70,0x65,0x20,0x3a,0x20,0x70,0x74,0x72,0x3c,0x66,0x75,0x6e,
    0x63,0x74,0x69,0x6f,0x6e,0x2c,0x20,0x73,0x64,0x66,0x5f,0x73,0x68,0x61,0x70,0x65,
    0x3e,0x29,0x20,0x2d,0x3e,0x20,0x66,0x33,0x32,0x20,0x7b,0x0a,0x20,0x20,0x76,0x61,
    0x72,0x20,0x70,0x61,0x72,0x61,0x6d,0x5f,0x32,0x20,0x3a,0x20,0x76,0x65,0x63,0x32,
    0x66,0x3b,0x0a,0x20,0x20,0x76,0x61,0x72,0x20,0x70,0x61,0x72,0x61,0x6d,0x5f,0x33,
    0x20,0x3a,0x20,0x76,0x65,0x63,0x32,0x66,0x3b,0x0a,0x20,0x20,0x76,0x61,0x72,0x20,
    0x70,0x61,0x72,0x61,0x6d,0x5f,0x34,0x20,0x3a,0x20,0x66,0x33,0x32,0x3b,0x0a,0x20,
    0x20,0x76,0x61,0x72,0x20,0x64,0x5f,0x32,0x20,0x3a,0x20,0x66,0x33,0x32,0x3b,0x0a,
    0x20,0x20,0x76,0x61,0x72,0x20,0x70,0x61,0x72,0x61,0x6d,0x5f,0x35,0x20,0x3a,0x20,
    0x76,0x65,0x63,0x32,0x66,0x3b,0x0a,0x20,0x20,0x76,0x61,0x72,0x20,0x70,0x61,0x72,
    0x61,0x6d,0x5f,0x36,0x20,0x3a,0x20,0x66,0x33,0x32,0x3b,0x0a,0x20,0x20,0x76,0x61,
    0x72,0x20,0x70,0x61,0x72,0x61,0x6d,0x5f,0x37,0x20,0x3a,0x20,0x76,0x65,0x63,0x32,
    0x66,0x3b,0x0a,0x20,0x20,0x76,0x61,0x72,0x20,0x70,0x61,0x72,0x61,0x6d,0x5f,0x38,
    0x20,0x3a,0x20,0x76,0x65,0x63,0x32,0x66,0x3b,0x0a,0x20,0x20,0x76,0x61,0x72,0x20,
    0x70,0x61,0x72,0x61,0x6d,0x5f,0x39,0x20,0x3a,0x20,0x76,0x65,0x63,0x32,0x66,0x3b,
    0x0a,0x20,0x20,0x76,0x61,0x72,0x20,0x70,0x61,0x72,0x61,0x6d,0x5f,0x31,0x30,0x20,
    0x3a,0x20,0x66,0x33,0x32,0x3b,0x0a,0x20,0x20,0x76,0x61,0x72,0x20,0x70,0x61,0x72,
    0x61,0x6d,0x5f,0x31,0x31,0x20,0x3a,0x20,0x76,0x65,0x63,0x32,0x66,0x3b,0x0a,0x20,
    0x20,0x76,0x61,0x72,0x20,0x70,0x61,0x72,0x61,0x6d,0x5f,0x31,0x32,0x20,0x3a,0x20,
    0x66,0x33,0x32,0x3b,0x0a,0x20,0x20,0x76,0x61,0x72,0x20,0x70,0x61,0x72,0x61,0x6d,
    0x5f,0x31,0x33,0x20,0x3a,0x20,0x76,0x65,0x63,0x32,0x66,0x3b,0x0a,0x20,0x20,0x76,
    0x61,0x72,0x20,0x70,0x61,0x72,0x61,0x6d,0x5f,0x31,0x34,0x20,0x3a,0x20,0x76,0x65,
    0x63,0x32,0x66,0x3b,0x0a,0x20,0x20,0x76,0x61,0x72,0x20,0x70,0x61,0x72,0x61,0x6d,
    0x5f,0x31,0x35,0x20,0x3a,0x20,0x66,0x33,0x32,0x3b,0x0a,0x20,0x20,0x76,0x61,0x72,
    0x20,0x70,0x61,0x72,0x61,0x6d,0x5f,0x31,0x36,0x20,0x3a,0x20,0x76,0x65,0x63,0x32,
    0x66,0x3b,0x0a,0x20,0x20,0x70,0x61,0x72,0x61,0x6d,0x5f,0x32,0x20,0x3d,0x20,0x2a,
    0x28,0x70,0x5f,0x37,0x29,0x3b,0x0a,0x20,0x20,0x70,0x61,0x72,0x61,0x6d,0x5f,0x33,
    0x20,0x3d,0x20,0x28,0x2a,0x28,0x73,0x68,0x61,0x70,0x65,0x29,0x29,0x2e,0x70,0x6f,
    0x73,0x69,0x74,0x69,0x6f,0x6e,0x3b,0x0a,0x20,0x20,0x70,0x61,0x72,0x61,0x6d,0x5f,
    0x34,0x20,0x3d,0x20,0x28,0x2a,0x28,0x73,0x68,0x61,0x70,0x65,0x29,0x29,0x2e,0x61,
    0x6e,0x67,0x6c,0x65,0x3b,0x0a,0x20,0x20,0x6c,0x65,0x74,0x20,0x78,0x5f,0x33,0x33,
    0x38,0x20,0x3d,0x20,0x73,0x64,0x66,0x5f,0x74,0x72,0x61,0x6e,0x73,0x66,0x6f,0x72,
    0x6d,0x5f,0x76,0x66,0x32,0x5f,0x76,0x66,0x32,0x5f,0x66,0x31,0x5f,0x28,0x26,0x28,
    0x70,0x61,0x72,0x61,0x6d,0x5f,0x32,0x29,0x2c,0x20,0x26,0x28,0x70,0x61,0x72,0x61,
    0x6d,0x5f,0x33,0x29,0x2c,0x20,0x26,0x28,0x70,0x61,0x72,0x61,0x6d,0x5f,0x34,0x29,
    0x29,0x3b,0x0a,0x20,0x20,0x2a,0x28,0x70,0x5f,0x37,0x29,0x20,0x3d,0x20,0x78,0x5f,
    0x33,0x33,0x38,0x3b,0x0a,0x20,0x20,0x64,0x5f,0x32,0x20,0x3d,0x20,0x32,0x35,0x36,
    0x2e,0x30,0x66,0x3b,0x0a,0x20,0x20,0x6c,0x65,0x74,0x20,0x78,0x5f,0x33,0x34,0x33,
    0x20,0x3d,0x20,0x28,0x2a,0x28,0x73,0x68,0x61,0x70,0x65,0x29,0x29,0x2e,0x73,0x68,
    0x61,0x70,0x65,0x5f,0x74,0x79,0x70,0x65,0x3b,0x0a,0x20,0x20,0x73,0x77,0x69,0x74,
    0x63,0x68,0x28,0x78,0x5f,0x33,0x34,0x33,0x29,0x20,0x7b,0x0a,0x20,0x20,0x20,0x20,
    0x63,0x61,0x73,0x65,0x20,0x35,0x69,0x3a,0x20,0x7b,0x0a,0x20,0x20,0x20,0x20,0x20,
    0x20,0x70,0x61,0x72,0x61,0x6d,0x5f,0x31,0x33,0x20,0x3d,0x20,0x2a,0x28,0x70,0x5f,
    0x37,0x29,0x3b,0x0a,0x20,0x20,0x20,0x20,0x20,0x20,0x70,0x61,0x72,0x61,0x6d,0x5f,
    0x31,0x34,0x20,0x3d,0x20,0x76,0x65,0x63,0x32,0x66,0x28,0x30,0x2e,0x31,0x39,0x38,
    0x36,0x36,0x39,0x33,0x32,0x39,0x32,0x38,0x35,0x36,0x32,0x31,0x36,0x34,0x33,0x30,
    0x37,0x66,0x2c,0x20,0x30,0x2e,0x39,0x38,0x30,0x30,0x36,0x36,0x35,0x39,0x37,0x34,
    0x36,0x31,0x37,0x30,0x30,0x34,0x33,0x39,0x34,0x35,0x66,0x29,0x3b,0x0a,0x20,0x20,
    0x20,0x20,0x20,0x20,0x70,0x61,0x72,0x61,0x6d,0x5f,0x31,0x35,0x20,0x3d,0x20,0x30,
    0x2e,0x35,0x66,0x3b,0x0a,0x20,0x20,0x20,0x20,0x20,0x20,0x70,0x61,0x72,0x61,0x6d,
    0x5f,0x31,0x36,0x20,0x3d,0x20,0x76,0x65,0x63,0x32,0x66,0x28,0x30,0x2e,0x33,0x30,
    0x30,0x30,0x30,0x30,0x30,0x31,0x31,0x39,0x32,0x30,0x39,0x32,0x38,0x39,0x35,0x35,
    0x30,0x38,0x66,0x2c,0x20,0x30,0x2e,0x31,0x30,0x30,0x30,0x30,0x30,0x30,0x30,0x31,
    0x34,0x39,0x30,0x31,0x31,0x36,0x31,0x31,0x39,0x33,0x38,0x66,0x29,0x3b,0x0a,0x20,
    0x20,0x20,0x20,0x20,0x20,0x6c,0x65,0x74,0x20,0x78,0x5f,0x33,0x39,0x32,0x20,0x3d,
    0x20,0x64,0x65,0x5f,0x68,0x6f,0x72,0x73,0x65,0x73,0x68,0x6f,0x65,0x5f,0x76,0x66,
    0x32,0x5f,0x76,0x66,0x32,0x5f,0x66,0x31,0x5f,0x76,0x66,0x32,0x5f,0x28,0x26,0x28,
    0x70,0x61,0x72,0x61,0x6d,0x5f,0x31,0x33,0x29,0x2c,0x20,0x26,0x28,0x70,0x61,0x72,
    0x61,0x6d,0x5f,0x31,0x34,0x29,0x2c,0x20,0x26,0x28,0x70,0x61,0x72,0x61,0x6d,0x5f,
    0x31,0x35,0x29,0x2c,0x20,0x26,0x28,0x70,0x61,0x72,0x61,0x6d,0x5f,0x31,0x36,0x29,
    0x29,0x3b,0x0a,0x20,0x20,0x20,0x20,0x20,0x20,0x64,0x5f,0x32,0x20,0x3d,0x20,0x78,
    0x5f,0x33,0x39,0x32,0x3b,0x0a,0x20,0x20,0x20,0x20,0x7d,0x0a,0x20,0x20,0x20,0x20,
    0x63,0x61,0x73,0x65,0x20,0x34,0x69,0x3a,0x20,0x7b,0x0a,0x20,0x20,0x20,0x20,0x20,
    0x20,0x70,0x61,0x72,0x61,0x6d,0x5f,0x31,0x31,0x20,0x3d,0x20,0x2a,0x28,0x70,0x5f,
    0x37,0x29,0x3b,0x0a,0x20,0x20,0x20,0x20,0x20,0x20,0x70,0x61,0x72,0x61,0x6d,0x5f,
    0x31,0x32,0x20,0x3d,0x20,0x28,0x2a,0x28,0x73,0x68,0x61,0x70,0x65,0x29,0x29,0x2e,
    0x73,0x69,0x7a,0x65,0x2e,0x78,0x3b,0x0a,0x20,0x20,0x20,0x20,0x20,0x20,0x6c,0x65,
    0x74,0x20,0x78,0x5f,0x33,0x37,0x38,0x20,0x3d,0x20,0x64,0x65,0x5f,0x70,0x65,0x6e,
    0x74,0x61,0x67,0x72,0x61,0x6d,0x5f,0x76,0x66,0x32,0x5f,0x66,0x31,0x5f,0x28,0x26,
    0x28,0x70,0x61,0x72,0x61,0x6d,0x5f,0x31,0x31,0x29,0x2c,0x20,0x26,0x28,0x70,0x61,
    0x72,0x61,0x6d,0x5f,0x31,0x32,0x29,0x29,0x3b,0x0a,0x20,0x20,0x20,0x20,0x20,0x20,
    0x64,0x5f,0x32,0x20,0x3d,0x20,0x78,0x5f,0x33,0x37,0x38,0x3b,0x0a,0x20,0x20,0x20,
    0x20,0x7d,0x0a,0x20,0x20,0x20,0x20,0x63,0x61,0x73,0x65,0x20,0x33,0x69,0x3a,0x20,
    0x7b,0x0a,0x20,0x20,0x20,0x20,0x20,0x20,0x70,0x61,0x72,0x61,0x6d,0x5f,0x39,0x20,
    0x3d,0x20,0x2a,0x28,0x70,0x5f,0x37,0x29,0x3b,0x0a,0x20,0x20,0x20,0x20,0x20,0x20,
    0x70,0x61,0x72,0x61,0x6d,0x5f,0x31,0x30,0x20,0x3d,0x20,0x28,0x2a,0x28,0x73,0x68,
    0x61,0x70,0x65,0x29,0x29,0x2e,0x73,0x69,0x7a,0x65,0x2e,0x78,0x3b,0x0a,0x20,0x20,
    0x20,0x20,0x20,0x20,0x6c,0x65,0x74,0x20,0x78,0x5f,0x33,0x37,0x31,0x20,0x3d,0x20,
    0x64,0x65,0x5f,0x65,0x71,0x5f,0x74,0x72,0x69,0x61,0x6e,0x67,0x6c,0x65,0x5f,0x76,
    0x66,0x32,0x5f,0x66,0x31,0x5f,0x28,0x26,0x28,0x70,0x61,0x72,0x61,0x6d,0x5f,0x39,
    0x29,0x2c,0x20,0x26,0x28,0x70,0x61,0x72,0x61,0x6d,0x5f,0x31,0x30,0x29,0x29,0x3b,
    0x0a,0x20,0x20,0x20,0x20,0x20,0x20,0x64,0x5f,0x32,0x20,0x3d,0x20,0x78,0x5f,0x33,
    0x37,0x31,0x3b,0x0a,0x20,0x20,0x20,0x20,0x7d,0x0a,0x20,0x20,0x20,0x20,0x63,0x61,
    0x73,0x65,0x20,0x32,0x69,0x3a,0x20,0x7b,0x0a,0x20,0x20,0x20,0x20,0x20,0x20,0x70,
    0x61,0x72,0x61,0x6d,0x5f,0x37,0x20,0x3d,0x20,0x2a,0x28,0x70,0x5f,0x37,0x29,0x3b,
    0x0a,0x20,0x20,0x20,0x20,0x20,0x20,0x70,0x61,0x72,0x61,0x6d,0x5f,0x38,0x20,0x3d,
    0x20,0x28,0x2a,0x28,0x73,0x68,0x61,0x70,0x65,0x29,0x29,0x2e,0x73,0x69,0x7a,0x65,
    0x3b,0x0a,0x20,0x20,0x20,0x20,0x20,0x20,0x6c,0x65,0x74,0x20,0x78,0x5f,0x33,0x36,
    0x34,0x20,0x3d,0x20,0x64,0x65,0x5f,0x62,0x6f,0x78,0x5f,0x76,0x66,0x32,0x5f,0x76,
    0x66,0x32,0x5f,0x28,0x26,0x28,0x70,0x61,0x72,0x61,0x6d,0x5f,0x37,0x29,0x2c,0x20,
    0x26,0x28,0x70,0x61,0x72,0x61,0x6d,0x5f,0x38,0x29,0x29,0x3b,0x0a,0x20,0x20,0x20,
    0x20,0x20,0x20,0x64,0x5f,0x32,0x20,0x3d,0x20,0x78,0x5f,0x33,0x36,0x34,0x3b,0x0a,
    0x20,0x20,0x20,0x20,0x7d,0x0a,0x20,0x20,0x20,0x20,0x63,0x61,0x73,0x65,0x20,0x31,
    0x69,0x3a,0x20,0x7b,0x0a,0x20,0x20,0x20,0x20,0x20,0x20,0x70,0x61,0x72,0x61,0x6d,
    0x5f,0x35,0x20,0x3d,0x20,0x2a,0x28,0x70,0x5f,0x37,0x29,0x3b,0x0a,0x20,0x20,0x20,
    0x20,0x20,0x20,0x70,0x61,0x72,0x61,0x6d,0x5f,0x36,0x20,0x3d,0x20,0x28,0x2a,0x28,
    0x73,0x68,0x61,0x70,0x65,0x29,0x29,0x2e,0x73,0x69,0x7a,0x65,0x2e,0x78,0x3b,0x0a,
    0x20,0x20,0x20,0x20,0x20,0x20,0x6c,0x65,0x74,0x20,0x78,0x5f,0x33,0x35,0x37,0x20,
    0x3d,0x20,0x64,0x65,0x5f,0x63,0x69,0x72,0x63,0x6c,0x65,0x5f,0x76,0x66,0x32,0x5f,
    0x66,0x31,0x5f,0x28,0x26,0x28,0x70,0x61,0x72,0x61,0x6d,0x5f,0x35,0x29,0x2c,0x20,
    0x26,0x28,0x70,0x61,0x72,0x61,0x6d,0x5f,0x36,0x29,0x29,0x3b,0x0a,0x20,0x20,0x20,
    0x20,0x20,0x20,0x64,0x5f,0x32,0x20,0x3d,0x20,0x78,0x5f,0x33,0x35,0x37,0x3b,0x0a,
    0x20,0x20,0x20,0x20,0x7d,0x0a,0x20,0x20,0x20,0x20,0x63,0x61,0x73,0x65,0x20,0x30,
    0x69,0x3a,0x20,0x7b,0x0a,0x20,0x20,0x20,0x20,0x7d,0x0a,0x20,0x20,0x20,0x20,0x64,
    0x65,0x66,0x61,0x75,0x6c,0x74,0x3a,0x20,0x7b,0x0a,0x20,0x20,0x20,0x20,0x7d,0x0a,
    0x20,0x20,0x7d,0x0a,0x20,0x20,0x6c,0x65,0x74,0x20,0x78,0x5f,0x33,0x39,0x35,0x20,
    0x3d,0x20,0x64,0x5f,0x32,0x3b,0x0a,0x20,0x20,0x72,0x65,0x74,0x75,0x72,0x6e,0x20,
    0x78,0x5f,0x33,0x39,0x35,0x3b,0x0a,0x7d,0x0a,0x0a,0x66,0x6e,0x20,0x64,0x65,0x5f,
    0x73,0x63,0x65,0x6e,0x65,0x5f,0x76,0x66,0x32,0x5f,0x28,0x70,0x5f,0x38,0x20,0x3a,
    0x20,0x70,0x74,0x72,0x3c,0x66,0x75,0x6e,0x63,0x74,0x69,0x6f,0x6e,0x2c,0x20,0x76,
    0x65,0x63,0x32,0x66,0x3e,0x29,0x20,0x2d,0x3e,0x20,0x66,0x33,0x32,0x20,0x7b,0x0a,
    0x20,0x20,0x76,0x61,0x72,0x20,0x64,0x5f,0x33,0x20,0x3a,0x20,0x66,0x33,0x32,0x3b,
    0x0a,0x20,0x20,0x76,0x61,0x72,0x20,0x69,0x20,0x3a,0x20,0x69,0x33,0x32,0x3b,0x0a,
    0x20,0x20,0x76,0x61,0x72,0x20,0x73,0x68,0x61,0x70,0x65,0x5f,0x31,0x20,0x3a,0x20,
    0x73,0x64,0x66,0x5f,0x73,0x68,0x61,0x70,0x65,0x3b,0x0a,0x20,0x20,0x76,0x61,0x72,
    0x20,0x64,0x5f,0x73,0x68,0x61,0x70,0x65,0x20,0x3a,0x20,0x66,0x33,0x32,0x3b,0x0a,
    0x20,0x20,0x76,0x61,0x72,0x20,0x70,0x61,0x72,0x61,0x6d,0x5f,0x31,0x37,0x20,0x3a,
    0x20,0x76,0x65,0x63,0x32,0x66,0x3b,0x0a,0x20,0x20,0x76,0x61,0x72,0x20,0x70,0x61,
    0x72,0x61,0x6d,0x5f,0x31,0x38,0x20,0x3a,0x20,0x73,0x64,0x66,0x5f,0x73,0x68,0x61,
    0x70,0x65,0x3b,0x0a,0x20,0x20,0x76,0x61,0x72,0x20,0x64,0x5f,0x64,0x65,0x63,0x6f,
    0x6d,0x70,0x6f,0x73,0x65,0x64,0x20,0x3a,0x20,0x66,0x33,0x32,0x3b,0x0a,0x20,0x20,
    0x76,0x61,0x72,0x20,0x69,0x5f,0x31,0x20,0x3a,0x20,0x69,0x33,0x32,0x3b,0x0a,0x20,
    0x20,0x76,0x61,0x72,0x20,0x73,0x68,0x61,0x70,0x65,0x5f,0x32,0x20,0x3a,0x20,0x73,
    0x64,0x66,0x5f,0x73,0x68,0x61,0x70,0x65,0x3b,0x0a,0x20,0x20,0x76,0x61,0x72,0x20,
    0x64,0x5f,0x73,0x68,0x61,0x70,0x65,0x5f,0x31,0x20,0x3a,0x20,0x66,0x33,0x32,0x3b,
    0x0a,0x20,0x20,0x76,0x61,0x72,0x20,0x70,0x61,0x72,0x61,0x6d,0x5f,0x31,0x39,0x20,
    0x3a,0x20,0x76,0x65,0x63,0x32,0x66,0x3b,0x0a,0x20,0x20,0x76,0x61,0x72,0x20,0x70,
    0x61,0x72,0x61,0x6d,0x5f,0x32,0x30,0x20,0x3a,0x20,0x73,0x64,0x66,0x5f,0x73,0x68,
    0x61,0x70,0x65,0x3b,0x0a,0x20,0x20,0x64,0x5f,0x33,0x20,0x3d,0x20,0x32,0x35,0x36,
    0x2e,0x30,0x66,0x3b,0x0a,0x20,0x20,0x69,0x20,0x3d,0x20,0x30,0x69,0x3b,0x0a,0x20,
    0x20,0x6c,0x6f,0x6f,0x70,0x20,0x7b,0x0a,0x20,0x20,0x20,0x20,0x69,0x66,0x20,0x28,
    0x28,0x69,0x20,0x3c,0x20,0x78,0x5f,0x38,0x38,0x2e,0x6f,0x72,0x69,0x67,0x69,0x6e,
    0x61,0x6c,0x5f,0x73,0x64,0x66,0x5f,0x63,0x6f,0x75,0x6e,0x74,0x29,0x29,0x20,0x7b,
    0x0a,0x20,0x20,0x20,0x20,0x7d,0x20,0x65,0x6c,0x73,0x65,0x20,0x7b,0x0a,0x20,0x20,
    0x20,0x20,0x20,0x20,0x62,0x72,0x65,0x61,0x6b,0x3b,0x0a,0x20,0x20,0x20,0x20,0x7d,
    0x0a,0x20,0x20,0x20,0x20,0x6c,0x65,0x74,0x20,0x78,0x5f,0x34,0x31,0x39,0x20,0x3d,
    0x20,0x78,0x5f,0x34,0x31,0x35,0x2e,0x6f,0x72,0x69,0x67,0x69,0x6e,0x61,0x6c,0x5f,
    0x73,0x64,0x66,0x5f,0x73,0x68,0x61,0x70,0x65,0x73,0x5b,0x69,0x5d,0x3b,0x0a,0x20,
    0x20,0x20,0x20,0x73,0x68,0x61,0x70,0x65,0x5f,0x31,0x2e,0x70,0x6f,0x73,0x69,0x74,
    0x69,0x6f,0x6e,0x20,0x3d,0x20,0x78,0x5f,0x34,0x31,0x39,0x2e,0x70,0x6f,0x73,0x69,
    0x74,0x69,0x6f,0x6e,0x3b,0x0a,0x20,0x20,0x20,0x20,0x73,0x68,0x61,0x70,0x65,0x5f,
    0x31,0x2e,0x61,0x6e,0x67,0x6c,0x65,0x20,0x3d,0x20,0x78,0x5f,0x34,0x31,0x39,0x2e,
    0x61,0x6e,0x67,0x6c,0x65,0x3b,0x0a,0x20,0x20,0x20,0x20,0x73,0x68,0x61,0x70,0x65,
    0x5f,0x31,0x2e,0x73,0x68,0x61,0x70,0x65,0x5f,0x74,0x79,0x70,0x65,0x20,0x3d,0x20,
    0x78,0x5f,0x34,0x31,0x39,0x2e,0x73,0x68,0x61,0x70,0x65,0x5f,0x74,0x79,0x70,0x65,
    0x3b,0x0a,0x20,0x20,0x20,0x20,0x73,0x68,0x61,0x70,0x65,0x5f,0x31,0x2e,0x73,0x69,
    0x7a,0x65,0x20,0x3d,0x20,0x78,0x5f,0x34,0x31,0x39,0x2e,0x73,0x69,0x7a,0x65,0x3b,
    0x0a,0x20,0x20,0x20,0x20,0x73,0x68,0x61,0x70,0x65,0x5f,0x31,0x2e,0x78,0x5f,0x70,
    0x61,0x64,0x30,0x20,0x3d,0x20,0x78,0x5f,0x34,0x31,0x39,0x2e,0x78,0x5f,0x70,0x61,
    0x64,0x30,0x3b,0x0a,0x20,0x20,0x20,0x20,0x73,0x68,0x61,0x70,0x65,0x5f,0x31,0x2e,
    0x78,0x5f,0x70,0x61,0x64,0x31,0x20,0x3d,0x20,0x78,0x5f,0x34,0x31,0x39,0x2e,0x78,
    0x5f,0x70,0x61,0x64,0x31,0x3b,0x0a,0x20,0x20,0x20,0x20,0x70,0x61,0x72,0x61,0x6d,
    0x5f,0x31,0x37,0x20,0x3d,0x20,0x2a,0x28,0x70,0x5f,0x38,0x29,0x3b,0x0a,0x20,0x20,
    0x20,0x20,0x70,0x61,0x72,0x61,0x6d,0x5f,0x31,0x38,0x20,0x3d,0x20,0x73,0x68,0x61,
    0x70,0x65,0x5f,0x31,0x3b,0x0a,0x20,0x20,0x20,0x20,0x6c,0x65,0x74,0x20,0x78,0x5f,
    0x34,0x33,0x39,0x20,0x3d,0x20,0x73,0x64,0x66,0x5f,0x67,0x65,0x74,0x5f,0x73,0x68,
    0x61,0x70,0x65,0x5f,0x64,0x69,0x73,0x74,0x5f,0x76,0x66,0x32,0x5f,0x73,0x74,0x72,
    0x75,0x63,0x74,0x5f,0x73,0x64,0x66,0x5f,0x73,0x68,0x61,0x70,0x65,0x5f,0x76,0x66,
    0x32,0x5f,0x66,0x31,0x5f,0x69,0x31,0x5f,0x76,0x66,0x32,0x5f,0x69,0x31,0x5f,0x69,
    0x31,0x31,0x5f,0x28,0x26,0x28,0x70,0x61,0x72,0x61,0x6d,0x5f,0x31,0x37,0x29,0x2c,
    0x20,0x26,0x28,0x70,0x61,0x72,0x61,0x6d,0x5f,0x31,0x38,0x29,0x29,0x3b,0x0a,0x20,
    0x20,0x20,0x20,0x64,0x5f,0x73,0x68,0x61,0x70,0x65,0x20,0x3d,0x20,0x78,0x5f,0x34,
    0x33,0x39,0x3b,0x0a,0x20,0x20,0x20,0x20,0x64,0x5f,0x33,0x20,0x3d,0x20,0x6d,0x69,
    0x6e,0x28,0x64,0x5f,0x33,0x2c,0x20,0x64,0x5f,0x73,0x68,0x61,0x70,0x65,0x29,0x3b,
    0x0a,0x0a,0x20,0x20,0x20,0x20,0x63,0x6f,0x6e,0x74,0x69,0x6e,0x75,0x69,0x6e,0x67,
    0x20,0x7b,0x0a,0x20,0x20,0x20,0x20,0x20,0x20,0x69,0x20,0x3d,0x20,0x28,0x69,0x20,
    0x2b,0x20,0x31,0x69,0x29,0x3b,0x0a,0x20,0x20,0x20,0x20,0x7d,0x0a,0x20,0x20,0x7d,
    0x0a,0x20,0x20,0x64,0x5f,0x64,0x65,0x63,0x6f,0x6d,0x70,0x6f,0x73,0x65,0x64,0x20,
    0x3d,0x20,0x32,0x35,0x36,0x2e,0x30,0x66,0x3b,0x0a,0x20,0x20,0x69,0x5f,0x31,0x20,
    0x3d,0x20,0x30,0x69,0x3b,0x0a,0x20,0x20,0x6c,0x6f,0x6f,0x70,0x20,0x7b,0x0a,0x20,
    0x20,0x20,0x20,0x69,0x66,0x20,0x28,0x28,0x69,0x5f,0x31,0x20,0x3c,0x20,0x78,0x5f,
    0x38,0x38,0x2e,0x64,0x65,0x63,0x6f,0x6d,0x70,0x6f,0x73,0x65,0x64,0x5f,0x73,0x64,
    0x66,0x5f,0x63,0x6f,0x75,0x6e,0x74,0x29,0x29,0x20,0x7b,0x0a,0x20,0x20,0x20,0x20,
    0x7d,0x20,0x65,0x6c,0x73,0x65,0x20,0x7b,0x0a,0x20,0x20,0x20,0x20,0x20,0x20,0x62,
    0x72,0x65,0x61,0x6b,0x3b,0x0a,0x20,0x20,0x20,0x20,0x7d,0x0a,0x20,0x20,0x20,0x20,
    0x6c,0x65,0x74,0x20,0x78,0x5f,0x34,0x36,0x33,0x20,0x3d,0x20,0x78,0x5f,0x34,0x36,
    0x30,0x2e,0x64,0x65,0x63,0x6f,0x6d,0x70,0x6f,0x73,0x65,0x64,0x5f,0x73,0x64,0x66,
    0x5f,0x73,0x68,0x61,0x70,0x65,0x73,0x5b,0x69,0x5f,0x31,0x5d,0x3b,0x0a,0x20,0x20,
    0x20,0x20,0x73,0x68,0x61,0x70,0x65,0x5f,0x32,0x2e,0x70,0x6f,0x73,0x69,0x74,0x69,
    0x6f,0x6e,0x20,0x3d,0x20,0x78,0x5f,0x34,0x36,0x33,0x2e,0x70,0x6f,0x73,0x69,0x74,
    0x69,0x6f,0x6e,0x3b,0x0a,0x20,0x20,0x20,0x20,0x73,0x68,0x61,0x70,0x65,0x5f,0x32,
    0x2e,0x61,0x6e,0x67,0x6c,0x65,0x20,0x3d,0x20,0x78,0x5f,0x34,0x36,0x33,0x2e,0x61,
    0x6e,0x67,0x6c,0x65,0x3b,0x0a,0x20,0x20,0x20,0x20,0x73,0x68,0x61,0x70,0x65,0x5f,
    0x32,0x2e,0x73,0x68,0x61,0x70,0x65,0x5f,0x74,0x79,0x70,0x65,0x20,0x3d,0x20,0x78,
    0x5f,0x34,0x36,0x33,0x2e,0x73,0x68,0x61,0x70,0x65,0x5f,0x74,0x79,0x70,0x65,0x3b,
    0x0a,0x20,0x20,0x20,0x20,0x73,0x68,0x61,0x70,0x65,0x5f,0x32,0x2e,0x73,0x69,0x7a,
    0x65,0x20,0x3d,0x20,0x78,0x5f,0x34,0x36,0x33,0x2e,0x73,0x69,0x7a,0x65,0x3b,0x0a,
    0x20,0x20,0x20,0x20,0x73,0x68,0x61,0x70,0x65,0x5f,0x32,0x2e,0x78,0x5f,0x70,0x61,
    0x64,0x30,0x20,0x3d,0x20,0x78,0x5f,0x34,0x36,0x33,0x2e,0x78,0x5f,0x70,0x61,0x64,
    0x30,0x3b,0x0a,0x20,0x20,0x20,0x20,0x73,0x68,0x61,0x70,0x65,0x5f,0x32,0x2e,0x78,
    0x5f,0x70,0x61,0x64,0x31,0x20,0x3d,0x20,0x78,0x5f,0x34,0x36,0x33,0x2e,0x78,0x5f,
    0x70,0x61,0x64,0x31,0x3b,0x0a,0x20,0x20,0x20,0x20,0x70,0x61,0x72,0x61,0x6d,0x5f,
    0x31,0x39,0x20,0x3d,0x20,0x2a,0x28,0x70,0x5f,0x38,0x29,0x3b,0x0a,0x20,0x20,0x20,
    0x20,0x70,0x61,0x72,0x61,0x6d,0x5f,0x32,0x30,0x20,0x3d,0x20,0x73,0x68,0x61,0x70,
    0x65,0x5f,0x32,0x3b,0x0a,0x20,0x20,0x20,0x20,0x6c,0x65,0x74,0x20,0x78,0x5f,0x34,
    0x38,0x31,0x20,0x3d,0x20,0x73,0x64,0x66,0x5f,0x67,0x65,0x74,0x5f,0x73,0x68,0x61,
    0x70,0x65,0x5f,0x64,0x69,0x73,0x74,0x5f,0x76,0x66,0x32,0x5f,0x73,0x74,0x72,0x75,
    0x63,0x74,0x5f,0x73,0x64,0x66,0x5f,0x73,0x68,0x61,0x70,0x65,0x5f,0x76,0x66,0x32,
    0x5f,0x66,0x31,0x5f,0x69,0x31,0x5f,0x76,0x66,0x32,0x5f,0x69,0x31,0x5f,0x69,0x31,
    0x31,0x5f,0x28,0x26,0x28,0x70,0x61,0x72,0x61,0x6d,0x5f,0x31,0x39,0x29,0x2c,0x20,
    0x26,0x28,0x70,0x61,0x72,0x61,0x6d,0x5f,0x32,0x30,0x29,0x29,0x3b,0x0a,0x20,0x20,
    0x20,0x20,0x64,0x5f,0x73,0x68,0x61,0x70,0x65,0x5f,0x31,0x20,0x3d,0x20,0x78,0x5f,
    0x34,0x38,0x31,0x3b,0x0a,0x20,0x20,0x20,0x20,0x64,0x5f,0x64,0x65,0x63,0x6f,0x6d,
    0x70,0x6f,0x73,0x65,0x64,0x20,0x3d,0x20,0x6d,0x69,0x6e,0x28,0x64,0x5f,0x64,0x65,
    0x63,0x6f,0x6d,0x70,0x6f,0x73,0x65,0x64,0x2c,0x20,0x64,0x5f,0x73,0x68,0x61,0x70,
    0x65,0x5f,0x31,0x29,0x3b,0x0a,0x0a,0x20,0x20,0x20,0x20,0x63,0x6f,0x6e,0x74,0x69,
    0x6e,0x75,0x69,0x6e,0x67,0x20,0x7b,0x0a,0x20,0x20,0x20,0x20,0x20,0x20,0x69,0x5f,
    0x31,0x20,0x3d,0x20,0x28,0x69,0x5f,0x31,0x20,0x2b,0x20,0x31,0x69,0x29,0x3b,0x0a,
    0x20,0x20,0x20,0x20,0x7d,0x0a,0x20,0x20,0x7d,0x0a,0x20,0x20,0x6c,0x65,0x74,0x20,
    0x78,0x5f,0x34,0x38,0x37,0x20,0x3d,0x20,0x64,0x5f,0x33,0x3b,0x0a,0x20,0x20,0x6c,
    0x65,0x74,0x20,0x78,0x5f,0x34,0x38,0x38,0x20,0x3d,0x20,0x64,0x5f,0x64,0x65,0x63,
    0x6f,0x6d,0x70,0x6f,0x73,0x65,0x64,0x3b,0x0a,0x20,0x20,0x72,0x65,0x74,0x75,0x72,
    0x6e,0x20,0x6d,0x61,0x78,0x28,0x78,0x5f,0x34,0x38,0x37,0x2c,0x20,0x2d,0x28,0x78,
    0x5f,0x34,0x38,0x38,0x29,0x29,0x3b,0x0a,0x7d,0x0a,0x0a,0x66,0x6e,0x20,0x67,0x65,
    0x74,0x5f,0x73,0x68,0x61,0x64,0x6f,0x77,0x5f,0x66,0x31,0x5f,0x66,0x31,0x5f,0x66,
    0x31,0x5f,0x28,0x64,0x20,0x3a,0x20,0x70,0x74,0x72,0x3c,0x66,0x75,0x6e,0x63,0x74,
    0x69,0x6f,0x6e,0x2c,0x20,0x66,0x33,0x32,0x3e,0x2c,0x20,0x73,0x68,0x61,0x64,0x6f,
    0x77,0x5f,0x6d,0x61,0x78,0x20,0x3a,0x20,0x70,0x74,0x72,0x3c,0x66,0x75,0x6e,0x63,
    0x74,0x69,0x6f,0x6e,0x2c,0x20,0x66,0x33,0x32,0x3e,0x2c,0x20,0x73,0x68,0x61,0x64,
    0x6f,0x77,0x5f,0x6f,0x70,0x61,0x63,0x69,0x74,0x79,0x20,0x3a,0x20,0x70,0x74,0x72,
    0x3c,0x66,0x75,0x6e,0x63,0x74,0x69,0x6f,0x6e,0x2c,0x20,0x66,0x33,0x32,0x3e,0x29,
    0x20,0x2d,0x3e,0x20,0x66,0x33,0x32,0x20,0x7b,0x0a,0x20,0x20,0x76,0x61,0x72,0x20,
    0x73,0x68,0x61,0x64,0x6f,0x77,0x20,0x3a,0x20,0x66,0x33,0x32,0x3b,0x0a,0x20,0x20,
    0x73,0x68,0x61,0x64,0x6f,0x77,0x20,0x3d,0x20,0x28,0x28,0x28,0x63,0x6c,0x61,0x6d,
    0x70,0x28,0x61,0x62,0x73,0x28,0x2a,0x28,0x64,0x29,0x29,0x2c,0x20,0x30,0x2e,0x30,
    0x66,0x2c,0x20,0x2a,0x28,0x73,0x68,0x61,0x64,0x6f,0x77,0x5f,0x6d,0x61,0x78,0x29,
    0x29,0x20,0x2a,0x20,0x28,0x31,0x2e,0x30,0x66,0x20,0x2f,0x20,0x2a,0x28,0x73,0x68,
    0x61,0x64,0x6f,0x77,0x5f,0x6d,0x61,0x78,0x29,0x29,0x29,0x20,0x2a,0x20,0x2a,0x28,
    0x73,0x68,0x61,0x64,0x6f,0x77,0x5f,0x6f,0x70,0x61,0x63,0x69,0x74,0x79,0x29,0x29,
    0x20,0x2b,0x20,0x28,0x31,0x2e,0x30,0x66,0x20,0x2d,0x20,0x2a,0x28,0x73,0x68,0x61,
    0x64,0x6f,0x77,0x5f,0x6f,0x70,0x61,0x63,0x69,0x74,0x79,0x29,0x29,0x29,0x3b,0x0a,
    0x20,0x20,0x6c,0x65,0x74,0x20,0x78,0x5f,0x35,0x30,0x36,0x20,0x3d,0x20,0x73,0x68,
    0x61,0x64,0x6f,0x77,0x3b,0x0a,0x20,0x20,0x72,0x65,0x74,0x75,0x72,0x6e,0x20,0x78,
    0x5f,0x35,0x30,0x36,0x3b,0x0a,0x7d,0x0a,0x0a,0x66,0x6e,0x20,0x6d,0x61,0x69,0x6e,
    0x5f,0x31,0x28,0x29,0x20,0x7b,0x0a,0x20,0x20,0x76,0x61,0x72,0x20,0x64,0x5f,0x34,
    0x20,0x3a,0x20,0x66,0x33,0x32,0x3b,0x0a,0x20,0x20,0x76,0x61,0x72,0x20,0x70,0x61,
    0x72,0x61,0x6d,0x5f,0x32,0x31,0x20,0x3a,0x20,0x76,0x65,0x63,0x32,0x66,0x3b,0x0a,
    0x20,0x20,0x76,0x61,0x72,0x20,0x63,0x6f,0x6c,0x6f,0x72,0x20,0x3a,0x20,0x76,0x65,
    0x63,0x33,0x66,0x3b,0x0a,0x20,0x20,0x76,0x61,0x72,0x20,0x69,0x73,0x6f,0x20,0x3a,
    0x20,0x66,0x33,0x32,0x3b,0x0a,0x20,0x20,0x76,0x61,0x72,0x20,0x6c,0x69,0x6e,0x64,
    0x20,0x3a,0x20,0x66,0x33,0x32,0x3b,0x0a,0x20,0x20,0x76,0x61,0x72,0x20,0x77,0x61,
    0x76,0x65,0x20,0x3a,0x20,0x66,0x33,0x32,0x3b,0x0a,0x20,0x20,0x76,0x61,0x72,0x20,
    0x73,0x68,0x61,0x64,0x6f,0x77,0x5f,0x31,0x20,0x3a,0x20,0x66,0x33,0x32,0x3b,0x0a,
    0x20,0x20,0x76,0x61,0x72,0x20,0x70,0x61,0x72,0x61,0x6d,0x5f,0x32,0x32,0x20,0x3a,
    0x20,0x66,0x33,0x32,0x3b,0x0a,0x20,0x20,0x76,0x61,0x72,0x20,0x70,0x61,0x72,0x61,
    0x6d,0x5f,0x32,0x33,0x20,0x3a,0x20,0x66,0x33,0x32,0x3b,0x0a,0x20,0x20,0x76,0x61,
    0x72,0x20,0x70,0x61,0x72,0x61,0x6d,0x5f,0x32,0x34,0x20,0x3a,0x20,0x66,0x33,0x32,
    0x3b,0x0a,0x20,0x20,0x76,0x61,0x72,0x20,0x62,0x6c,0x65,0x6e,0x64,0x20,0x3a,0x20,
    0x66,0x33,0x32,0x3b,0x0a,0x20,0x20,0x76,0x61,0x72,0x20,0x70,0x61,0x72,0x61,0x6d,
    0x5f,0x32,0x35,0x20,0x3a,0x20,0x66,0x33,0x32,0x3b,0x0a,0x20,0x20,0x76,0x61,0x72,
    0x20,0x70,0x61,0x72,0x61,0x6d,0x5f,0x32,0x36,0x20,0x3a,0x20,0x66,0x33,0x32,0x3b,
    0x0a,0x20,0x20,0x76,0x61,0x72,0x20,0x70,0x61,0x72,0x61,0x6d,0x5f,0x32,0x37,0x20,
    0x3a,0x20,0x66,0x33,0x32,0x3b,0x0a,0x20,0x20,0x76,0x61,0x72,0x20,0x62,0x67,0x20,
    0x3a,0x20,0x76,0x65,0x63,0x33,0x66,0x3b,0x0a,0x20,0x20,0x76,0x61,0x72,0x20,0x78,
    0x5f,0x35,0x34,0x37,0x20,0x3a,0x20,0x62,0x6f,0x6f,0x6c,0x3b,0x0a,0x20,0x20,0x76,
    0x61,0x72,0x20,0x78,0x5f,0x35,0x34,0x38,0x20,0x3a,0x20,0x62,0x6f,0x6f,0x6c,0x3b,
    0x0a,0x20,0x20,0x70,0x61,0x72,0x61,0x6d,0x5f,0x32,0x31,0x20,0x3d,0x20,0x70,0x6f,
    0x73,0x3b,0x0a,0x20,0x20,0x6c,0x65,0x74,0x20,0x78,0x5f,0x35,0x31,0x34,0x20,0x3d,
    0x20,0x64,0x65,0x5f,0x73,0x63,0x65,0x6e,0x65,0x5f,0x76,0x66,0x32,0x5f,0x28,0x26,
    0x28,0x70,0x61,0x72,0x61,0x6d,0x5f,0x32,0x31,0x29,0x29,0x3b,0x0a,0x20,0x20,0x64,
    0x5f,0x34,0x20,0x3d,0x20,0x78,0x5f,0x35,0x31,0x34,0x3b,0x0a,0x20,0x20,0x63,0x6f,
    0x6c,0x6f,0x72,0x20,0x3d,0x20,0x76,0x65,0x63,0x33,0x66,0x28,0x31,0x2e,0x30,0x66,
    0x29,0x3b,0x0a,0x20,0x20,0x69,0x73,0x6f,0x20,0x3d,0x20,0x30,0x2e,0x30,0x30,0x31,
    0x30,0x30,0x30,0x30,0x30,0x30,0x30,0x34,0x37,0x34,0x39,0x37,0x34,0x35,0x31,0x33,
    0x31,0x66,0x3b,0x0a,0x20,0x20,0x6c,0x69,0x6e,0x64,0x20,0x3d,0x20,0x28,0x28,0x63,
    0x6c,0x61,0x6d,0x70,0x28,0x28,0x28,0x73,0x71,0x72,0x74,0x28,0x61,0x62,0x73,0x28,
    0x64,0x5f,0x34,0x29,0x29,0x20,0x2a,0x20,0x73,0x69,0x67,0x6e,0x28,0x64,0x5f,0x34,
    0x29,0x29,0x20,0x2b,0x20,0x28,0x73,0x69,0x6e,0x28,0x28,0x64,0x5f,0x34,0x20,0x2a,
    0x20,0x35,0x31,0x32,0x2e,0x30,0x66,0x29,0x29,0x20,0x2a,0x20,0x30,0x2e,0x31,0x30,
    0x30,0x30,0x30,0x30,0x30,0x30,0x31,0x34,0x39,0x30,0x31,0x31,0x36,0x31,0x31,0x39,
    0x33,0x38,0x66,0x29,0x29,0x2c,0x20,0x2d,0x31,0x2e,0x30,0x66,0x2c,0x20,0x31,0x2e,
    0x30,0x66,0x29,0x20,0x2b,0x20,0x31,0x2e,0x30,0x66,0x29,0x20,0x2f,0x20,0x32,0x2e,
    0x30,0x66,0x29,0x3b,0x0a,0x20,0x20,0x6c,0x65,0x74,0x20,0x78,0x5f,0x35,0x34,0x30,
    0x20,0x3d,0x20,0x28,0x64,0x5f,0x34,0x20,0x3e,0x20,0x69,0x73,0x6f,0x29,0x3b,0x0a,
    0x20,0x20,0x78,0x5f,0x35,0x34,0x38,0x20,0x3d,0x20,0x78,0x5f,0x35,0x34,0x30,0x3b,
    0x0a,0x20,0x20,0x69,0x66,0x20,0x28,0x21,0x28,0x78,0x5f,0x35,0x34,0x30,0x29,0x29,
    0x20,0x7b,0x0a,0x20,0x20,0x20,0x20,0x78,0x5f,0x35,0x34,0x37,0x20,0x3d,0x20,0x28,
    0x64,0x5f,0x34,0x20,0x3c,0x20,0x2d,0x28,0x69,0x73,0x6f,0x29,0x29,0x3b,0x0a,0x20,
    0x20,0x20,0x20,0x78,0x5f,0x35,0x34,0x38,0x20,0x3d,0x20,0x78,0x5f,0x35,0x34,0x37,
    0x3b,0x0a,0x20,0x20,0x7d,0x0a,0x20,0x20,0x69,0x66,0x20,0x28,0x78,0x5f,0x35,0x34,
    0x38,0x29,0x20,0x7b,0x0a,0x20,0x20,0x20,0x20,0x77,0x61,0x76,0x65,0x20,0x3d,0x20,
    0x28,0x31,0x2e,0x30,0x66,0x20,0x2d,0x20,0x28,0x28,0x28,0x73,0x69,0x6e,0x28,0x28,
    0x64,0x5f,0x34,0x20,0x2a,0x20,0x35,0x31,0x32,0x2e,0x30,0x66,0x29,0x29,0x20,0x2b,
    0x20,0x31,0x2e,0x30,0x66,0x29,0x20,0x2a,0x20,0x30,0x2e,0x35,0x66,0x29,0x20,0x2a,
    0x20,0x30,0x2e,0x32,0x30,0x30,0x30,0x30,0x30,0x30,0x30,0x32,0x39,0x38,0x30,0x32,
    0x33,0x32,0x32,0x33,0x38,0x37,0x37,0x66,0x29,0x29,0x3b,0x0a,0x20,0x20,0x20,0x20,
    0x70,0x61,0x72,0x61,0x6d,0x5f,0x32,0x32,0x20,0x3d,0x20,0x64,0x5f,0x34,0x3b,0x0a,
    0x20,0x20,0x20,0x20,0x70,0x61,0x72,0x61,0x6d,0x5f,0x32,0x33,0x20,0x3d,0x20,0x30,
    0x2e,0x30,0x35,0x30,0x30,0x30,0x30,0x30,0x30,0x30,0x37,0x34,0x35,0x30,0x35,0x38,
    0x30,0x35,0x39,0x36,0x39,0x66,0x3b,0x0a,0x20,0x20,0x20,0x20,0x70,0x61,0x72,0x61,
    0x6d,0x5f,0x32,0x34,0x20,0x3d,0x20,0x30,0x2e,0x35,0x66,0x3b,0x0a,0x20,0x20,0x20,
    0x20,0x6c,0x65,0x74,0x20,0x78,0x5f,0x35,0x36,0x36,0x20,0x3d,0x20,0x67,0x65,0x74,
    0x5f,0x73,0x68,0x61,0x64,0x6f,0x77,0x5f,0x66,0x31,0x5f,0x66,0x31,0x5f,0x66,0x31,
    0x5f,0x28,0x26,0x28,0x70,0x61,0x72,0x61,0x6d,0x5f,0x32,0x32,0x29,0x2c,0x20,0x26,
    0x28,0x70,0x61,0x72,0x61,0x6d,0x5f,0x32,0x33,0x29,0x2c,0x20,0x26,0x28,0x70,0x61,
    0x72,0x61,0x6d,0x5f,0x32,0x34,0x29,0x29,0x3b,0x0a,0x20,0x20,0x20,0x20,0x73,0x68,
    0x61,0x64,0x6f,0x77,0x5f,0x31,0x20,0x3d,0x20,0x78,0x5f,0x35,0x36,0x36,0x3b,0x0a,
    0x20,0x20,0x20,0x20,0x69,0x66,0x20,0x28,0x28,0x64,0x5f,0x34,0x20,0x3e,0x20,0x69,
    0x73,0x6f,0x29,0x29,0x20,0x7b,0x0a,0x20,0x20,0x20,0x20,0x20,0x20,0x70,0x61,0x72,
    0x61,0x6d,0x5f,0x32,0x35,0x20,0x3d,0x20,0x64,0x5f,0x34,0x3b,0x0a,0x20,0x20,0x20,
    0x20,0x20,0x20,0x70,0x61,0x72,0x61,0x6d,0x5f,0x32,0x36,0x20,0x3d,0x20,0x30,0x2e,
    0x32,0x35,0x66,0x3b,0x0a,0x20,0x20,0x20,0x20,0x20,0x20,0x70,0x61,0x72,0x61,0x6d,
    0x5f,0x32,0x37,0x20,0x3d,0x20,0x31,0x2e,0x30,0x66,0x3b,0x0a,0x20,0x20,0x20,0x20,
    0x20,0x20,0x6c,0x65,0x74,0x20,0x78,0x5f,0x35,0x37,0x38,0x20,0x3d,0x20,0x67,0x65,
    0x74,0x5f,0x73,0x68,0x61,0x64,0x6f,0x77,0x5f,0x66,0x31,0x5f,0x66,0x31,0x5f,0x66,
    0x31,0x5f,0x28,0x26,0x28,0x70,0x61,0x72,0x61,0x6d,0x5f,0x32,0x35,0x29,0x2c,0x20,
    0x26,0x28,0x70,0x61,0x72,0x61,0x6d,0x5f,0x32,0x36,0x29,0x2c,0x20,0x26,0x28,0x70,
    0x61,0x72,0x61,0x6d,0x5f,0x32,0x37,0x29,0x29,0x3b,0x0a,0x20,0x20,0x20,0x20,0x20,
    0x20,0x62,0x6c,0x65,0x6e,0x64,0x20,0x3d,0x20,0x78,0x5f,0x35,0x37,0x38,0x3b,0x0a,
    0x20,0x20,0x20,0x20,0x20,0x20,0x62,0x67,0x20,0x3d,0x20,0x76,0x65,0x63,0x33,0x66,
    0x28,0x30,0x2e,0x39,0x37,0x32,0x30,0x30,0x30,0x30,0x30,0x32,0x38,0x36,0x31,0x30,
    0x32,0x32,0x39,0x34,0x39,0x32,0x32,0x66,0x2c,0x20,0x30,0x2e,0x39,0x37,0x36,0x30,
    0x30,0x30,0x30,0x31,0x30,0x39,0x36,0x37,0x32,0x35,0x34,0x36,0x33,0x38,0x36,0x37,
    0x66,0x2c,0x20,0x30,0x2e,0x39,0x38,0x37,0x39,0x39,0x39,0x39,0x37,0x35,0x36,0x38,
    0x31,0x33,0x30,0x34,0x39,0x33,0x31,0x36,0x34,0x66,0x29,0x3b,0x0a,0x20,0x20,0x20,
    0x20,0x20,0x20,0x63,0x6f,0x6c,0x6f,0x72,0x20,0x3d,0x20,0x28,0x28,0x28,0x62,0x67,
    0x20,0x2a,0x20,0x77,0x61,0x76,0x65,0x29,0x20,0x2a,0x20,0x28,0x31,0x2e,0x30,0x66,
    0x20,0x2d,0x20,0x62,0x6c,0x65,0x6e,0x64,0x29,0x29,0x20,0x2b,0x20,0x28,0x62,0x67,
    0x20,0x2a,0x20,0x62,0x6c,0x65,0x6e,0x64,0x29,0x29,0x3b,0x0a,0x20,0x20,0x20,0x20,
    0x20,0x20,0x63,0x6f,0x6c,0x6f,0x72,0x20,0x3d,0x20,0x28,0x63,0x6f,0x6c,0x6f,0x72,
    0x20,0x2a,0x20,0x73,0x68,0x61,0x64,0x6f,0x77,0x5f,0x31,0x29,0x3b,0x0a,0x20,0x20,
    0x20,0x20,0x7d,0x0a,0x20,0x20,0x20,0x20,0x69,0x66,0x20,0x28,0x28,0x64,0x5f,0x34,
    0x20,0x3c,0x20,0x2d,0x28,0x69,0x73,0x6f,0x29,0x29,0x29,0x20,0x7b,0x0a,0x20,0x20,
    0x20,0x20,0x20,0x20,0x63,0x6f,0x6c,0x6f,0x72,0x20,0x3d,0x20,0x28,0x28,0x76,0x65,
    0x63,0x33,0x66,0x28,0x31,0x2e,0x30,0x66,0x2c,0x20,0x30,0x2e,0x34,0x39,0x30,0x30,
    0x30,0x30,0x30,0x30,0x39,0x35,0x33,0x36,0x37,0x34,0x33,0x31,0x36,0x34,0x30,0x36,
    0x66,0x2c,0x20,0x30,0x2e,0x35,0x38,0x39,0x39,0x39,0x39,0x39,0x37,0x33,0x37,0x37,
    0x33,0x39,0x35,0x36,0x32,0x39,0x38,0x38,0x33,0x66,0x29,0x20,0x2a,0x20,0x77,0x61,
    0x76,0x65,0x29,0x20,0x2a,0x20,0x73,0x68,0x61,0x64,0x6f,0x77,0x5f,0x31,0x29,0x3b,
    0x0a,0x20,0x20,0x20,0x20,0x7d,0x0a,0x20,0x20,0x7d,0x0a,0x20,0x20,0x66,0x72,0x61,
    0x67,0x5f,0x63,0x6f,0x6c,0x6f,0x72,0x20,0x3d,0x20,0x76,0x65,0x63,0x34,0x66,0x28,
    0x63,0x6f,0x6c,0x6f,0x72,0x2e,0x78,0x2c,0x20,0x63,0x6f,0x6c,0x6f,0x72,0x2e,0x79,
    0x2c,0x20,0x63,0x6f,0x6c,0x6f,0x72,0x2e,0x7a,0x2c,0x20,0x31,0x2e,0x30,0x66,0x29,
    0x3b,0x0a,0x20,0x20,0x72,0x65,0x74,0x75,0x72,0x6e,0x3b,0x0a,0x7d,0x0a,0x0a,0x73,
    0x74,0x72,0x75,0x63,0x74,0x20,0x6d,0x61,0x69,0x6e,0x5f,0x6f,0x75,0x74,0x20,0x7b,
    0x0a,0x20,0x20,0x40,0x6c,0x6f,0x63,0x61,0x74,0x69,0x6f,0x6e,0x28,0x30,0x29,0x0a,
    0x20,0x20,0x66,0x72,0x61,0x67,0x5f,0x63,0x6f,0x6c,0x6f,0x72,0x5f,0x31,0x20,0x3a,
    0x20,0x76,0x65,0x63,0x34,0x66,0x2c,0x0a,0x7d,0x0a,0x0a,0x40,0x66,0x72,0x61,0x67,
    0x6d,0x65,0x6e,0x74,0x0a,0x66,0x6e,0x20,0x6d,0x61,0x69,0x6e,0x28,0x40,0x6c,0x6f,
    0x63,0x61,0x74,0x69,0x6f,0x6e,0x28,0x30,0x29,0x20,0x70,0x6f,0x73,0x5f,0x70,0x61,
    0x72,0x61,0x6d,0x20,0x3a,0x20,0x76,0x65,0x63,0x32,0x66,0x29,0x20,0x2d,0x3e,0x20,
    0x6d,0x61,0x69,0x6e,0x5f,0x6f,0x75,0x74,0x20,0x7b,0x0a,0x20,0x20,0x70,0x6f,0x73,
    0x20,0x3d,0x20,0x70,0x6f,0x73,0x5f,0x70,0x61,0x72,0x61,0x6d,0x3b,0x0a,0x20,0x20,
    0x6d,0x61,0x69,0x6e,0x5f,0x31,0x28,0x29,0x3b,0x0a,0x20,0x20,0x72,0x65,0x74,0x75,
    0x72,0x6e,0x20,0x6d,0x61,0x69,0x6e,0x5f,0x6f,0x75,0x74,0x28,0x66,0x72,0x61,0x67,
    0x5f,0x63,0x6f,0x6c,0x6f,0x72,0x29,0x3b,0x0a,0x7d,0x0a,0x00,
};
static inline const sg_shader_desc* shader_shader_desc(sg_backend backend) {
    if (backend == SG_BACKEND_GLCORE) {
        static sg_shader_desc desc;
        static bool valid;
        if (!valid) {
            valid = true;
            desc.vertex_func.source = (const char*)vs_source_glsl430;
            desc.vertex_func.entry = "main";
            desc.fragment_func.source = (const char*)fs_source_glsl430;
            desc.fragment_func.entry = "main";
            desc.attrs[0].base_type = SG_SHADERATTRBASETYPE_FLOAT;
            desc.attrs[0].glsl_name = "position";
            desc.uniform_blocks[0].stage = SG_SHADERSTAGE_VERTEX;
            desc.uniform_blocks[0].layout = SG_UNIFORMLAYOUT_STD140;
            desc.uniform_blocks[0].size = 16;
            desc.uniform_blocks[0].glsl_uniforms[0].type = SG_UNIFORMTYPE_FLOAT4;
            desc.uniform_blocks[0].glsl_uniforms[0].array_count = 1;
            desc.uniform_blocks[0].glsl_uniforms[0].glsl_name = "vs_params";
            desc.uniform_blocks[1].stage = SG_SHADERSTAGE_FRAGMENT;
            desc.uniform_blocks[1].layout = SG_UNIFORMLAYOUT_STD140;
            desc.uniform_blocks[1].size = 32;
            desc.uniform_blocks[1].glsl_uniforms[0].type = SG_UNIFORMTYPE_INT;
            desc.uniform_blocks[1].glsl_uniforms[0].array_count = 0;
            desc.uniform_blocks[1].glsl_uniforms[0].glsl_name = "_88.original_sdf_count";
            desc.uniform_blocks[1].glsl_uniforms[1].type = SG_UNIFORMTYPE_INT;
            desc.uniform_blocks[1].glsl_uniforms[1].array_count = 0;
            desc.uniform_blocks[1].glsl_uniforms[1].glsl_name = "_88.decomposed_sdf_count";
            desc.uniform_blocks[1].glsl_uniforms[2].type = SG_UNIFORMTYPE_FLOAT2;
            desc.uniform_blocks[1].glsl_uniforms[2].array_count = 0;
            desc.uniform_blocks[1].glsl_uniforms[2].glsl_name = "_88.camera_position";
            desc.uniform_blocks[1].glsl_uniforms[3].type = SG_UNIFORMTYPE_FLOAT;
            desc.uniform_blocks[1].glsl_uniforms[3].array_count = 0;
            desc.uniform_blocks[1].glsl_uniforms[3].glsl_name = "_88.camera_zoom";
            desc.views[0].storage_buffer.stage = SG_SHADERSTAGE_FRAGMENT;
            desc.views[0].storage_buffer.readonly = true;
            desc.views[0].storage_buffer.glsl_binding_n = 0;
            desc.views[1].storage_buffer.stage = SG_SHADERSTAGE_FRAGMENT;
            desc.views[1].storage_buffer.readonly = true;
            desc.views[1].storage_buffer.glsl_binding_n = 1;
            desc.label = "shader_shader";
        }
        return &desc;
    }
    if (backend == SG_BACKEND_GLES3) {
        static sg_shader_desc desc;
        static bool valid;
        if (!valid) {
            valid = true;
            desc.vertex_func.source = (const char*)vs_source_glsl300es;
            desc.vertex_func.entry = "main";
            desc.fragment_func.source = (const char*)fs_source_glsl300es;
            desc.fragment_func.entry = "main";
            desc.attrs[0].base_type = SG_SHADERATTRBASETYPE_FLOAT;
            desc.attrs[0].glsl_name = "position";
            desc.uniform_blocks[0].stage = SG_SHADERSTAGE_VERTEX;
            desc.uniform_blocks[0].layout = SG_UNIFORMLAYOUT_STD140;
            desc.uniform_blocks[0].size = 16;
            desc.uniform_blocks[0].glsl_uniforms[0].type = SG_UNIFORMTYPE_FLOAT4;
            desc.uniform_blocks[0].glsl_uniforms[0].array_count = 1;
            desc.uniform_blocks[0].glsl_uniforms[0].glsl_name = "vs_params";
            desc.uniform_blocks[1].stage = SG_SHADERSTAGE_FRAGMENT;
            desc.uniform_blocks[1].layout = SG_UNIFORMLAYOUT_STD140;
            desc.uniform_blocks[1].size = 32;
            desc.uniform_blocks[1].glsl_uniforms[0].type = SG_UNIFORMTYPE_INT;
            desc.uniform_blocks[1].glsl_uniforms[0].array_count = 0;
            desc.uniform_blocks[1].glsl_uniforms[0].glsl_name = "_88.original_sdf_count";
            desc.uniform_blocks[1].glsl_uniforms[1].type = SG_UNIFORMTYPE_INT;
            desc.uniform_blocks[1].glsl_uniforms[1].array_count = 0;
            desc.uniform_blocks[1].glsl_uniforms[1].glsl_name = "_88.decomposed_sdf_count";
            desc.uniform_blocks[1].glsl_uniforms[2].type = SG_UNIFORMTYPE_FLOAT2;
            desc.uniform_blocks[1].glsl_uniforms[2].array_count = 0;
            desc.uniform_blocks[1].glsl_uniforms[2].glsl_name = "_88.camera_position";
            desc.uniform_blocks[1].glsl_uniforms[3].type = SG_UNIFORMTYPE_FLOAT;
            desc.uniform_blocks[1].glsl_uniforms[3].array_count = 0;
            desc.uniform_blocks[1].glsl_uniforms[3].glsl_name = "_88.camera_zoom";
            desc.views[0].storage_buffer.stage = SG_SHADERSTAGE_FRAGMENT;
            desc.views[0].storage_buffer.readonly = true;
            desc.views[0].storage_buffer.glsl_binding_n = 0;
            desc.views[1].storage_buffer.stage = SG_SHADERSTAGE_FRAGMENT;
            desc.views[1].storage_buffer.readonly = true;
            desc.views[1].storage_buffer.glsl_binding_n = 1;
            desc.label = "shader_shader";
        }
        return &desc;
    }
    if (backend == SG_BACKEND_D3D11) {
        static sg_shader_desc desc;
        static bool valid;
        if (!valid) {
            valid = true;
            desc.vertex_func.source = (const char*)vs_source_hlsl5;
            desc.vertex_func.d3d11_target = "vs_5_0";
            desc.vertex_func.entry = "main";
            desc.fragment_func.source = (const char*)fs_source_hlsl5;
            desc.fragment_func.d3d11_target = "ps_5_0";
            desc.fragment_func.entry = "main";
            desc.attrs[0].base_type = SG_SHADERATTRBASETYPE_FLOAT;
            desc.attrs[0].hlsl_sem_name = "TEXCOORD";
            desc.attrs[0].hlsl_sem_index = 0;
            desc.uniform_blocks[0].stage = SG_SHADERSTAGE_VERTEX;
            desc.uniform_blocks[0].layout = SG_UNIFORMLAYOUT_STD140;
            desc.uniform_blocks[0].size = 16;
            desc.uniform_blocks[0].hlsl_register_b_n = 0;
            desc.uniform_blocks[1].stage = SG_SHADERSTAGE_FRAGMENT;
            desc.uniform_blocks[1].layout = SG_UNIFORMLAYOUT_STD140;
            desc.uniform_blocks[1].size = 32;
            desc.uniform_blocks[1].hlsl_register_b_n = 1;
            desc.views[0].storage_buffer.stage = SG_SHADERSTAGE_FRAGMENT;
            desc.views[0].storage_buffer.readonly = true;
            desc.views[0].storage_buffer.hlsl_register_t_n = 0;
            desc.views[1].storage_buffer.stage = SG_SHADERSTAGE_FRAGMENT;
            desc.views[1].storage_buffer.readonly = true;
            desc.views[1].storage_buffer.hlsl_register_t_n = 1;
            desc.label = "shader_shader";
        }
        return &desc;
    }
    if (backend == SG_BACKEND_METAL_MACOS) {
        static sg_shader_desc desc;
        static bool valid;
        if (!valid) {
            valid = true;
            desc.vertex_func.source = (const char*)vs_source_metal_macos;
            desc.vertex_func.entry = "main0";
            desc.fragment_func.source = (const char*)fs_source_metal_macos;
            desc.fragment_func.entry = "main0";
            desc.attrs[0].base_type = SG_SHADERATTRBASETYPE_FLOAT;
            desc.uniform_blocks[0].stage = SG_SHADERSTAGE_VERTEX;
            desc.uniform_blocks[0].layout = SG_UNIFORMLAYOUT_STD140;
            desc.uniform_blocks[0].size = 16;
            desc.uniform_blocks[0].msl_buffer_n = 0;
            desc.uniform_blocks[1].stage = SG_SHADERSTAGE_FRAGMENT;
            desc.uniform_blocks[1].layout = SG_UNIFORMLAYOUT_STD140;
            desc.uniform_blocks[1].size = 32;
            desc.uniform_blocks[1].msl_buffer_n = 1;
            desc.views[0].storage_buffer.stage = SG_SHADERSTAGE_FRAGMENT;
            desc.views[0].storage_buffer.readonly = true;
            desc.views[0].storage_buffer.msl_buffer_n = 8;
            desc.views[1].storage_buffer.stage = SG_SHADERSTAGE_FRAGMENT;
            desc.views[1].storage_buffer.readonly = true;
            desc.views[1].storage_buffer.msl_buffer_n = 9;
            desc.label = "shader_shader";
        }
        return &desc;
    }
    if (backend == SG_BACKEND_WGPU) {
        static sg_shader_desc desc;
        static bool valid;
        if (!valid) {
            valid = true;
            desc.vertex_func.source = (const char*)vs_source_wgsl;
            desc.vertex_func.entry = "main";
            desc.fragment_func.source = (const char*)fs_source_wgsl;
            desc.fragment_func.entry = "main";
            desc.attrs[0].base_type = SG_SHADERATTRBASETYPE_FLOAT;
            desc.uniform_blocks[0].stage = SG_SHADERSTAGE_VERTEX;
            desc.uniform_blocks[0].layout = SG_UNIFORMLAYOUT_STD140;
            desc.uniform_blocks[0].size = 16;
            desc.uniform_blocks[0].wgsl_group0_binding_n = 0;
            desc.uniform_blocks[1].stage = SG_SHADERSTAGE_FRAGMENT;
            desc.uniform_blocks[1].layout = SG_UNIFORMLAYOUT_STD140;
            desc.uniform_blocks[1].size = 32;
            desc.uniform_blocks[1].wgsl_group0_binding_n = 1;
            desc.views[0].storage_buffer.stage = SG_SHADERSTAGE_FRAGMENT;
            desc.views[0].storage_buffer.readonly = true;
            desc.views[0].storage_buffer.wgsl_group1_binding_n = 0;
            desc.views[1].storage_buffer.stage = SG_SHADERSTAGE_FRAGMENT;
            desc.views[1].storage_buffer.readonly = true;
            desc.views[1].storage_buffer.wgsl_group1_binding_n = 1;
            desc.label = "shader_shader";
        }
        return &desc;
    }
    return 0;
}
